ISO-10303-21;
HEADER;
/* Generated by software containing ST-Developer
 * from STEP Tools, Inc. (www.steptools.com) 
 */

FILE_DESCRIPTION(
/* description */ (''),
/* implementation_level */ '2;1');

FILE_NAME(
/* name */ 'Drainer.step',
/* time_stamp */ '2026-09-23T11:35:29+05:30',
/* author */ (''),
/* organization */ (''),
/* preprocessor_version */ 'ST-DEVELOPER v20.2',
/* originating_system */ 'Autodesk Translation Framework v15.15.0.0',
/* authorisation */ '');

FILE_SCHEMA (('AUTOMOTIVE_DESIGN { 1 0 10303 214 3 1 1 }'));
ENDSEC;

DATA;
#10=MECHANICAL_DESIGN_GEOMETRIC_PRESENTATION_REPRESENTATION('',(#1022,#1023,
#1024,#1025,#1026,#1027,#1028,#1029,#1030,#1031,#1032,#1033,#1034,#1035,
#1036,#1037,#1038,#1039,#1040,#1041,#1042,#1043,#1044,#1045,#1046,#1047,
#1048,#1049,#1050,#1051,#1052,#1053,#1054,#1055,#1056),#7811);
#11=SHAPE_REPRESENTATION_RELATIONSHIP('SRR','None',#7818,#12);
#12=ADVANCED_BREP_SHAPE_REPRESENTATION('',(#13),#7810);
#13=MANIFOLD_SOLID_BREP('Body1',#4255);
#14=CYLINDRICAL_SURFACE('',#4323,18.);
#15=CYLINDRICAL_SURFACE('',#4352,0.32845416840149);
#16=CYLINDRICAL_SURFACE('',#4356,0.32845416840149);
#17=CYLINDRICAL_SURFACE('',#4360,0.519843829040767);
#18=CYLINDRICAL_SURFACE('',#4366,0.519843829040767);
#19=CYLINDRICAL_SURFACE('',#4371,0.400000005960465);
#20=CYLINDRICAL_SURFACE('',#4375,0.400000005960465);
#21=CYLINDRICAL_SURFACE('',#4379,0.579981809673814);
#22=CYLINDRICAL_SURFACE('',#4383,0.579981809673822);
#23=CYLINDRICAL_SURFACE('',#4389,0.400000005960465);
#24=CYLINDRICAL_SURFACE('',#4393,0.400000005960465);
#25=CYLINDRICAL_SURFACE('',#4396,0.760407083964124);
#26=CYLINDRICAL_SURFACE('',#4400,0.760407083964124);
#27=CYLINDRICAL_SURFACE('',#4404,0.537873896822921);
#28=CYLINDRICAL_SURFACE('',#4408,0.537873896822921);
#29=CYLINDRICAL_SURFACE('',#4412,0.566441318045191);
#30=CYLINDRICAL_SURFACE('',#4417,0.566441318045191);
#31=CYLINDRICAL_SURFACE('',#4421,0.894492574890551);
#32=CYLINDRICAL_SURFACE('',#4425,0.894492574890551);
#33=CYLINDRICAL_SURFACE('',#4431,0.670869431167908);
#34=CYLINDRICAL_SURFACE('',#4435,0.670869431167908);
#35=CYLINDRICAL_SURFACE('',#4439,0.549649141605855);
#36=CYLINDRICAL_SURFACE('',#4443,0.549649141605855);
#37=CYLINDRICAL_SURFACE('',#4447,0.400000005960465);
#38=CYLINDRICAL_SURFACE('',#4452,0.400000005960465);
#39=CYLINDRICAL_SURFACE('',#4456,0.440949376479625);
#40=CYLINDRICAL_SURFACE('',#4462,0.440949376479626);
#41=CYLINDRICAL_SURFACE('',#4468,0.388057005840633);
#42=CYLINDRICAL_SURFACE('',#4472,0.388057005840633);
#43=CYLINDRICAL_SURFACE('',#4476,0.339801789312271);
#44=CYLINDRICAL_SURFACE('',#4480,0.339801789312271);
#45=CYLINDRICAL_SURFACE('',#4484,0.26866364403275);
#46=CYLINDRICAL_SURFACE('',#4488,0.26866364403275);
#47=CYLINDRICAL_SURFACE('',#4492,0.510681979819104);
#48=CYLINDRICAL_SURFACE('',#4497,0.510681979819104);
#49=CYLINDRICAL_SURFACE('',#4501,0.449853598146684);
#50=CYLINDRICAL_SURFACE('',#4505,0.449853598146691);
#51=CYLINDRICAL_SURFACE('',#4511,0.849767946146024);
#52=CYLINDRICAL_SURFACE('',#4515,0.849767946146024);
#53=CYLINDRICAL_SURFACE('',#4519,0.715594059912441);
#54=CYLINDRICAL_SURFACE('',#4523,0.715594059912441);
#55=CYLINDRICAL_SURFACE('',#4527,0.800000011920929);
#56=CYLINDRICAL_SURFACE('',#4534,0.800000011920929);
#57=CYLINDRICAL_SURFACE('',#4538,0.516222152382138);
#58=CYLINDRICAL_SURFACE('',#4544,0.516222152382139);
#59=CYLINDRICAL_SURFACE('',#4548,0.400000005960465);
#60=CYLINDRICAL_SURFACE('',#4555,0.400000005960465);
#61=CYLINDRICAL_SURFACE('',#4559,0.670869431167908);
#62=CYLINDRICAL_SURFACE('',#4563,0.670869431167908);
#63=CYLINDRICAL_SURFACE('',#4567,0.447246287445275);
#64=CYLINDRICAL_SURFACE('',#4571,0.447246287445275);
#65=CYLINDRICAL_SURFACE('',#4575,0.455619657137659);
#66=CYLINDRICAL_SURFACE('',#4579,0.455619657137659);
#67=CYLINDRICAL_SURFACE('',#4583,0.511206324069816);
#68=CYLINDRICAL_SURFACE('',#4587,0.511206324069814);
#69=CYLINDRICAL_SURFACE('',#4591,0.400000005960465);
#70=CYLINDRICAL_SURFACE('',#4595,0.400000005960465);
#71=CYLINDRICAL_SURFACE('',#4599,0.282842716689304);
#72=CYLINDRICAL_SURFACE('',#4603,0.282842716689304);
#73=CYLINDRICAL_SURFACE('',#4617,40.);
#74=CYLINDRICAL_SURFACE('',#4618,40.);
#75=CYLINDRICAL_SURFACE('',#4619,40.);
#76=CYLINDRICAL_SURFACE('',#4620,40.);
#77=CYLINDRICAL_SURFACE('',#4621,40.);
#78=CYLINDRICAL_SURFACE('',#4623,1.62513898373007);
#79=CYLINDRICAL_SURFACE('',#4625,1.62513898373007);
#80=CYLINDRICAL_SURFACE('',#4627,1.62513898373007);
#81=CYLINDRICAL_SURFACE('',#4629,1.62513898373007);
#82=CYLINDRICAL_SURFACE('',#4631,1.62513898373007);
#83=CYLINDRICAL_SURFACE('',#4633,1.62513898373007);
#84=CYLINDRICAL_SURFACE('',#4635,1.62513898373007);
#85=CYLINDRICAL_SURFACE('',#4637,1.62513898373007);
#86=CYLINDRICAL_SURFACE('',#4639,1.62513898373007);
#87=CYLINDRICAL_SURFACE('',#4641,1.62513898373007);
#88=CYLINDRICAL_SURFACE('',#4643,1.62513898373007);
#89=CYLINDRICAL_SURFACE('',#4645,1.62513898373007);
#90=CYLINDRICAL_SURFACE('',#4648,1.62513898373007);
#91=CYLINDRICAL_SURFACE('',#4649,1.62513898373007);
#92=CYLINDRICAL_SURFACE('',#4650,1.62513898373007);
#93=CYLINDRICAL_SURFACE('',#4653,1.62513898373007);
#94=CYLINDRICAL_SURFACE('',#4654,40.);
#95=CYLINDRICAL_SURFACE('',#4657,20.);
#96=FACE_BOUND('',#1266,.T.);
#97=FACE_BOUND('',#1279,.T.);
#98=FACE_BOUND('',#1291,.T.);
#99=FACE_BOUND('',#1292,.T.);
#100=FACE_BOUND('',#1293,.T.);
#101=FACE_BOUND('',#1294,.T.);
#102=FACE_BOUND('',#1295,.T.);
#103=FACE_BOUND('',#1296,.T.);
#104=FACE_BOUND('',#1297,.T.);
#105=FACE_BOUND('',#1430,.T.);
#106=FACE_BOUND('',#1431,.T.);
#107=FACE_BOUND('',#1432,.T.);
#108=FACE_BOUND('',#1433,.T.);
#109=FACE_BOUND('',#1434,.T.);
#110=FACE_BOUND('',#1435,.T.);
#111=FACE_BOUND('',#1436,.T.);
#112=FACE_BOUND('',#1437,.T.);
#113=FACE_BOUND('',#1438,.T.);
#114=FACE_BOUND('',#1439,.T.);
#115=FACE_BOUND('',#1440,.T.);
#116=FACE_BOUND('',#1441,.T.);
#117=FACE_BOUND('',#1442,.T.);
#118=FACE_BOUND('',#1443,.T.);
#119=FACE_BOUND('',#1444,.T.);
#120=FACE_BOUND('',#1445,.T.);
#121=FACE_BOUND('',#1446,.T.);
#122=FACE_BOUND('',#1447,.T.);
#123=FACE_BOUND('',#1495,.T.);
#124=FACE_BOUND('',#1496,.T.);
#125=FACE_BOUND('',#1497,.T.);
#126=FACE_BOUND('',#1498,.T.);
#127=FACE_BOUND('',#1499,.T.);
#128=FACE_BOUND('',#1500,.T.);
#129=FACE_BOUND('',#1501,.T.);
#130=FACE_BOUND('',#1502,.T.);
#131=FACE_BOUND('',#1503,.T.);
#132=FACE_BOUND('',#1504,.T.);
#133=FACE_BOUND('',#1505,.T.);
#134=FACE_BOUND('',#1506,.T.);
#135=FACE_BOUND('',#1507,.T.);
#136=FACE_BOUND('',#1508,.T.);
#137=FACE_BOUND('',#1509,.T.);
#138=FACE_BOUND('',#1510,.T.);
#139=FACE_BOUND('',#1511,.T.);
#140=FACE_BOUND('',#1512,.T.);
#141=FACE_BOUND('',#1513,.T.);
#142=FACE_BOUND('',#1514,.T.);
#143=FACE_BOUND('',#1515,.T.);
#144=FACE_BOUND('',#1516,.T.);
#145=FACE_BOUND('',#1517,.T.);
#146=FACE_BOUND('',#1518,.T.);
#147=FACE_BOUND('',#1519,.T.);
#148=FACE_BOUND('',#1520,.T.);
#149=FACE_BOUND('',#1521,.T.);
#150=FACE_BOUND('',#1522,.T.);
#151=FACE_BOUND('',#1523,.T.);
#152=FACE_BOUND('',#1525,.T.);
#153=FACE_BOUND('',#1526,.T.);
#154=FACE_BOUND('',#1527,.T.);
#155=FACE_BOUND('',#1528,.T.);
#156=FACE_BOUND('',#1529,.T.);
#157=FACE_BOUND('',#1530,.T.);
#158=FACE_BOUND('',#1531,.T.);
#159=LINE('',#5844,#535);
#160=LINE('',#5846,#536);
#161=LINE('',#5848,#537);
#162=LINE('',#5860,#538);
#163=LINE('',#5863,#539);
#164=LINE('',#5865,#540);
#165=LINE('',#5867,#541);
#166=LINE('',#5871,#542);
#167=LINE('',#5873,#543);
#168=LINE('',#5875,#544);
#169=LINE('',#5879,#545);
#170=LINE('',#5881,#546);
#171=LINE('',#5883,#547);
#172=LINE('',#5887,#548);
#173=LINE('',#5889,#549);
#174=LINE('',#5891,#550);
#175=LINE('',#5895,#551);
#176=LINE('',#5897,#552);
#177=LINE('',#5899,#553);
#178=LINE('',#5903,#554);
#179=LINE('',#5904,#555);
#180=LINE('',#5933,#556);
#181=LINE('',#5935,#557);
#182=LINE('',#5947,#558);
#183=LINE('',#5974,#559);
#184=LINE('',#5976,#560);
#185=LINE('',#5988,#561);
#186=LINE('',#6015,#562);
#187=LINE('',#6017,#563);
#188=LINE('',#6029,#564);
#189=LINE('',#6056,#565);
#190=LINE('',#6058,#566);
#191=LINE('',#6070,#567);
#192=LINE('',#6097,#568);
#193=LINE('',#6110,#569);
#194=LINE('',#6111,#570);
#195=LINE('',#6129,#571);
#196=LINE('',#6131,#572);
#197=LINE('',#6133,#573);
#198=LINE('',#6136,#574);
#199=LINE('',#6138,#575);
#200=LINE('',#6141,#576);
#201=LINE('',#6143,#577);
#202=LINE('',#6146,#578);
#203=LINE('',#6148,#579);
#204=LINE('',#6151,#580);
#205=LINE('',#6153,#581);
#206=LINE('',#6155,#582);
#207=LINE('',#6172,#583);
#208=LINE('',#6173,#584);
#209=LINE('',#6188,#585);
#210=LINE('',#6189,#586);
#211=LINE('',#6204,#587);
#212=LINE('',#6205,#588);
#213=LINE('',#6220,#589);
#214=LINE('',#6221,#590);
#215=LINE('',#6297,#591);
#216=LINE('',#6310,#592);
#217=LINE('',#6322,#593);
#218=LINE('',#6335,#594);
#219=LINE('',#6348,#595);
#220=LINE('',#6369,#596);
#221=LINE('',#6390,#597);
#222=LINE('',#6411,#598);
#223=LINE('',#6432,#599);
#224=LINE('',#6453,#600);
#225=LINE('',#6474,#601);
#226=LINE('',#6495,#602);
#227=LINE('',#6516,#603);
#228=LINE('',#6537,#604);
#229=LINE('',#6558,#605);
#230=LINE('',#6579,#606);
#231=LINE('',#6600,#607);
#232=LINE('',#6621,#608);
#233=LINE('',#6643,#609);
#234=LINE('',#6645,#610);
#235=LINE('',#6647,#611);
#236=LINE('',#6648,#612);
#237=LINE('',#6654,#613);
#238=LINE('',#6657,#614);
#239=LINE('',#6659,#615);
#240=LINE('',#6660,#616);
#241=LINE('',#6667,#617);
#242=LINE('',#6669,#618);
#243=LINE('',#6670,#619);
#244=LINE('',#6671,#620);
#245=LINE('',#6673,#621);
#246=LINE('',#6674,#622);
#247=LINE('',#6681,#623);
#248=LINE('',#6685,#624);
#249=LINE('',#6686,#625);
#250=LINE('',#6688,#626);
#251=LINE('',#6689,#627);
#252=LINE('',#6697,#628);
#253=LINE('',#6699,#629);
#254=LINE('',#6701,#630);
#255=LINE('',#6702,#631);
#256=LINE('',#6708,#632);
#257=LINE('',#6711,#633);
#258=LINE('',#6713,#634);
#259=LINE('',#6714,#635);
#260=LINE('',#6721,#636);
#261=LINE('',#6723,#637);
#262=LINE('',#6725,#638);
#263=LINE('',#6726,#639);
#264=LINE('',#6732,#640);
#265=LINE('',#6735,#641);
#266=LINE('',#6737,#642);
#267=LINE('',#6738,#643);
#268=LINE('',#6744,#644);
#269=LINE('',#6747,#645);
#270=LINE('',#6751,#646);
#271=LINE('',#6752,#647);
#272=LINE('',#6754,#648);
#273=LINE('',#6755,#649);
#274=LINE('',#6761,#650);
#275=LINE('',#6764,#651);
#276=LINE('',#6765,#652);
#277=LINE('',#6766,#653);
#278=LINE('',#6772,#654);
#279=LINE('',#6774,#655);
#280=LINE('',#6776,#656);
#281=LINE('',#6777,#657);
#282=LINE('',#6783,#658);
#283=LINE('',#6786,#659);
#284=LINE('',#6788,#660);
#285=LINE('',#6789,#661);
#286=LINE('',#6796,#662);
#287=LINE('',#6798,#663);
#288=LINE('',#6800,#664);
#289=LINE('',#6801,#665);
#290=LINE('',#6807,#666);
#291=LINE('',#6810,#667);
#292=LINE('',#6812,#668);
#293=LINE('',#6813,#669);
#294=LINE('',#6820,#670);
#295=LINE('',#6822,#671);
#296=LINE('',#6823,#672);
#297=LINE('',#6825,#673);
#298=LINE('',#6826,#674);
#299=LINE('',#6832,#675);
#300=LINE('',#6834,#676);
#301=LINE('',#6837,#677);
#302=LINE('',#6839,#678);
#303=LINE('',#6840,#679);
#304=LINE('',#6847,#680);
#305=LINE('',#6849,#681);
#306=LINE('',#6851,#682);
#307=LINE('',#6852,#683);
#308=LINE('',#6858,#684);
#309=LINE('',#6861,#685);
#310=LINE('',#6863,#686);
#311=LINE('',#6864,#687);
#312=LINE('',#6871,#688);
#313=LINE('',#6875,#689);
#314=LINE('',#6877,#690);
#315=LINE('',#6879,#691);
#316=LINE('',#6880,#692);
#317=LINE('',#6886,#693);
#318=LINE('',#6889,#694);
#319=LINE('',#6890,#695);
#320=LINE('',#6891,#696);
#321=LINE('',#6898,#697);
#322=LINE('',#6900,#698);
#323=LINE('',#6902,#699);
#324=LINE('',#6903,#700);
#325=LINE('',#6909,#701);
#326=LINE('',#6912,#702);
#327=LINE('',#6914,#703);
#328=LINE('',#6915,#704);
#329=LINE('',#6922,#705);
#330=LINE('',#6924,#706);
#331=LINE('',#6925,#707);
#332=LINE('',#6927,#708);
#333=LINE('',#6928,#709);
#334=LINE('',#6934,#710);
#335=LINE('',#6936,#711);
#336=LINE('',#6939,#712);
#337=LINE('',#6941,#713);
#338=LINE('',#6942,#714);
#339=LINE('',#6949,#715);
#340=LINE('',#6951,#716);
#341=LINE('',#6952,#717);
#342=LINE('',#6953,#718);
#343=LINE('',#6955,#719);
#344=LINE('',#6956,#720);
#345=LINE('',#6963,#721);
#346=LINE('',#6967,#722);
#347=LINE('',#6969,#723);
#348=LINE('',#6970,#724);
#349=LINE('',#6979,#725);
#350=LINE('',#6981,#726);
#351=LINE('',#6983,#727);
#352=LINE('',#6984,#728);
#353=LINE('',#6990,#729);
#354=LINE('',#6993,#730);
#355=LINE('',#6995,#731);
#356=LINE('',#6996,#732);
#357=LINE('',#7003,#733);
#358=LINE('',#7005,#734);
#359=LINE('',#7007,#735);
#360=LINE('',#7008,#736);
#361=LINE('',#7014,#737);
#362=LINE('',#7017,#738);
#363=LINE('',#7019,#739);
#364=LINE('',#7020,#740);
#365=LINE('',#7027,#741);
#366=LINE('',#7029,#742);
#367=LINE('',#7031,#743);
#368=LINE('',#7032,#744);
#369=LINE('',#7038,#745);
#370=LINE('',#7041,#746);
#371=LINE('',#7043,#747);
#372=LINE('',#7044,#748);
#373=LINE('',#7051,#749);
#374=LINE('',#7053,#750);
#375=LINE('',#7054,#751);
#376=LINE('',#7056,#752);
#377=LINE('',#7057,#753);
#378=LINE('',#7063,#754);
#379=LINE('',#7065,#755);
#380=LINE('',#7068,#756);
#381=LINE('',#7070,#757);
#382=LINE('',#7071,#758);
#383=LINE('',#7078,#759);
#384=LINE('',#7080,#760);
#385=LINE('',#7082,#761);
#386=LINE('',#7083,#762);
#387=LINE('',#7089,#763);
#388=LINE('',#7092,#764);
#389=LINE('',#7094,#765);
#390=LINE('',#7095,#766);
#391=LINE('',#7101,#767);
#392=LINE('',#7106,#768);
#393=LINE('',#7107,#769);
#394=LINE('',#7109,#770);
#395=LINE('',#7110,#771);
#396=LINE('',#7116,#772);
#397=LINE('',#7119,#773);
#398=LINE('',#7121,#774);
#399=LINE('',#7122,#775);
#400=LINE('',#7129,#776);
#401=LINE('',#7131,#777);
#402=LINE('',#7133,#778);
#403=LINE('',#7134,#779);
#404=LINE('',#7140,#780);
#405=LINE('',#7143,#781);
#406=LINE('',#7145,#782);
#407=LINE('',#7146,#783);
#408=LINE('',#7153,#784);
#409=LINE('',#7155,#785);
#410=LINE('',#7157,#786);
#411=LINE('',#7158,#787);
#412=LINE('',#7166,#788);
#413=LINE('',#7170,#789);
#414=LINE('',#7172,#790);
#415=LINE('',#7173,#791);
#416=LINE('',#7180,#792);
#417=LINE('',#7182,#793);
#418=LINE('',#7184,#794);
#419=LINE('',#7185,#795);
#420=LINE('',#7192,#796);
#421=LINE('',#7194,#797);
#422=LINE('',#7197,#798);
#423=LINE('',#7199,#799);
#424=LINE('',#7200,#800);
#425=LINE('',#7207,#801);
#426=LINE('',#7209,#802);
#427=LINE('',#7211,#803);
#428=LINE('',#7212,#804);
#429=LINE('',#7219,#805);
#430=LINE('',#7223,#806);
#431=LINE('',#7226,#807);
#432=LINE('',#7227,#808);
#433=LINE('',#7234,#809);
#434=LINE('',#7236,#810);
#435=LINE('',#7238,#811);
#436=LINE('',#7239,#812);
#437=LINE('',#7245,#813);
#438=LINE('',#7248,#814);
#439=LINE('',#7250,#815);
#440=LINE('',#7251,#816);
#441=LINE('',#7258,#817);
#442=LINE('',#7260,#818);
#443=LINE('',#7262,#819);
#444=LINE('',#7263,#820);
#445=LINE('',#7269,#821);
#446=LINE('',#7272,#822);
#447=LINE('',#7274,#823);
#448=LINE('',#7275,#824);
#449=LINE('',#7282,#825);
#450=LINE('',#7284,#826);
#451=LINE('',#7286,#827);
#452=LINE('',#7287,#828);
#453=LINE('',#7293,#829);
#454=LINE('',#7296,#830);
#455=LINE('',#7298,#831);
#456=LINE('',#7299,#832);
#457=LINE('',#7306,#833);
#458=LINE('',#7308,#834);
#459=LINE('',#7310,#835);
#460=LINE('',#7311,#836);
#461=LINE('',#7317,#837);
#462=LINE('',#7320,#838);
#463=LINE('',#7322,#839);
#464=LINE('',#7323,#840);
#465=LINE('',#7330,#841);
#466=LINE('',#7332,#842);
#467=LINE('',#7334,#843);
#468=LINE('',#7335,#844);
#469=LINE('',#7341,#845);
#470=LINE('',#7344,#846);
#471=LINE('',#7346,#847);
#472=LINE('',#7347,#848);
#473=LINE('',#7354,#849);
#474=LINE('',#7356,#850);
#475=LINE('',#7358,#851);
#476=LINE('',#7359,#852);
#477=LINE('',#7365,#853);
#478=LINE('',#7368,#854);
#479=LINE('',#7370,#855);
#480=LINE('',#7371,#856);
#481=LINE('',#7379,#857);
#482=LINE('',#7380,#858);
#483=LINE('',#7382,#859);
#484=LINE('',#7384,#860);
#485=LINE('',#7397,#861);
#486=LINE('',#7399,#862);
#487=LINE('',#7400,#863);
#488=LINE('',#7421,#864);
#489=LINE('',#7424,#865);
#490=LINE('',#7425,#866);
#491=LINE('',#7447,#867);
#492=LINE('',#7449,#868);
#493=LINE('',#7450,#869);
#494=LINE('',#7471,#870);
#495=LINE('',#7474,#871);
#496=LINE('',#7475,#872);
#497=LINE('',#7497,#873);
#498=LINE('',#7499,#874);
#499=LINE('',#7500,#875);
#500=LINE('',#7521,#876);
#501=LINE('',#7524,#877);
#502=LINE('',#7525,#878);
#503=LINE('',#7548,#879);
#504=LINE('',#7549,#880);
#505=LINE('',#7550,#881);
#506=LINE('',#7571,#882);
#507=LINE('',#7574,#883);
#508=LINE('',#7575,#884);
#509=LINE('',#7597,#885);
#510=LINE('',#7599,#886);
#511=LINE('',#7600,#887);
#512=LINE('',#7621,#888);
#513=LINE('',#7624,#889);
#514=LINE('',#7625,#890);
#515=LINE('',#7647,#891);
#516=LINE('',#7649,#892);
#517=LINE('',#7650,#893);
#518=LINE('',#7671,#894);
#519=LINE('',#7674,#895);
#520=LINE('',#7675,#896);
#521=LINE('',#7697,#897);
#522=LINE('',#7699,#898);
#523=LINE('',#7700,#899);
#524=LINE('',#7703,#900);
#525=LINE('',#7705,#901);
#526=LINE('',#7706,#902);
#527=LINE('',#7730,#903);
#528=LINE('',#7733,#904);
#529=LINE('',#7775,#905);
#530=LINE('',#7777,#906);
#531=LINE('',#7780,#907);
#532=LINE('',#7781,#908);
#533=LINE('',#7806,#909);
#534=LINE('',#7807,#910);
#535=VECTOR('',#4668,4.);
#536=VECTOR('',#4669,4.);
#537=VECTOR('',#4670,4.);
#538=VECTOR('',#4671,4.);
#539=VECTOR('',#4674,4.);
#540=VECTOR('',#4675,4.);
#541=VECTOR('',#4676,4.);
#542=VECTOR('',#4679,4.);
#543=VECTOR('',#4680,4.);
#544=VECTOR('',#4681,4.);
#545=VECTOR('',#4684,4.);
#546=VECTOR('',#4685,4.);
#547=VECTOR('',#4686,4.);
#548=VECTOR('',#4689,4.);
#549=VECTOR('',#4690,4.);
#550=VECTOR('',#4691,4.);
#551=VECTOR('',#4694,4.);
#552=VECTOR('',#4695,4.);
#553=VECTOR('',#4696,4.);
#554=VECTOR('',#4699,4.);
#555=VECTOR('',#4700,4.);
#556=VECTOR('',#4709,4.);
#557=VECTOR('',#4710,4.);
#558=VECTOR('',#4711,4.);
#559=VECTOR('',#4718,4.);
#560=VECTOR('',#4719,4.);
#561=VECTOR('',#4720,4.);
#562=VECTOR('',#4727,4.);
#563=VECTOR('',#4728,4.);
#564=VECTOR('',#4729,4.);
#565=VECTOR('',#4736,4.);
#566=VECTOR('',#4737,4.);
#567=VECTOR('',#4738,4.);
#568=VECTOR('',#4745,4.);
#569=VECTOR('',#4746,4.);
#570=VECTOR('',#4747,4.);
#571=VECTOR('',#4756,4.);
#572=VECTOR('',#4757,4.);
#573=VECTOR('',#4758,4.);
#574=VECTOR('',#4761,4.);
#575=VECTOR('',#4762,4.);
#576=VECTOR('',#4765,4.);
#577=VECTOR('',#4766,4.);
#578=VECTOR('',#4769,4.);
#579=VECTOR('',#4770,4.);
#580=VECTOR('',#4773,4.);
#581=VECTOR('',#4774,4.);
#582=VECTOR('',#4777,4.);
#583=VECTOR('',#4786,4.);
#584=VECTOR('',#4787,4.);
#585=VECTOR('',#4794,4.);
#586=VECTOR('',#4795,4.);
#587=VECTOR('',#4802,4.);
#588=VECTOR('',#4803,4.);
#589=VECTOR('',#4810,4.);
#590=VECTOR('',#4811,4.);
#591=VECTOR('',#4880,20.);
#592=VECTOR('',#4881,4.);
#593=VECTOR('',#4882,20.);
#594=VECTOR('',#4883,4.);
#595=VECTOR('',#4884,4.);
#596=VECTOR('',#4885,4.);
#597=VECTOR('',#4886,4.);
#598=VECTOR('',#4887,4.);
#599=VECTOR('',#4888,4.);
#600=VECTOR('',#4889,4.);
#601=VECTOR('',#4890,4.);
#602=VECTOR('',#4891,4.);
#603=VECTOR('',#4892,4.);
#604=VECTOR('',#4893,4.);
#605=VECTOR('',#4894,4.);
#606=VECTOR('',#4895,4.);
#607=VECTOR('',#4896,4.);
#608=VECTOR('',#4897,4.);
#609=VECTOR('',#4900,4.);
#610=VECTOR('',#4901,4.);
#611=VECTOR('',#4902,4.);
#612=VECTOR('',#4903,4.);
#613=VECTOR('',#4910,4.);
#614=VECTOR('',#4913,4.);
#615=VECTOR('',#4914,4.);
#616=VECTOR('',#4915,4.);
#617=VECTOR('',#4924,4.);
#618=VECTOR('',#4925,4.);
#619=VECTOR('',#4926,4.);
#620=VECTOR('',#4927,4.);
#621=VECTOR('',#4928,4.);
#622=VECTOR('',#4929,4.);
#623=VECTOR('',#4938,4.);
#624=VECTOR('',#4943,4.);
#625=VECTOR('',#4944,4.);
#626=VECTOR('',#4945,4.);
#627=VECTOR('',#4946,4.);
#628=VECTOR('',#4957,4.);
#629=VECTOR('',#4958,4.);
#630=VECTOR('',#4959,4.);
#631=VECTOR('',#4960,4.);
#632=VECTOR('',#4967,4.);
#633=VECTOR('',#4970,4.);
#634=VECTOR('',#4971,4.);
#635=VECTOR('',#4972,4.);
#636=VECTOR('',#4981,4.);
#637=VECTOR('',#4982,4.);
#638=VECTOR('',#4983,4.);
#639=VECTOR('',#4984,4.);
#640=VECTOR('',#4991,4.);
#641=VECTOR('',#4994,4.);
#642=VECTOR('',#4995,4.);
#643=VECTOR('',#4996,4.);
#644=VECTOR('',#5005,4.);
#645=VECTOR('',#5008,4.);
#646=VECTOR('',#5011,4.);
#647=VECTOR('',#5012,4.);
#648=VECTOR('',#5013,4.);
#649=VECTOR('',#5014,4.);
#650=VECTOR('',#5021,4.);
#651=VECTOR('',#5024,4.);
#652=VECTOR('',#5025,4.);
#653=VECTOR('',#5026,4.);
#654=VECTOR('',#5033,4.);
#655=VECTOR('',#5034,4.);
#656=VECTOR('',#5035,4.);
#657=VECTOR('',#5036,4.);
#658=VECTOR('',#5043,4.);
#659=VECTOR('',#5046,4.);
#660=VECTOR('',#5047,4.);
#661=VECTOR('',#5048,4.);
#662=VECTOR('',#5057,4.);
#663=VECTOR('',#5058,4.);
#664=VECTOR('',#5059,4.);
#665=VECTOR('',#5060,4.);
#666=VECTOR('',#5067,4.);
#667=VECTOR('',#5070,4.);
#668=VECTOR('',#5071,4.);
#669=VECTOR('',#5072,4.);
#670=VECTOR('',#5081,4.);
#671=VECTOR('',#5082,4.);
#672=VECTOR('',#5083,4.);
#673=VECTOR('',#5084,4.);
#674=VECTOR('',#5085,4.);
#675=VECTOR('',#5092,4.);
#676=VECTOR('',#5095,4.);
#677=VECTOR('',#5098,4.);
#678=VECTOR('',#5099,4.);
#679=VECTOR('',#5100,4.);
#680=VECTOR('',#5109,4.);
#681=VECTOR('',#5110,4.);
#682=VECTOR('',#5111,4.);
#683=VECTOR('',#5112,4.);
#684=VECTOR('',#5119,4.);
#685=VECTOR('',#5122,4.);
#686=VECTOR('',#5123,4.);
#687=VECTOR('',#5124,4.);
#688=VECTOR('',#5135,4.);
#689=VECTOR('',#5138,4.);
#690=VECTOR('',#5139,4.);
#691=VECTOR('',#5140,4.);
#692=VECTOR('',#5141,4.);
#693=VECTOR('',#5148,4.);
#694=VECTOR('',#5151,4.);
#695=VECTOR('',#5152,4.);
#696=VECTOR('',#5153,4.);
#697=VECTOR('',#5162,4.);
#698=VECTOR('',#5163,4.);
#699=VECTOR('',#5164,4.);
#700=VECTOR('',#5165,4.);
#701=VECTOR('',#5172,4.);
#702=VECTOR('',#5175,4.);
#703=VECTOR('',#5176,4.);
#704=VECTOR('',#5177,4.);
#705=VECTOR('',#5186,4.);
#706=VECTOR('',#5187,4.);
#707=VECTOR('',#5188,4.);
#708=VECTOR('',#5189,4.);
#709=VECTOR('',#5190,4.);
#710=VECTOR('',#5197,4.);
#711=VECTOR('',#5200,4.);
#712=VECTOR('',#5203,4.);
#713=VECTOR('',#5204,4.);
#714=VECTOR('',#5205,4.);
#715=VECTOR('',#5214,4.);
#716=VECTOR('',#5215,4.);
#717=VECTOR('',#5216,4.);
#718=VECTOR('',#5217,4.);
#719=VECTOR('',#5218,4.);
#720=VECTOR('',#5219,4.);
#721=VECTOR('',#5228,4.);
#722=VECTOR('',#5233,4.);
#723=VECTOR('',#5234,4.);
#724=VECTOR('',#5235,4.);
#725=VECTOR('',#5248,4.);
#726=VECTOR('',#5249,4.);
#727=VECTOR('',#5250,4.);
#728=VECTOR('',#5251,4.);
#729=VECTOR('',#5258,4.);
#730=VECTOR('',#5261,4.);
#731=VECTOR('',#5262,4.);
#732=VECTOR('',#5263,4.);
#733=VECTOR('',#5272,4.);
#734=VECTOR('',#5273,4.);
#735=VECTOR('',#5274,4.);
#736=VECTOR('',#5275,4.);
#737=VECTOR('',#5282,4.);
#738=VECTOR('',#5285,4.);
#739=VECTOR('',#5286,4.);
#740=VECTOR('',#5287,4.);
#741=VECTOR('',#5296,4.);
#742=VECTOR('',#5297,4.);
#743=VECTOR('',#5298,4.);
#744=VECTOR('',#5299,4.);
#745=VECTOR('',#5306,4.);
#746=VECTOR('',#5309,4.);
#747=VECTOR('',#5310,4.);
#748=VECTOR('',#5311,4.);
#749=VECTOR('',#5320,4.);
#750=VECTOR('',#5321,4.);
#751=VECTOR('',#5322,4.);
#752=VECTOR('',#5323,4.);
#753=VECTOR('',#5324,4.);
#754=VECTOR('',#5331,4.);
#755=VECTOR('',#5334,4.);
#756=VECTOR('',#5337,4.);
#757=VECTOR('',#5338,4.);
#758=VECTOR('',#5339,4.);
#759=VECTOR('',#5348,4.);
#760=VECTOR('',#5349,4.);
#761=VECTOR('',#5350,4.);
#762=VECTOR('',#5351,4.);
#763=VECTOR('',#5358,4.);
#764=VECTOR('',#5361,4.);
#765=VECTOR('',#5362,4.);
#766=VECTOR('',#5363,4.);
#767=VECTOR('',#5372,4.);
#768=VECTOR('',#5377,4.);
#769=VECTOR('',#5378,4.);
#770=VECTOR('',#5379,4.);
#771=VECTOR('',#5380,4.);
#772=VECTOR('',#5387,4.);
#773=VECTOR('',#5390,4.);
#774=VECTOR('',#5391,4.);
#775=VECTOR('',#5392,4.);
#776=VECTOR('',#5401,4.);
#777=VECTOR('',#5402,4.);
#778=VECTOR('',#5403,4.);
#779=VECTOR('',#5404,4.);
#780=VECTOR('',#5411,4.);
#781=VECTOR('',#5414,4.);
#782=VECTOR('',#5415,4.);
#783=VECTOR('',#5416,4.);
#784=VECTOR('',#5425,4.);
#785=VECTOR('',#5426,4.);
#786=VECTOR('',#5427,4.);
#787=VECTOR('',#5428,4.);
#788=VECTOR('',#5439,4.);
#789=VECTOR('',#5444,4.);
#790=VECTOR('',#5445,4.);
#791=VECTOR('',#5446,4.);
#792=VECTOR('',#5455,4.);
#793=VECTOR('',#5456,4.);
#794=VECTOR('',#5457,4.);
#795=VECTOR('',#5458,4.);
#796=VECTOR('',#5467,4.);
#797=VECTOR('',#5470,4.);
#798=VECTOR('',#5473,4.);
#799=VECTOR('',#5474,4.);
#800=VECTOR('',#5475,4.);
#801=VECTOR('',#5484,4.);
#802=VECTOR('',#5485,4.);
#803=VECTOR('',#5486,4.);
#804=VECTOR('',#5487,4.);
#805=VECTOR('',#5496,4.);
#806=VECTOR('',#5501,4.);
#807=VECTOR('',#5504,4.);
#808=VECTOR('',#5505,4.);
#809=VECTOR('',#5514,4.);
#810=VECTOR('',#5515,4.);
#811=VECTOR('',#5516,4.);
#812=VECTOR('',#5517,4.);
#813=VECTOR('',#5524,4.);
#814=VECTOR('',#5527,4.);
#815=VECTOR('',#5528,4.);
#816=VECTOR('',#5529,4.);
#817=VECTOR('',#5538,4.);
#818=VECTOR('',#5539,4.);
#819=VECTOR('',#5540,4.);
#820=VECTOR('',#5541,4.);
#821=VECTOR('',#5548,4.);
#822=VECTOR('',#5551,4.);
#823=VECTOR('',#5552,4.);
#824=VECTOR('',#5553,4.);
#825=VECTOR('',#5562,4.);
#826=VECTOR('',#5563,4.);
#827=VECTOR('',#5564,4.);
#828=VECTOR('',#5565,4.);
#829=VECTOR('',#5572,4.);
#830=VECTOR('',#5575,4.);
#831=VECTOR('',#5576,4.);
#832=VECTOR('',#5577,4.);
#833=VECTOR('',#5586,4.);
#834=VECTOR('',#5587,4.);
#835=VECTOR('',#5588,4.);
#836=VECTOR('',#5589,4.);
#837=VECTOR('',#5596,4.);
#838=VECTOR('',#5599,4.);
#839=VECTOR('',#5600,4.);
#840=VECTOR('',#5601,4.);
#841=VECTOR('',#5610,4.);
#842=VECTOR('',#5611,4.);
#843=VECTOR('',#5612,4.);
#844=VECTOR('',#5613,4.);
#845=VECTOR('',#5620,4.);
#846=VECTOR('',#5623,4.);
#847=VECTOR('',#5624,4.);
#848=VECTOR('',#5625,4.);
#849=VECTOR('',#5634,4.);
#850=VECTOR('',#5635,4.);
#851=VECTOR('',#5636,4.);
#852=VECTOR('',#5637,4.);
#853=VECTOR('',#5644,4.);
#854=VECTOR('',#5647,4.);
#855=VECTOR('',#5648,4.);
#856=VECTOR('',#5649,4.);
#857=VECTOR('',#5664,4.);
#858=VECTOR('',#5665,4.);
#859=VECTOR('',#5668,4.);
#860=VECTOR('',#5671,4.);
#861=VECTOR('',#5694,4.);
#862=VECTOR('',#5695,4.);
#863=VECTOR('',#5696,4.);
#864=VECTOR('',#5699,4.);
#865=VECTOR('',#5702,4.);
#866=VECTOR('',#5703,4.);
#867=VECTOR('',#5708,4.);
#868=VECTOR('',#5709,4.);
#869=VECTOR('',#5710,4.);
#870=VECTOR('',#5713,4.);
#871=VECTOR('',#5716,4.);
#872=VECTOR('',#5717,4.);
#873=VECTOR('',#5722,4.);
#874=VECTOR('',#5723,4.);
#875=VECTOR('',#5724,4.);
#876=VECTOR('',#5727,4.);
#877=VECTOR('',#5730,4.);
#878=VECTOR('',#5731,4.);
#879=VECTOR('',#5736,4.);
#880=VECTOR('',#5737,4.);
#881=VECTOR('',#5738,4.);
#882=VECTOR('',#5741,4.);
#883=VECTOR('',#5744,4.);
#884=VECTOR('',#5745,4.);
#885=VECTOR('',#5750,4.);
#886=VECTOR('',#5751,4.);
#887=VECTOR('',#5752,4.);
#888=VECTOR('',#5755,4.);
#889=VECTOR('',#5758,4.);
#890=VECTOR('',#5759,4.);
#891=VECTOR('',#5764,4.);
#892=VECTOR('',#5765,4.);
#893=VECTOR('',#5766,4.);
#894=VECTOR('',#5769,4.);
#895=VECTOR('',#5772,4.);
#896=VECTOR('',#5773,4.);
#897=VECTOR('',#5778,4.);
#898=VECTOR('',#5779,4.);
#899=VECTOR('',#5780,4.);
#900=VECTOR('',#5783,4.);
#901=VECTOR('',#5784,4.);
#902=VECTOR('',#5785,4.);
#903=VECTOR('',#5788,4.);
#904=VECTOR('',#5791,4.);
#905=VECTOR('',#5794,4.);
#906=VECTOR('',#5797,4.);
#907=VECTOR('',#5800,4.);
#908=VECTOR('',#5801,4.);
#909=VECTOR('',#5812,20.);
#910=VECTOR('',#5813,20.);
#911=PLANE('',#4272);
#912=PLANE('',#4273);
#913=PLANE('',#4282);
#914=PLANE('',#4285);
#915=PLANE('',#4288);
#916=PLANE('',#4291);
#917=PLANE('',#4294);
#918=PLANE('',#4298);
#919=PLANE('',#4307);
#920=PLANE('',#4310);
#921=PLANE('',#4313);
#922=PLANE('',#4316);
#923=PLANE('',#4351);
#924=PLANE('',#4355);
#925=PLANE('',#4359);
#926=PLANE('',#4364);
#927=PLANE('',#4365);
#928=PLANE('',#4369);
#929=PLANE('',#4370);
#930=PLANE('',#4374);
#931=PLANE('',#4378);
#932=PLANE('',#4382);
#933=PLANE('',#4386);
#934=PLANE('',#4388);
#935=PLANE('',#4392);
#936=PLANE('',#4395);
#937=PLANE('',#4399);
#938=PLANE('',#4403);
#939=PLANE('',#4407);
#940=PLANE('',#4411);
#941=PLANE('',#4415);
#942=PLANE('',#4416);
#943=PLANE('',#4420);
#944=PLANE('',#4424);
#945=PLANE('',#4428);
#946=PLANE('',#4430);
#947=PLANE('',#4434);
#948=PLANE('',#4438);
#949=PLANE('',#4442);
#950=PLANE('',#4446);
#951=PLANE('',#4450);
#952=PLANE('',#4451);
#953=PLANE('',#4455);
#954=PLANE('',#4460);
#955=PLANE('',#4461);
#956=PLANE('',#4466);
#957=PLANE('',#4467);
#958=PLANE('',#4471);
#959=PLANE('',#4475);
#960=PLANE('',#4479);
#961=PLANE('',#4483);
#962=PLANE('',#4487);
#963=PLANE('',#4491);
#964=PLANE('',#4495);
#965=PLANE('',#4496);
#966=PLANE('',#4500);
#967=PLANE('',#4504);
#968=PLANE('',#4508);
#969=PLANE('',#4510);
#970=PLANE('',#4514);
#971=PLANE('',#4518);
#972=PLANE('',#4522);
#973=PLANE('',#4526);
#974=PLANE('',#4532);
#975=PLANE('',#4533);
#976=PLANE('',#4537);
#977=PLANE('',#4542);
#978=PLANE('',#4543);
#979=PLANE('',#4547);
#980=PLANE('',#4552);
#981=PLANE('',#4554);
#982=PLANE('',#4558);
#983=PLANE('',#4562);
#984=PLANE('',#4566);
#985=PLANE('',#4570);
#986=PLANE('',#4574);
#987=PLANE('',#4578);
#988=PLANE('',#4582);
#989=PLANE('',#4586);
#990=PLANE('',#4590);
#991=PLANE('',#4594);
#992=PLANE('',#4598);
#993=PLANE('',#4602);
#994=PLANE('',#4606);
#995=PLANE('',#4607);
#996=PLANE('',#4608);
#997=PLANE('',#4609);
#998=PLANE('',#4610);
#999=PLANE('',#4611);
#1000=PLANE('',#4612);
#1001=PLANE('',#4613);
#1002=PLANE('',#4614);
#1003=PLANE('',#4615);
#1004=PLANE('',#4616);
#1005=PLANE('',#4622);
#1006=PLANE('',#4624);
#1007=PLANE('',#4626);
#1008=PLANE('',#4628);
#1009=PLANE('',#4630);
#1010=PLANE('',#4632);
#1011=PLANE('',#4634);
#1012=PLANE('',#4636);
#1013=PLANE('',#4638);
#1014=PLANE('',#4640);
#1015=PLANE('',#4642);
#1016=PLANE('',#4644);
#1017=PLANE('',#4646);
#1018=PLANE('',#4647);
#1019=PLANE('',#4651);
#1020=PLANE('',#4652);
#1021=PLANE('',#4655);
#1022=STYLED_ITEM('',(#7829),#4050);
#1023=STYLED_ITEM('',(#7829),#4053);
#1024=STYLED_ITEM('',(#7829),#4055);
#1025=STYLED_ITEM('',(#7829),#4057);
#1026=STYLED_ITEM('',(#7829),#4058);
#1027=STYLED_ITEM('',(#7829),#4059);
#1028=STYLED_ITEM('',(#7829),#4060);
#1029=STYLED_ITEM('',(#7829),#4061);
#1030=STYLED_ITEM('',(#7829),#4062);
#1031=STYLED_ITEM('',(#7829),#4064);
#1032=STYLED_ITEM('',(#7829),#4065);
#1033=STYLED_ITEM('',(#7829),#4066);
#1034=STYLED_ITEM('',(#7829),#4067);
#1035=STYLED_ITEM('',(#7829),#4068);
#1036=STYLED_ITEM('',(#7829),#4069);
#1037=STYLED_ITEM('',(#7829),#4070);
#1038=STYLED_ITEM('',(#7829),#4071);
#1039=STYLED_ITEM('',(#7829),#4072);
#1040=STYLED_ITEM('',(#7829),#4073);
#1041=STYLED_ITEM('',(#7829),#4207);
#1042=STYLED_ITEM('',(#7829),#4208);
#1043=STYLED_ITEM('',(#7829),#4209);
#1044=STYLED_ITEM('',(#7829),#4210);
#1045=STYLED_ITEM('',(#7829),#4211);
#1046=STYLED_ITEM('',(#7829),#4212);
#1047=STYLED_ITEM('',(#7829),#4213);
#1048=STYLED_ITEM('',(#7829),#4214);
#1049=STYLED_ITEM('',(#7829),#4215);
#1050=STYLED_ITEM('',(#7829),#4216);
#1051=STYLED_ITEM('',(#7829),#4217);
#1052=STYLED_ITEM('',(#7829),#4218);
#1053=STYLED_ITEM('',(#7829),#4219);
#1054=STYLED_ITEM('',(#7829),#4252);
#1055=STYLED_ITEM('',(#7829),#4253);
#1056=STYLED_ITEM('',(#7828),#13);
#1057=FACE_OUTER_BOUND('',#1263,.T.);
#1058=FACE_OUTER_BOUND('',#1264,.T.);
#1059=FACE_OUTER_BOUND('',#1265,.T.);
#1060=FACE_OUTER_BOUND('',#1267,.T.);
#1061=FACE_OUTER_BOUND('',#1268,.T.);
#1062=FACE_OUTER_BOUND('',#1269,.T.);
#1063=FACE_OUTER_BOUND('',#1270,.T.);
#1064=FACE_OUTER_BOUND('',#1271,.T.);
#1065=FACE_OUTER_BOUND('',#1272,.T.);
#1066=FACE_OUTER_BOUND('',#1273,.T.);
#1067=FACE_OUTER_BOUND('',#1274,.T.);
#1068=FACE_OUTER_BOUND('',#1275,.T.);
#1069=FACE_OUTER_BOUND('',#1276,.T.);
#1070=FACE_OUTER_BOUND('',#1277,.T.);
#1071=FACE_OUTER_BOUND('',#1278,.T.);
#1072=FACE_OUTER_BOUND('',#1280,.T.);
#1073=FACE_OUTER_BOUND('',#1281,.T.);
#1074=FACE_OUTER_BOUND('',#1282,.T.);
#1075=FACE_OUTER_BOUND('',#1283,.T.);
#1076=FACE_OUTER_BOUND('',#1284,.T.);
#1077=FACE_OUTER_BOUND('',#1285,.T.);
#1078=FACE_OUTER_BOUND('',#1286,.T.);
#1079=FACE_OUTER_BOUND('',#1287,.T.);
#1080=FACE_OUTER_BOUND('',#1288,.T.);
#1081=FACE_OUTER_BOUND('',#1289,.T.);
#1082=FACE_OUTER_BOUND('',#1290,.T.);
#1083=FACE_OUTER_BOUND('',#1298,.T.);
#1084=FACE_OUTER_BOUND('',#1299,.T.);
#1085=FACE_OUTER_BOUND('',#1300,.T.);
#1086=FACE_OUTER_BOUND('',#1301,.T.);
#1087=FACE_OUTER_BOUND('',#1302,.T.);
#1088=FACE_OUTER_BOUND('',#1303,.T.);
#1089=FACE_OUTER_BOUND('',#1304,.T.);
#1090=FACE_OUTER_BOUND('',#1305,.T.);
#1091=FACE_OUTER_BOUND('',#1306,.T.);
#1092=FACE_OUTER_BOUND('',#1307,.T.);
#1093=FACE_OUTER_BOUND('',#1308,.T.);
#1094=FACE_OUTER_BOUND('',#1309,.T.);
#1095=FACE_OUTER_BOUND('',#1310,.T.);
#1096=FACE_OUTER_BOUND('',#1311,.T.);
#1097=FACE_OUTER_BOUND('',#1312,.T.);
#1098=FACE_OUTER_BOUND('',#1313,.T.);
#1099=FACE_OUTER_BOUND('',#1314,.T.);
#1100=FACE_OUTER_BOUND('',#1315,.T.);
#1101=FACE_OUTER_BOUND('',#1316,.T.);
#1102=FACE_OUTER_BOUND('',#1317,.T.);
#1103=FACE_OUTER_BOUND('',#1318,.T.);
#1104=FACE_OUTER_BOUND('',#1319,.T.);
#1105=FACE_OUTER_BOUND('',#1320,.T.);
#1106=FACE_OUTER_BOUND('',#1321,.T.);
#1107=FACE_OUTER_BOUND('',#1322,.T.);
#1108=FACE_OUTER_BOUND('',#1323,.T.);
#1109=FACE_OUTER_BOUND('',#1324,.T.);
#1110=FACE_OUTER_BOUND('',#1325,.T.);
#1111=FACE_OUTER_BOUND('',#1326,.T.);
#1112=FACE_OUTER_BOUND('',#1327,.T.);
#1113=FACE_OUTER_BOUND('',#1328,.T.);
#1114=FACE_OUTER_BOUND('',#1329,.T.);
#1115=FACE_OUTER_BOUND('',#1330,.T.);
#1116=FACE_OUTER_BOUND('',#1331,.T.);
#1117=FACE_OUTER_BOUND('',#1332,.T.);
#1118=FACE_OUTER_BOUND('',#1333,.T.);
#1119=FACE_OUTER_BOUND('',#1334,.T.);
#1120=FACE_OUTER_BOUND('',#1335,.T.);
#1121=FACE_OUTER_BOUND('',#1336,.T.);
#1122=FACE_OUTER_BOUND('',#1337,.T.);
#1123=FACE_OUTER_BOUND('',#1338,.T.);
#1124=FACE_OUTER_BOUND('',#1339,.T.);
#1125=FACE_OUTER_BOUND('',#1340,.T.);
#1126=FACE_OUTER_BOUND('',#1341,.T.);
#1127=FACE_OUTER_BOUND('',#1342,.T.);
#1128=FACE_OUTER_BOUND('',#1343,.T.);
#1129=FACE_OUTER_BOUND('',#1344,.T.);
#1130=FACE_OUTER_BOUND('',#1345,.T.);
#1131=FACE_OUTER_BOUND('',#1346,.T.);
#1132=FACE_OUTER_BOUND('',#1347,.T.);
#1133=FACE_OUTER_BOUND('',#1348,.T.);
#1134=FACE_OUTER_BOUND('',#1349,.T.);
#1135=FACE_OUTER_BOUND('',#1350,.T.);
#1136=FACE_OUTER_BOUND('',#1351,.T.);
#1137=FACE_OUTER_BOUND('',#1352,.T.);
#1138=FACE_OUTER_BOUND('',#1353,.T.);
#1139=FACE_OUTER_BOUND('',#1354,.T.);
#1140=FACE_OUTER_BOUND('',#1355,.T.);
#1141=FACE_OUTER_BOUND('',#1356,.T.);
#1142=FACE_OUTER_BOUND('',#1357,.T.);
#1143=FACE_OUTER_BOUND('',#1358,.T.);
#1144=FACE_OUTER_BOUND('',#1359,.T.);
#1145=FACE_OUTER_BOUND('',#1360,.T.);
#1146=FACE_OUTER_BOUND('',#1361,.T.);
#1147=FACE_OUTER_BOUND('',#1362,.T.);
#1148=FACE_OUTER_BOUND('',#1363,.T.);
#1149=FACE_OUTER_BOUND('',#1364,.T.);
#1150=FACE_OUTER_BOUND('',#1365,.T.);
#1151=FACE_OUTER_BOUND('',#1366,.T.);
#1152=FACE_OUTER_BOUND('',#1367,.T.);
#1153=FACE_OUTER_BOUND('',#1368,.T.);
#1154=FACE_OUTER_BOUND('',#1369,.T.);
#1155=FACE_OUTER_BOUND('',#1370,.T.);
#1156=FACE_OUTER_BOUND('',#1371,.T.);
#1157=FACE_OUTER_BOUND('',#1372,.T.);
#1158=FACE_OUTER_BOUND('',#1373,.T.);
#1159=FACE_OUTER_BOUND('',#1374,.T.);
#1160=FACE_OUTER_BOUND('',#1375,.T.);
#1161=FACE_OUTER_BOUND('',#1376,.T.);
#1162=FACE_OUTER_BOUND('',#1377,.T.);
#1163=FACE_OUTER_BOUND('',#1378,.T.);
#1164=FACE_OUTER_BOUND('',#1379,.T.);
#1165=FACE_OUTER_BOUND('',#1380,.T.);
#1166=FACE_OUTER_BOUND('',#1381,.T.);
#1167=FACE_OUTER_BOUND('',#1382,.T.);
#1168=FACE_OUTER_BOUND('',#1383,.T.);
#1169=FACE_OUTER_BOUND('',#1384,.T.);
#1170=FACE_OUTER_BOUND('',#1385,.T.);
#1171=FACE_OUTER_BOUND('',#1386,.T.);
#1172=FACE_OUTER_BOUND('',#1387,.T.);
#1173=FACE_OUTER_BOUND('',#1388,.T.);
#1174=FACE_OUTER_BOUND('',#1389,.T.);
#1175=FACE_OUTER_BOUND('',#1390,.T.);
#1176=FACE_OUTER_BOUND('',#1391,.T.);
#1177=FACE_OUTER_BOUND('',#1392,.T.);
#1178=FACE_OUTER_BOUND('',#1393,.T.);
#1179=FACE_OUTER_BOUND('',#1394,.T.);
#1180=FACE_OUTER_BOUND('',#1395,.T.);
#1181=FACE_OUTER_BOUND('',#1396,.T.);
#1182=FACE_OUTER_BOUND('',#1397,.T.);
#1183=FACE_OUTER_BOUND('',#1398,.T.);
#1184=FACE_OUTER_BOUND('',#1399,.T.);
#1185=FACE_OUTER_BOUND('',#1400,.T.);
#1186=FACE_OUTER_BOUND('',#1401,.T.);
#1187=FACE_OUTER_BOUND('',#1402,.T.);
#1188=FACE_OUTER_BOUND('',#1403,.T.);
#1189=FACE_OUTER_BOUND('',#1404,.T.);
#1190=FACE_OUTER_BOUND('',#1405,.T.);
#1191=FACE_OUTER_BOUND('',#1406,.T.);
#1192=FACE_OUTER_BOUND('',#1407,.T.);
#1193=FACE_OUTER_BOUND('',#1408,.T.);
#1194=FACE_OUTER_BOUND('',#1409,.T.);
#1195=FACE_OUTER_BOUND('',#1410,.T.);
#1196=FACE_OUTER_BOUND('',#1411,.T.);
#1197=FACE_OUTER_BOUND('',#1412,.T.);
#1198=FACE_OUTER_BOUND('',#1413,.T.);
#1199=FACE_OUTER_BOUND('',#1414,.T.);
#1200=FACE_OUTER_BOUND('',#1415,.T.);
#1201=FACE_OUTER_BOUND('',#1416,.T.);
#1202=FACE_OUTER_BOUND('',#1417,.T.);
#1203=FACE_OUTER_BOUND('',#1418,.T.);
#1204=FACE_OUTER_BOUND('',#1419,.T.);
#1205=FACE_OUTER_BOUND('',#1420,.T.);
#1206=FACE_OUTER_BOUND('',#1421,.T.);
#1207=FACE_OUTER_BOUND('',#1422,.T.);
#1208=FACE_OUTER_BOUND('',#1423,.T.);
#1209=FACE_OUTER_BOUND('',#1424,.T.);
#1210=FACE_OUTER_BOUND('',#1425,.T.);
#1211=FACE_OUTER_BOUND('',#1426,.T.);
#1212=FACE_OUTER_BOUND('',#1427,.T.);
#1213=FACE_OUTER_BOUND('',#1428,.T.);
#1214=FACE_OUTER_BOUND('',#1429,.T.);
#1215=FACE_OUTER_BOUND('',#1448,.T.);
#1216=FACE_OUTER_BOUND('',#1449,.T.);
#1217=FACE_OUTER_BOUND('',#1450,.T.);
#1218=FACE_OUTER_BOUND('',#1451,.T.);
#1219=FACE_OUTER_BOUND('',#1452,.T.);
#1220=FACE_OUTER_BOUND('',#1453,.T.);
#1221=FACE_OUTER_BOUND('',#1454,.T.);
#1222=FACE_OUTER_BOUND('',#1455,.T.);
#1223=FACE_OUTER_BOUND('',#1456,.T.);
#1224=FACE_OUTER_BOUND('',#1457,.T.);
#1225=FACE_OUTER_BOUND('',#1458,.T.);
#1226=FACE_OUTER_BOUND('',#1459,.T.);
#1227=FACE_OUTER_BOUND('',#1460,.T.);
#1228=FACE_OUTER_BOUND('',#1461,.T.);
#1229=FACE_OUTER_BOUND('',#1462,.T.);
#1230=FACE_OUTER_BOUND('',#1463,.T.);
#1231=FACE_OUTER_BOUND('',#1464,.T.);
#1232=FACE_OUTER_BOUND('',#1465,.T.);
#1233=FACE_OUTER_BOUND('',#1466,.T.);
#1234=FACE_OUTER_BOUND('',#1467,.T.);
#1235=FACE_OUTER_BOUND('',#1468,.T.);
#1236=FACE_OUTER_BOUND('',#1469,.T.);
#1237=FACE_OUTER_BOUND('',#1470,.T.);
#1238=FACE_OUTER_BOUND('',#1471,.T.);
#1239=FACE_OUTER_BOUND('',#1472,.T.);
#1240=FACE_OUTER_BOUND('',#1473,.T.);
#1241=FACE_OUTER_BOUND('',#1474,.T.);
#1242=FACE_OUTER_BOUND('',#1475,.T.);
#1243=FACE_OUTER_BOUND('',#1476,.T.);
#1244=FACE_OUTER_BOUND('',#1477,.T.);
#1245=FACE_OUTER_BOUND('',#1478,.T.);
#1246=FACE_OUTER_BOUND('',#1479,.T.);
#1247=FACE_OUTER_BOUND('',#1480,.T.);
#1248=FACE_OUTER_BOUND('',#1481,.T.);
#1249=FACE_OUTER_BOUND('',#1482,.T.);
#1250=FACE_OUTER_BOUND('',#1483,.T.);
#1251=FACE_OUTER_BOUND('',#1484,.T.);
#1252=FACE_OUTER_BOUND('',#1485,.T.);
#1253=FACE_OUTER_BOUND('',#1486,.T.);
#1254=FACE_OUTER_BOUND('',#1487,.T.);
#1255=FACE_OUTER_BOUND('',#1488,.T.);
#1256=FACE_OUTER_BOUND('',#1489,.T.);
#1257=FACE_OUTER_BOUND('',#1490,.T.);
#1258=FACE_OUTER_BOUND('',#1491,.T.);
#1259=FACE_OUTER_BOUND('',#1492,.T.);
#1260=FACE_OUTER_BOUND('',#1493,.T.);
#1261=FACE_OUTER_BOUND('',#1494,.T.);
#1262=FACE_OUTER_BOUND('',#1524,.T.);
#1263=EDGE_LOOP('',(#2798,#2799,#2800,#2801));
#1264=EDGE_LOOP('',(#2802,#2803,#2804,#2805,#2806,#2807));
#1265=EDGE_LOOP('',(#2808,#2809,#2810,#2811,#2812,#2813,#2814,#2815,#2816,
#2817,#2818,#2819,#2820,#2821,#2822,#2823,#2824,#2825,#2826,#2827,#2828,
#2829,#2830,#2831));
#1266=EDGE_LOOP('',(#2832));
#1267=EDGE_LOOP('',(#2833,#2834,#2835,#2836));
#1268=EDGE_LOOP('',(#2837,#2838,#2839,#2840,#2841,#2842));
#1269=EDGE_LOOP('',(#2843,#2844,#2845,#2846));
#1270=EDGE_LOOP('',(#2847,#2848,#2849,#2850,#2851,#2852));
#1271=EDGE_LOOP('',(#2853,#2854,#2855,#2856));
#1272=EDGE_LOOP('',(#2857,#2858,#2859,#2860,#2861,#2862));
#1273=EDGE_LOOP('',(#2863,#2864,#2865,#2866));
#1274=EDGE_LOOP('',(#2867,#2868,#2869,#2870,#2871,#2872));
#1275=EDGE_LOOP('',(#2873,#2874,#2875,#2876));
#1276=EDGE_LOOP('',(#2877,#2878,#2879,#2880,#2881,#2882));
#1277=EDGE_LOOP('',(#2883,#2884,#2885,#2886));
#1278=EDGE_LOOP('',(#2887,#2888,#2889,#2890,#2891,#2892,#2893,#2894,#2895,
#2896,#2897,#2898,#2899,#2900,#2901,#2902,#2903,#2904,#2905,#2906,#2907,
#2908,#2909,#2910));
#1279=EDGE_LOOP('',(#2911));
#1280=EDGE_LOOP('',(#2912,#2913,#2914,#2915));
#1281=EDGE_LOOP('',(#2916,#2917,#2918,#2919,#2920,#2921));
#1282=EDGE_LOOP('',(#2922,#2923,#2924,#2925));
#1283=EDGE_LOOP('',(#2926,#2927,#2928,#2929,#2930,#2931));
#1284=EDGE_LOOP('',(#2932,#2933,#2934,#2935));
#1285=EDGE_LOOP('',(#2936,#2937,#2938,#2939,#2940,#2941));
#1286=EDGE_LOOP('',(#2942,#2943,#2944,#2945));
#1287=EDGE_LOOP('',(#2946,#2947,#2948,#2949,#2950,#2951));
#1288=EDGE_LOOP('',(#2952,#2953,#2954,#2955));
#1289=EDGE_LOOP('',(#2956,#2957,#2958,#2959,#2960));
#1290=EDGE_LOOP('',(#2961,#2962,#2963,#2964,#2965,#2966,#2967,#2968,#2969,
#2970,#2971,#2972,#2973,#2974,#2975,#2976,#2977,#2978,#2979,#2980,#2981,
#2982,#2983,#2984,#2985,#2986,#2987,#2988,#2989,#2990,#2991,#2992,#2993,
#2994,#2995,#2996,#2997,#2998,#2999));
#1291=EDGE_LOOP('',(#3000,#3001,#3002,#3003));
#1292=EDGE_LOOP('',(#3004,#3005,#3006,#3007));
#1293=EDGE_LOOP('',(#3008,#3009,#3010,#3011));
#1294=EDGE_LOOP('',(#3012,#3013,#3014,#3015));
#1295=EDGE_LOOP('',(#3016,#3017,#3018,#3019));
#1296=EDGE_LOOP('',(#3020,#3021,#3022,#3023));
#1297=EDGE_LOOP('',(#3024,#3025,#3026,#3027));
#1298=EDGE_LOOP('',(#3028,#3029,#3030,#3031));
#1299=EDGE_LOOP('',(#3032,#3033,#3034,#3035));
#1300=EDGE_LOOP('',(#3036,#3037,#3038,#3039));
#1301=EDGE_LOOP('',(#3040,#3041,#3042,#3043));
#1302=EDGE_LOOP('',(#3044,#3045,#3046,#3047,#3048,#3049));
#1303=EDGE_LOOP('',(#3050,#3051,#3052,#3053,#3054));
#1304=EDGE_LOOP('',(#3055,#3056,#3057));
#1305=EDGE_LOOP('',(#3058,#3059,#3060,#3061,#3062));
#1306=EDGE_LOOP('',(#3063,#3064,#3065,#3066));
#1307=EDGE_LOOP('',(#3067,#3068,#3069,#3070));
#1308=EDGE_LOOP('',(#3071,#3072,#3073,#3074));
#1309=EDGE_LOOP('',(#3075,#3076,#3077,#3078));
#1310=EDGE_LOOP('',(#3079,#3080,#3081,#3082));
#1311=EDGE_LOOP('',(#3083,#3084,#3085,#3086));
#1312=EDGE_LOOP('',(#3087,#3088,#3089,#3090));
#1313=EDGE_LOOP('',(#3091,#3092,#3093,#3094));
#1314=EDGE_LOOP('',(#3095,#3096,#3097,#3098));
#1315=EDGE_LOOP('',(#3099,#3100,#3101,#3102));
#1316=EDGE_LOOP('',(#3103,#3104,#3105,#3106));
#1317=EDGE_LOOP('',(#3107,#3108,#3109,#3110,#3111));
#1318=EDGE_LOOP('',(#3112,#3113,#3114,#3115));
#1319=EDGE_LOOP('',(#3116,#3117,#3118,#3119,#3120));
#1320=EDGE_LOOP('',(#3121,#3122,#3123,#3124));
#1321=EDGE_LOOP('',(#3125,#3126,#3127,#3128));
#1322=EDGE_LOOP('',(#3129,#3130,#3131,#3132));
#1323=EDGE_LOOP('',(#3133,#3134,#3135,#3136));
#1324=EDGE_LOOP('',(#3137,#3138,#3139,#3140));
#1325=EDGE_LOOP('',(#3141,#3142,#3143,#3144));
#1326=EDGE_LOOP('',(#3145,#3146,#3147,#3148));
#1327=EDGE_LOOP('',(#3149,#3150,#3151,#3152));
#1328=EDGE_LOOP('',(#3153,#3154,#3155,#3156));
#1329=EDGE_LOOP('',(#3157,#3158,#3159,#3160,#3161));
#1330=EDGE_LOOP('',(#3162,#3163,#3164,#3165));
#1331=EDGE_LOOP('',(#3166,#3167,#3168,#3169));
#1332=EDGE_LOOP('',(#3170,#3171,#3172,#3173,#3174));
#1333=EDGE_LOOP('',(#3175,#3176,#3177,#3178));
#1334=EDGE_LOOP('',(#3179,#3180,#3181,#3182));
#1335=EDGE_LOOP('',(#3183,#3184,#3185,#3186));
#1336=EDGE_LOOP('',(#3187,#3188,#3189,#3190));
#1337=EDGE_LOOP('',(#3191,#3192,#3193,#3194));
#1338=EDGE_LOOP('',(#3195,#3196,#3197));
#1339=EDGE_LOOP('',(#3198,#3199,#3200,#3201));
#1340=EDGE_LOOP('',(#3202,#3203,#3204,#3205));
#1341=EDGE_LOOP('',(#3206,#3207,#3208,#3209,#3210));
#1342=EDGE_LOOP('',(#3211,#3212,#3213,#3214,#3215));
#1343=EDGE_LOOP('',(#3216,#3217,#3218,#3219));
#1344=EDGE_LOOP('',(#3220,#3221,#3222,#3223));
#1345=EDGE_LOOP('',(#3224,#3225,#3226,#3227));
#1346=EDGE_LOOP('',(#3228,#3229,#3230,#3231));
#1347=EDGE_LOOP('',(#3232,#3233,#3234,#3235,#3236));
#1348=EDGE_LOOP('',(#3237,#3238,#3239,#3240));
#1349=EDGE_LOOP('',(#3241,#3242,#3243,#3244));
#1350=EDGE_LOOP('',(#3245,#3246,#3247,#3248,#3249));
#1351=EDGE_LOOP('',(#3250,#3251,#3252,#3253));
#1352=EDGE_LOOP('',(#3254,#3255,#3256,#3257,#3258,#3259));
#1353=EDGE_LOOP('',(#3260,#3261,#3262,#3263,#3264));
#1354=EDGE_LOOP('',(#3265,#3266,#3267));
#1355=EDGE_LOOP('',(#3268,#3269,#3270,#3271));
#1356=EDGE_LOOP('',(#3272,#3273,#3274,#3275,#3276));
#1357=EDGE_LOOP('',(#3277,#3278,#3279));
#1358=EDGE_LOOP('',(#3280,#3281,#3282,#3283));
#1359=EDGE_LOOP('',(#3284,#3285,#3286,#3287));
#1360=EDGE_LOOP('',(#3288,#3289,#3290,#3291));
#1361=EDGE_LOOP('',(#3292,#3293,#3294,#3295));
#1362=EDGE_LOOP('',(#3296,#3297,#3298,#3299));
#1363=EDGE_LOOP('',(#3300,#3301,#3302,#3303));
#1364=EDGE_LOOP('',(#3304,#3305,#3306,#3307));
#1365=EDGE_LOOP('',(#3308,#3309,#3310,#3311));
#1366=EDGE_LOOP('',(#3312,#3313,#3314,#3315));
#1367=EDGE_LOOP('',(#3316,#3317,#3318,#3319));
#1368=EDGE_LOOP('',(#3320,#3321,#3322,#3323));
#1369=EDGE_LOOP('',(#3324,#3325,#3326,#3327));
#1370=EDGE_LOOP('',(#3328,#3329,#3330,#3331,#3332));
#1371=EDGE_LOOP('',(#3333,#3334,#3335,#3336));
#1372=EDGE_LOOP('',(#3337,#3338,#3339,#3340));
#1373=EDGE_LOOP('',(#3341,#3342,#3343,#3344,#3345));
#1374=EDGE_LOOP('',(#3346,#3347,#3348,#3349));
#1375=EDGE_LOOP('',(#3350,#3351,#3352,#3353));
#1376=EDGE_LOOP('',(#3354,#3355,#3356,#3357));
#1377=EDGE_LOOP('',(#3358,#3359,#3360,#3361));
#1378=EDGE_LOOP('',(#3362,#3363,#3364,#3365));
#1379=EDGE_LOOP('',(#3366,#3367,#3368));
#1380=EDGE_LOOP('',(#3369,#3370,#3371,#3372,#3373));
#1381=EDGE_LOOP('',(#3374,#3375,#3376,#3377));
#1382=EDGE_LOOP('',(#3378,#3379,#3380,#3381));
#1383=EDGE_LOOP('',(#3382,#3383,#3384,#3385,#3386));
#1384=EDGE_LOOP('',(#3387,#3388,#3389,#3390));
#1385=EDGE_LOOP('',(#3391,#3392,#3393,#3394));
#1386=EDGE_LOOP('',(#3395,#3396,#3397,#3398));
#1387=EDGE_LOOP('',(#3399,#3400,#3401,#3402));
#1388=EDGE_LOOP('',(#3403,#3404,#3405,#3406));
#1389=EDGE_LOOP('',(#3407,#3408,#3409,#3410,#3411,#3412));
#1390=EDGE_LOOP('',(#3413,#3414));
#1391=EDGE_LOOP('',(#3415,#3416,#3417,#3418));
#1392=EDGE_LOOP('',(#3419,#3420,#3421,#3422));
#1393=EDGE_LOOP('',(#3423,#3424,#3425,#3426));
#1394=EDGE_LOOP('',(#3427,#3428,#3429,#3430,#3431));
#1395=EDGE_LOOP('',(#3432,#3433,#3434));
#1396=EDGE_LOOP('',(#3435,#3436,#3437,#3438,#3439));
#1397=EDGE_LOOP('',(#3440,#3441,#3442,#3443));
#1398=EDGE_LOOP('',(#3444,#3445,#3446,#3447));
#1399=EDGE_LOOP('',(#3448,#3449,#3450,#3451,#3452));
#1400=EDGE_LOOP('',(#3453,#3454,#3455,#3456));
#1401=EDGE_LOOP('',(#3457,#3458,#3459,#3460));
#1402=EDGE_LOOP('',(#3461,#3462,#3463,#3464,#3465));
#1403=EDGE_LOOP('',(#3466,#3467,#3468,#3469));
#1404=EDGE_LOOP('',(#3470,#3471,#3472,#3473));
#1405=EDGE_LOOP('',(#3474,#3475,#3476,#3477));
#1406=EDGE_LOOP('',(#3478,#3479,#3480,#3481));
#1407=EDGE_LOOP('',(#3482,#3483,#3484,#3485));
#1408=EDGE_LOOP('',(#3486,#3487,#3488,#3489));
#1409=EDGE_LOOP('',(#3490,#3491,#3492,#3493));
#1410=EDGE_LOOP('',(#3494,#3495,#3496,#3497));
#1411=EDGE_LOOP('',(#3498,#3499,#3500,#3501));
#1412=EDGE_LOOP('',(#3502,#3503,#3504,#3505));
#1413=EDGE_LOOP('',(#3506,#3507,#3508,#3509));
#1414=EDGE_LOOP('',(#3510,#3511,#3512,#3513));
#1415=EDGE_LOOP('',(#3514,#3515,#3516,#3517));
#1416=EDGE_LOOP('',(#3518,#3519,#3520,#3521));
#1417=EDGE_LOOP('',(#3522,#3523,#3524,#3525));
#1418=EDGE_LOOP('',(#3526,#3527,#3528,#3529));
#1419=EDGE_LOOP('',(#3530,#3531,#3532,#3533));
#1420=EDGE_LOOP('',(#3534,#3535,#3536,#3537));
#1421=EDGE_LOOP('',(#3538,#3539,#3540,#3541));
#1422=EDGE_LOOP('',(#3542,#3543,#3544,#3545));
#1423=EDGE_LOOP('',(#3546,#3547,#3548,#3549));
#1424=EDGE_LOOP('',(#3550,#3551,#3552,#3553));
#1425=EDGE_LOOP('',(#3554,#3555,#3556,#3557));
#1426=EDGE_LOOP('',(#3558,#3559,#3560,#3561));
#1427=EDGE_LOOP('',(#3562,#3563));
#1428=EDGE_LOOP('',(#3564,#3565));
#1429=EDGE_LOOP('',(#3566,#3567,#3568,#3569,#3570,#3571,#3572,#3573,#3574,
#3575,#3576,#3577,#3578,#3579,#3580,#3581,#3582,#3583,#3584,#3585,#3586,
#3587,#3588,#3589,#3590,#3591,#3592,#3593,#3594,#3595,#3596,#3597,#3598,
#3599,#3600,#3601,#3602,#3603,#3604,#3605,#3606,#3607,#3608,#3609,#3610,
#3611,#3612,#3613,#3614));
#1430=EDGE_LOOP('',(#3615,#3616,#3617,#3618));
#1431=EDGE_LOOP('',(#3619,#3620,#3621,#3622));
#1432=EDGE_LOOP('',(#3623,#3624,#3625,#3626));
#1433=EDGE_LOOP('',(#3627,#3628,#3629,#3630));
#1434=EDGE_LOOP('',(#3631,#3632,#3633,#3634));
#1435=EDGE_LOOP('',(#3635,#3636,#3637,#3638));
#1436=EDGE_LOOP('',(#3639,#3640,#3641,#3642));
#1437=EDGE_LOOP('',(#3643,#3644,#3645,#3646));
#1438=EDGE_LOOP('',(#3647,#3648,#3649,#3650));
#1439=EDGE_LOOP('',(#3651,#3652,#3653,#3654));
#1440=EDGE_LOOP('',(#3655,#3656,#3657,#3658));
#1441=EDGE_LOOP('',(#3659,#3660,#3661,#3662));
#1442=EDGE_LOOP('',(#3663,#3664,#3665,#3666));
#1443=EDGE_LOOP('',(#3667,#3668,#3669,#3670));
#1444=EDGE_LOOP('',(#3671,#3672,#3673,#3674));
#1445=EDGE_LOOP('',(#3675,#3676,#3677,#3678));
#1446=EDGE_LOOP('',(#3679,#3680,#3681,#3682));
#1447=EDGE_LOOP('',(#3683,#3684,#3685,#3686));
#1448=EDGE_LOOP('',(#3687,#3688,#3689,#3690));
#1449=EDGE_LOOP('',(#3691,#3692,#3693,#3694,#3695,#3696));
#1450=EDGE_LOOP('',(#3697,#3698,#3699,#3700,#3701,#3702));
#1451=EDGE_LOOP('',(#3703,#3704,#3705,#3706));
#1452=EDGE_LOOP('',(#3707,#3708,#3709,#3710));
#1453=EDGE_LOOP('',(#3711,#3712,#3713,#3714));
#1454=EDGE_LOOP('',(#3715,#3716,#3717,#3718));
#1455=EDGE_LOOP('',(#3719,#3720,#3721,#3722));
#1456=EDGE_LOOP('',(#3723,#3724,#3725,#3726));
#1457=EDGE_LOOP('',(#3727,#3728,#3729,#3730));
#1458=EDGE_LOOP('',(#3731,#3732,#3733,#3734));
#1459=EDGE_LOOP('',(#3735,#3736,#3737,#3738));
#1460=EDGE_LOOP('',(#3739,#3740,#3741,#3742));
#1461=EDGE_LOOP('',(#3743,#3744,#3745,#3746));
#1462=EDGE_LOOP('',(#3747,#3748,#3749,#3750));
#1463=EDGE_LOOP('',(#3751,#3752,#3753,#3754));
#1464=EDGE_LOOP('',(#3755,#3756,#3757,#3758));
#1465=EDGE_LOOP('',(#3759,#3760,#3761,#3762));
#1466=EDGE_LOOP('',(#3763,#3764,#3765,#3766));
#1467=EDGE_LOOP('',(#3767,#3768,#3769,#3770));
#1468=EDGE_LOOP('',(#3771,#3772,#3773,#3774));
#1469=EDGE_LOOP('',(#3775,#3776,#3777,#3778));
#1470=EDGE_LOOP('',(#3779,#3780,#3781,#3782));
#1471=EDGE_LOOP('',(#3783,#3784,#3785,#3786));
#1472=EDGE_LOOP('',(#3787,#3788,#3789,#3790));
#1473=EDGE_LOOP('',(#3791,#3792,#3793,#3794));
#1474=EDGE_LOOP('',(#3795,#3796,#3797,#3798));
#1475=EDGE_LOOP('',(#3799,#3800,#3801,#3802));
#1476=EDGE_LOOP('',(#3803,#3804,#3805,#3806));
#1477=EDGE_LOOP('',(#3807,#3808,#3809,#3810));
#1478=EDGE_LOOP('',(#3811,#3812,#3813,#3814));
#1479=EDGE_LOOP('',(#3815,#3816,#3817,#3818));
#1480=EDGE_LOOP('',(#3819,#3820,#3821,#3822));
#1481=EDGE_LOOP('',(#3823,#3824,#3825,#3826));
#1482=EDGE_LOOP('',(#3827,#3828,#3829,#3830));
#1483=EDGE_LOOP('',(#3831,#3832,#3833,#3834));
#1484=EDGE_LOOP('',(#3835,#3836,#3837,#3838));
#1485=EDGE_LOOP('',(#3839,#3840,#3841,#3842));
#1486=EDGE_LOOP('',(#3843,#3844,#3845,#3846));
#1487=EDGE_LOOP('',(#3847,#3848,#3849,#3850,#3851,#3852));
#1488=EDGE_LOOP('',(#3853,#3854,#3855,#3856,#3857,#3858));
#1489=EDGE_LOOP('',(#3859,#3860,#3861,#3862));
#1490=EDGE_LOOP('',(#3863,#3864,#3865,#3866));
#1491=EDGE_LOOP('',(#3867,#3868,#3869,#3870));
#1492=EDGE_LOOP('',(#3871,#3872,#3873,#3874));
#1493=EDGE_LOOP('',(#3875,#3876,#3877,#3878));
#1494=EDGE_LOOP('',(#3879));
#1495=EDGE_LOOP('',(#3880,#3881,#3882,#3883));
#1496=EDGE_LOOP('',(#3884,#3885,#3886,#3887));
#1497=EDGE_LOOP('',(#3888,#3889,#3890,#3891));
#1498=EDGE_LOOP('',(#3892,#3893,#3894,#3895));
#1499=EDGE_LOOP('',(#3896,#3897,#3898,#3899));
#1500=EDGE_LOOP('',(#3900,#3901,#3902,#3903));
#1501=EDGE_LOOP('',(#3904,#3905,#3906,#3907));
#1502=EDGE_LOOP('',(#3908,#3909,#3910,#3911));
#1503=EDGE_LOOP('',(#3912,#3913,#3914,#3915));
#1504=EDGE_LOOP('',(#3916,#3917,#3918,#3919));
#1505=EDGE_LOOP('',(#3920,#3921,#3922,#3923));
#1506=EDGE_LOOP('',(#3924,#3925,#3926,#3927));
#1507=EDGE_LOOP('',(#3928,#3929,#3930,#3931));
#1508=EDGE_LOOP('',(#3932,#3933,#3934,#3935));
#1509=EDGE_LOOP('',(#3936,#3937,#3938,#3939));
#1510=EDGE_LOOP('',(#3940,#3941,#3942,#3943));
#1511=EDGE_LOOP('',(#3944,#3945,#3946,#3947));
#1512=EDGE_LOOP('',(#3948,#3949,#3950,#3951));
#1513=EDGE_LOOP('',(#3952,#3953,#3954,#3955));
#1514=EDGE_LOOP('',(#3956,#3957,#3958,#3959));
#1515=EDGE_LOOP('',(#3960,#3961,#3962,#3963));
#1516=EDGE_LOOP('',(#3964,#3965,#3966,#3967));
#1517=EDGE_LOOP('',(#3968,#3969,#3970,#3971));
#1518=EDGE_LOOP('',(#3972,#3973,#3974,#3975));
#1519=EDGE_LOOP('',(#3976,#3977,#3978,#3979));
#1520=EDGE_LOOP('',(#3980,#3981,#3982,#3983));
#1521=EDGE_LOOP('',(#3984,#3985,#3986,#3987));
#1522=EDGE_LOOP('',(#3988,#3989,#3990,#3991));
#1523=EDGE_LOOP('',(#3992,#3993,#3994,#3995));
#1524=EDGE_LOOP('',(#3996,#3997,#3998,#3999,#4000,#4001,#4002,#4003,#4004,
#4005,#4006,#4007));
#1525=EDGE_LOOP('',(#4008,#4009,#4010,#4011));
#1526=EDGE_LOOP('',(#4012,#4013,#4014,#4015));
#1527=EDGE_LOOP('',(#4016,#4017,#4018,#4019));
#1528=EDGE_LOOP('',(#4020,#4021,#4022,#4023));
#1529=EDGE_LOOP('',(#4024,#4025,#4026,#4027));
#1530=EDGE_LOOP('',(#4028,#4029,#4030,#4031));
#1531=EDGE_LOOP('',(#4032,#4033,#4034,#4035));
#1532=CIRCLE('',#4270,39.8);
#1533=CIRCLE('',#4271,40.);
#1534=CIRCLE('',#4274,39.8);
#1535=CIRCLE('',#4275,39.8);
#1536=CIRCLE('',#4276,39.8);
#1537=CIRCLE('',#4277,39.8);
#1538=CIRCLE('',#4278,39.8);
#1539=CIRCLE('',#4279,23.);
#1540=CIRCLE('',#4281,40.);
#1541=CIRCLE('',#4284,40.);
#1542=CIRCLE('',#4287,40.);
#1543=CIRCLE('',#4290,40.);
#1544=CIRCLE('',#4293,40.);
#1545=CIRCLE('',#4296,39.);
#1546=CIRCLE('',#4297,40.);
#1547=CIRCLE('',#4299,39.);
#1548=CIRCLE('',#4300,39.);
#1549=CIRCLE('',#4301,39.);
#1550=CIRCLE('',#4302,39.);
#1551=CIRCLE('',#4303,39.);
#1552=CIRCLE('',#4304,20.);
#1553=CIRCLE('',#4306,40.);
#1554=CIRCLE('',#4309,40.);
#1555=CIRCLE('',#4312,40.);
#1556=CIRCLE('',#4315,40.);
#1557=CIRCLE('',#4318,40.);
#1558=CIRCLE('',#4320,5.);
#1559=CIRCLE('',#4321,18.);
#1560=CIRCLE('',#4322,18.);
#1561=CIRCLE('',#4324,18.);
#1562=CIRCLE('',#4325,18.);
#1563=CIRCLE('',#4326,18.);
#1564=CIRCLE('',#4327,18.);
#1565=CIRCLE('',#4328,18.);
#1566=CIRCLE('',#4329,18.);
#1567=CIRCLE('',#4330,18.);
#1568=CIRCLE('',#4331,18.);
#1569=CIRCLE('',#4332,18.);
#1570=CIRCLE('',#4333,18.);
#1571=CIRCLE('',#4334,18.);
#1572=CIRCLE('',#4335,18.);
#1573=CIRCLE('',#4336,18.);
#1574=CIRCLE('',#4337,18.);
#1575=CIRCLE('',#4338,18.);
#1576=CIRCLE('',#4339,18.);
#1577=CIRCLE('',#4340,18.);
#1578=CIRCLE('',#4341,18.);
#1579=CIRCLE('',#4342,18.);
#1580=CIRCLE('',#4343,18.);
#1581=CIRCLE('',#4344,18.);
#1582=CIRCLE('',#4345,18.);
#1583=CIRCLE('',#4346,18.);
#1584=CIRCLE('',#4347,18.);
#1585=CIRCLE('',#4348,18.);
#1586=CIRCLE('',#4349,18.);
#1587=CIRCLE('',#4350,18.);
#1588=CIRCLE('',#4353,0.32845416840149);
#1589=CIRCLE('',#4354,0.32845416840149);
#1590=CIRCLE('',#4357,0.32845416840149);
#1591=CIRCLE('',#4358,0.32845416840149);
#1592=CIRCLE('',#4361,0.519843829040767);
#1593=CIRCLE('',#4362,0.519843829040767);
#1594=CIRCLE('',#4363,0.519843829040767);
#1595=CIRCLE('',#4367,0.519843829040767);
#1596=CIRCLE('',#4368,0.519843829040767);
#1597=CIRCLE('',#4372,0.400000005960465);
#1598=CIRCLE('',#4373,0.400000005960465);
#1599=CIRCLE('',#4376,0.400000005960465);
#1600=CIRCLE('',#4377,0.400000005960465);
#1601=CIRCLE('',#4380,0.579981809673814);
#1602=CIRCLE('',#4381,0.579981809673814);
#1603=CIRCLE('',#4384,0.579981809673822);
#1604=CIRCLE('',#4385,0.579981809673822);
#1605=CIRCLE('',#4387,0.400000005960465);
#1606=CIRCLE('',#4390,0.400000005960465);
#1607=CIRCLE('',#4391,0.400000005960465);
#1608=CIRCLE('',#4394,0.400000005960465);
#1609=CIRCLE('',#4397,0.760407083964124);
#1610=CIRCLE('',#4398,0.760407083964124);
#1611=CIRCLE('',#4401,0.760407083964124);
#1612=CIRCLE('',#4402,0.760407083964124);
#1613=CIRCLE('',#4405,0.537873896822921);
#1614=CIRCLE('',#4406,0.537873896822921);
#1615=CIRCLE('',#4409,0.537873896822921);
#1616=CIRCLE('',#4410,0.537873896822921);
#1617=CIRCLE('',#4413,0.566441318045191);
#1618=CIRCLE('',#4414,0.566441318045191);
#1619=CIRCLE('',#4418,0.566441318045191);
#1620=CIRCLE('',#4419,0.566441318045191);
#1621=CIRCLE('',#4422,0.894492574890551);
#1622=CIRCLE('',#4423,0.894492574890551);
#1623=CIRCLE('',#4426,0.894492574890551);
#1624=CIRCLE('',#4427,0.894492574890551);
#1625=CIRCLE('',#4429,0.670869431167908);
#1626=CIRCLE('',#4432,0.670869431167908);
#1627=CIRCLE('',#4433,0.670869431167908);
#1628=CIRCLE('',#4436,0.670869431167908);
#1629=CIRCLE('',#4437,0.670869431167908);
#1630=CIRCLE('',#4440,0.549649141605855);
#1631=CIRCLE('',#4441,0.549649141605855);
#1632=CIRCLE('',#4444,0.549649141605855);
#1633=CIRCLE('',#4445,0.549649141605855);
#1634=CIRCLE('',#4448,0.400000005960465);
#1635=CIRCLE('',#4449,0.400000005960465);
#1636=CIRCLE('',#4453,0.400000005960465);
#1637=CIRCLE('',#4454,0.400000005960465);
#1638=CIRCLE('',#4457,0.440949376479625);
#1639=CIRCLE('',#4458,0.440949376479625);
#1640=CIRCLE('',#4459,0.440949376479625);
#1641=CIRCLE('',#4463,0.440949376479626);
#1642=CIRCLE('',#4464,0.440949376479626);
#1643=CIRCLE('',#4465,0.440949376479626);
#1644=CIRCLE('',#4469,0.388057005840633);
#1645=CIRCLE('',#4470,0.388057005840633);
#1646=CIRCLE('',#4473,0.388057005840633);
#1647=CIRCLE('',#4474,0.388057005840633);
#1648=CIRCLE('',#4477,0.339801789312271);
#1649=CIRCLE('',#4478,0.339801789312271);
#1650=CIRCLE('',#4481,0.339801789312271);
#1651=CIRCLE('',#4482,0.339801789312271);
#1652=CIRCLE('',#4485,0.26866364403275);
#1653=CIRCLE('',#4486,0.26866364403275);
#1654=CIRCLE('',#4489,0.26866364403275);
#1655=CIRCLE('',#4490,0.26866364403275);
#1656=CIRCLE('',#4493,0.510681979819104);
#1657=CIRCLE('',#4494,0.510681979819104);
#1658=CIRCLE('',#4498,0.510681979819104);
#1659=CIRCLE('',#4499,0.510681979819104);
#1660=CIRCLE('',#4502,0.449853598146684);
#1661=CIRCLE('',#4503,0.449853598146684);
#1662=CIRCLE('',#4506,0.449853598146691);
#1663=CIRCLE('',#4507,0.449853598146691);
#1664=CIRCLE('',#4509,0.849767946146024);
#1665=CIRCLE('',#4512,0.849767946146024);
#1666=CIRCLE('',#4513,0.849767946146024);
#1667=CIRCLE('',#4516,0.849767946146024);
#1668=CIRCLE('',#4517,0.849767946146024);
#1669=CIRCLE('',#4520,0.715594059912441);
#1670=CIRCLE('',#4521,0.715594059912441);
#1671=CIRCLE('',#4524,0.715594059912441);
#1672=CIRCLE('',#4525,0.715594059912441);
#1673=CIRCLE('',#4528,0.800000011920929);
#1674=CIRCLE('',#4529,0.800000011920929);
#1675=CIRCLE('',#4530,0.800000011920929);
#1676=CIRCLE('',#4531,0.800000011920929);
#1677=CIRCLE('',#4535,0.800000011920929);
#1678=CIRCLE('',#4536,0.800000011920929);
#1679=CIRCLE('',#4539,0.516222152382138);
#1680=CIRCLE('',#4540,0.516222152382138);
#1681=CIRCLE('',#4541,0.516222152382138);
#1682=CIRCLE('',#4545,0.516222152382139);
#1683=CIRCLE('',#4546,0.516222152382139);
#1684=CIRCLE('',#4549,0.400000005960465);
#1685=CIRCLE('',#4550,0.400000005960465);
#1686=CIRCLE('',#4551,0.400000005960465);
#1687=CIRCLE('',#4553,0.400000005960465);
#1688=CIRCLE('',#4556,0.400000005960465);
#1689=CIRCLE('',#4557,0.400000005960465);
#1690=CIRCLE('',#4560,0.670869431167908);
#1691=CIRCLE('',#4561,0.670869431167908);
#1692=CIRCLE('',#4564,0.670869431167908);
#1693=CIRCLE('',#4565,0.670869431167908);
#1694=CIRCLE('',#4568,0.447246287445275);
#1695=CIRCLE('',#4569,0.447246287445275);
#1696=CIRCLE('',#4572,0.447246287445275);
#1697=CIRCLE('',#4573,0.447246287445275);
#1698=CIRCLE('',#4576,0.455619657137659);
#1699=CIRCLE('',#4577,0.455619657137659);
#1700=CIRCLE('',#4580,0.455619657137659);
#1701=CIRCLE('',#4581,0.455619657137659);
#1702=CIRCLE('',#4584,0.511206324069816);
#1703=CIRCLE('',#4585,0.511206324069816);
#1704=CIRCLE('',#4588,0.511206324069814);
#1705=CIRCLE('',#4589,0.511206324069814);
#1706=CIRCLE('',#4592,0.400000005960465);
#1707=CIRCLE('',#4593,0.400000005960465);
#1708=CIRCLE('',#4596,0.400000005960465);
#1709=CIRCLE('',#4597,0.400000005960465);
#1710=CIRCLE('',#4600,0.282842716689304);
#1711=CIRCLE('',#4601,0.282842716689304);
#1712=CIRCLE('',#4604,0.282842716689304);
#1713=CIRCLE('',#4605,0.282842716689304);
#1714=CIRCLE('',#4656,20.);
#1715=B_SPLINE_CURVE_WITH_KNOTS('',3,(#5818,#5819,#5820,#5821,#5822,#5823,
#5824,#5825,#5826,#5827),.UNSPECIFIED.,.F.,.F.,(4,2,2,2,4),(0.296615079368246,
0.315110391294298,0.33363236828417,0.352186801280632,0.370768396185206),
 .UNSPECIFIED.);
#1716=B_SPLINE_CURVE_WITH_KNOTS('',3,(#5831,#5832,#5833,#5834,#5835,#5836,
#5837,#5838,#5839,#5840),.UNSPECIFIED.,.F.,.F.,(4,2,2,2,4),(0.222144768008534,
0.240656883550476,0.259168966650296,0.277681010935672,0.296193023292913),
 .UNSPECIFIED.);
#1717=B_SPLINE_CURVE_WITH_KNOTS('',3,(#5850,#5851,#5852,#5853,#5854,#5855,
#5856,#5857,#5858,#5859),.UNSPECIFIED.,.F.,.F.,(4,2,2,2,4),(1.48096522239735,
1.57352528292854,1.66608550320326,1.75864592193886,1.85120651367209),
 .UNSPECIFIED.);
#1718=B_SPLINE_CURVE_WITH_KNOTS('',3,(#5909,#5910,#5911,#5912,#5913,#5914,
#5915,#5916,#5917,#5918),.UNSPECIFIED.,.F.,.F.,(4,2,2,2,4),(0.296615079368247,
0.315110391294299,0.333632368284171,0.352186801280633,0.370768396185211),
 .UNSPECIFIED.);
#1719=B_SPLINE_CURVE_WITH_KNOTS('',3,(#5920,#5921,#5922,#5923,#5924,#5925,
#5926,#5927,#5928,#5929),.UNSPECIFIED.,.F.,.F.,(4,2,2,2,4),(0.222144768008532,
0.240656883550474,0.259168966650295,0.277681010935672,0.296193023292914),
 .UNSPECIFIED.);
#1720=B_SPLINE_CURVE_WITH_KNOTS('',3,(#5937,#5938,#5939,#5940,#5941,#5942,
#5943,#5944,#5945,#5946),.UNSPECIFIED.,.F.,.F.,(4,2,2,2,4),(1.48096522239736,
1.57352528292855,1.66608550320326,1.75864592193887,1.85120651367209),
 .UNSPECIFIED.);
#1721=B_SPLINE_CURVE_WITH_KNOTS('',3,(#5950,#5951,#5952,#5953,#5954,#5955,
#5956,#5957,#5958,#5959),.UNSPECIFIED.,.F.,.F.,(4,2,2,2,4),(0.296615079368246,
0.315110391294299,0.333632368284171,0.35218680128063,0.370768396185208),
 .UNSPECIFIED.);
#1722=B_SPLINE_CURVE_WITH_KNOTS('',3,(#5961,#5962,#5963,#5964,#5965,#5966,
#5967,#5968,#5969,#5970),.UNSPECIFIED.,.F.,.F.,(4,2,2,2,4),(0.222144768008535,
0.240656883550474,0.259168966650296,0.277681010935671,0.296193023292913),
 .UNSPECIFIED.);
#1723=B_SPLINE_CURVE_WITH_KNOTS('',3,(#5978,#5979,#5980,#5981,#5982,#5983,
#5984,#5985,#5986,#5987),.UNSPECIFIED.,.F.,.F.,(4,2,2,2,4),(1.48096522239736,
1.57352528292855,1.66608550320326,1.75864592193887,1.85120651367209),
 .UNSPECIFIED.);
#1724=B_SPLINE_CURVE_WITH_KNOTS('',3,(#5991,#5992,#5993,#5994,#5995,#5996,
#5997,#5998,#5999,#6000),.UNSPECIFIED.,.F.,.F.,(4,2,2,2,4),(0.296615079368243,
0.315110391294297,0.333632368284168,0.352186801280631,0.370768396185204),
 .UNSPECIFIED.);
#1725=B_SPLINE_CURVE_WITH_KNOTS('',3,(#6002,#6003,#6004,#6005,#6006,#6007,
#6008,#6009,#6010,#6011),.UNSPECIFIED.,.F.,.F.,(4,2,2,2,4),(0.222144768008535,
0.240656883550476,0.259168966650296,0.277681010935673,0.296193023292915),
 .UNSPECIFIED.);
#1726=B_SPLINE_CURVE_WITH_KNOTS('',3,(#6019,#6020,#6021,#6022,#6023,#6024,
#6025,#6026,#6027,#6028),.UNSPECIFIED.,.F.,.F.,(4,2,2,2,4),(1.48096522239736,
1.57352528292855,1.66608550320326,1.75864592193887,1.85120651367209),
 .UNSPECIFIED.);
#1727=B_SPLINE_CURVE_WITH_KNOTS('',3,(#6032,#6033,#6034,#6035,#6036,#6037,
#6038,#6039,#6040,#6041),.UNSPECIFIED.,.F.,.F.,(4,2,2,2,4),(0.296615079368243,
0.315110391294296,0.333632368284167,0.352186801280631,0.370768396185205),
 .UNSPECIFIED.);
#1728=B_SPLINE_CURVE_WITH_KNOTS('',3,(#6043,#6044,#6045,#6046,#6047,#6048,
#6049,#6050,#6051,#6052),.UNSPECIFIED.,.F.,.F.,(4,2,2,2,4),(0.222144768008538,
0.240656883550478,0.259168966650298,0.277681010935674,0.296193023292919),
 .UNSPECIFIED.);
#1729=B_SPLINE_CURVE_WITH_KNOTS('',3,(#6060,#6061,#6062,#6063,#6064,#6065,
#6066,#6067,#6068,#6069),.UNSPECIFIED.,.F.,.F.,(4,2,2,2,4),(1.48096522239735,
1.57352528292855,1.66608550320326,1.75864592193887,1.85120651367209),
 .UNSPECIFIED.);
#1730=B_SPLINE_CURVE_WITH_KNOTS('',3,(#6073,#6074,#6075,#6076,#6077,#6078,
#6079,#6080,#6081,#6082),.UNSPECIFIED.,.F.,.F.,(4,2,2,2,4),(0.296615079368244,
0.315110391294297,0.333632368284168,0.35218680128063,0.370768396185205),
 .UNSPECIFIED.);
#1731=B_SPLINE_CURVE_WITH_KNOTS('',3,(#6084,#6085,#6086,#6087,#6088,#6089,
#6090,#6091,#6092,#6093),.UNSPECIFIED.,.F.,.F.,(4,2,2,2,4),(0.222144768008534,
0.240656883550474,0.259168966650293,0.277681010935669,0.296193023292911),
 .UNSPECIFIED.);
#1732=B_SPLINE_CURVE_WITH_KNOTS('',3,(#6099,#6100,#6101,#6102,#6103,#6104,
#6105,#6106,#6107,#6108),.UNSPECIFIED.,.F.,.F.,(4,2,2,2,4),(1.11238538168725,
1.20530514209966,1.29808001934479,1.39068893669155,1.48316444489699),
 .UNSPECIFIED.);
#1733=B_SPLINE_CURVE_WITH_KNOTS('',3,(#6115,#6116,#6117,#6118,#6119,#6120,
#6121,#6122,#6123,#6124),.UNSPECIFIED.,.F.,.F.,(4,2,2,2,4),(1.48096522239735,
1.57352528292855,1.66608550320326,1.75864592193886,1.85120651367209),
 .UNSPECIFIED.);
#1734=B_SPLINE_CURVE_WITH_KNOTS('',3,(#6160,#6161,#6162,#6163,#6164,#6165,
#6166,#6167,#6168,#6169),.UNSPECIFIED.,.F.,.F.,(4,2,2,2,4),(1.11238538168725,
1.20530514209966,1.29808001934478,1.39068893669155,1.48316444489699),
 .UNSPECIFIED.);
#1735=B_SPLINE_CURVE_WITH_KNOTS('',3,(#6176,#6177,#6178,#6179,#6180,#6181,
#6182,#6183,#6184,#6185),.UNSPECIFIED.,.F.,.F.,(4,2,2,2,4),(1.11238538168725,
1.20530514209966,1.29808001934479,1.39068893669155,1.483164444897),
 .UNSPECIFIED.);
#1736=B_SPLINE_CURVE_WITH_KNOTS('',3,(#6192,#6193,#6194,#6195,#6196,#6197,
#6198,#6199,#6200,#6201),.UNSPECIFIED.,.F.,.F.,(4,2,2,2,4),(1.11238538168725,
1.20530514209966,1.29808001934479,1.39068893669155,1.483164444897),
 .UNSPECIFIED.);
#1737=B_SPLINE_CURVE_WITH_KNOTS('',3,(#6208,#6209,#6210,#6211,#6212,#6213,
#6214,#6215,#6216,#6217),.UNSPECIFIED.,.F.,.F.,(4,2,2,2,4),(1.11238538168725,
1.20530514209966,1.29808001934479,1.39068893669155,1.483164444897),
 .UNSPECIFIED.);
#1738=B_SPLINE_CURVE_WITH_KNOTS('',3,(#6224,#6225,#6226,#6227,#6228,#6229,
#6230,#6231,#6232,#6233),.UNSPECIFIED.,.F.,.F.,(4,2,2,2,4),(1.11238538168725,
1.20530514209966,1.29808001934478,1.39068893669155,1.48316444489699),
 .UNSPECIFIED.);
#1739=B_SPLINE_CURVE_WITH_KNOTS('',3,(#6299,#6300,#6301,#6302,#6303,#6304,
#6305,#6306,#6307,#6308),.UNSPECIFIED.,.F.,.F.,(4,2,2,2,4),(-0.612526232681607,
-0.459394847378147,-0.306263462074687,-0.153131731037344,0.),
 .UNSPECIFIED.);
#1740=B_SPLINE_CURVE_WITH_KNOTS('',3,(#6312,#6313,#6314,#6315,#6316,#6317,
#6318,#6319,#6320,#6321),.UNSPECIFIED.,.F.,.F.,(4,2,2,2,4),(0.,0.153131731037344,
0.306263462074688,0.459394847378148,0.612526232681607),.UNSPECIFIED.);
#1741=B_SPLINE_CURVE_WITH_KNOTS('',3,(#6324,#6325,#6326,#6327,#6328,#6329,
#6330,#6331,#6332,#6333),.UNSPECIFIED.,.F.,.F.,(4,2,2,2,4),(0.612526232681607,
0.765657617985067,0.918789003288527,1.07192073432587,1.22505246536321),
 .UNSPECIFIED.);
#1742=B_SPLINE_CURVE_WITH_KNOTS('',3,(#6336,#6337,#6338,#6339,#6340,#6341,
#6342,#6343,#6344,#6345),.UNSPECIFIED.,.F.,.F.,(4,2,2,2,4),(-1.22505246536321,
-1.07192073432587,-0.918789003288526,-0.765657617985067,-0.612526232681607),
 .UNSPECIFIED.);
#1743=B_SPLINE_CURVE_WITH_KNOTS('',3,(#6350,#6351,#6352,#6353,#6354,#6355,
#6356,#6357,#6358,#6359,#6360,#6361,#6362,#6363,#6364,#6365,#6366,#6367),
 .UNSPECIFIED.,.F.,.F.,(4,2,2,2,2,2,2,2,4),(0.,0.153131731037344,0.306263462074687,
0.459394847378147,0.612526232681607,0.765657617985067,0.918789003288527,
1.07192073432587,1.22505246536321),.UNSPECIFIED.);
#1744=B_SPLINE_CURVE_WITH_KNOTS('',3,(#6370,#6371,#6372,#6373,#6374,#6375,
#6376,#6377,#6378,#6379,#6380,#6381,#6382,#6383,#6384,#6385,#6386,#6387),
 .UNSPECIFIED.,.F.,.F.,(4,2,2,2,2,2,2,2,4),(-1.22505246536321,-1.07192073432587,
-0.918789003288527,-0.765657617985067,-0.612526232681607,-0.459394847378148,
-0.306263462074688,-0.153131731037344,0.),.UNSPECIFIED.);
#1745=B_SPLINE_CURVE_WITH_KNOTS('',3,(#6392,#6393,#6394,#6395,#6396,#6397,
#6398,#6399,#6400,#6401,#6402,#6403,#6404,#6405,#6406,#6407,#6408,#6409),
 .UNSPECIFIED.,.F.,.F.,(4,2,2,2,2,2,2,2,4),(0.,0.153116988664764,0.306233977329527,
0.459284357988386,0.612334738647244,0.765633148791937,0.91893155893663,
1.07207411391535,1.22521666889408),.UNSPECIFIED.);
#1746=B_SPLINE_CURVE_WITH_KNOTS('',3,(#6412,#6413,#6414,#6415,#6416,#6417,
#6418,#6419,#6420,#6421,#6422,#6423,#6424,#6425,#6426,#6427,#6428,#6429),
 .UNSPECIFIED.,.F.,.F.,(4,2,2,2,2,2,2,2,4),(-1.22521666889407,-1.07207411391535,
-0.918931558936629,-0.765633148791936,-0.612334738647243,-0.459284357988385,
-0.306233977329526,-0.153116988664763,0.),.UNSPECIFIED.);
#1747=B_SPLINE_CURVE_WITH_KNOTS('',3,(#6434,#6435,#6436,#6437,#6438,#6439,
#6440,#6441,#6442,#6443,#6444,#6445,#6446,#6447,#6448,#6449,#6450,#6451),
 .UNSPECIFIED.,.F.,.F.,(4,2,2,2,2,2,2,2,4),(0.,0.156790893284437,0.313581786568874,
0.477422653662503,0.641263520756131,0.801827258236412,0.962390995716692,
1.11691124268663,1.27143148965656),.UNSPECIFIED.);
#1748=B_SPLINE_CURVE_WITH_KNOTS('',3,(#6454,#6455,#6456,#6457,#6458,#6459,
#6460,#6461,#6462,#6463,#6464,#6465,#6466,#6467,#6468,#6469,#6470,#6471),
 .UNSPECIFIED.,.F.,.F.,(4,2,2,2,2,2,2,2,4),(-1.27138628183775,-1.11903344392007,
-0.9666806060024,-0.803951878508955,-0.641223151015509,-0.473560511528959,
-0.305897872042409,-0.152948936021204,0.),.UNSPECIFIED.);
#1749=B_SPLINE_CURVE_WITH_KNOTS('',3,(#6476,#6477,#6478,#6479,#6480,#6481,
#6482,#6483,#6484,#6485,#6486,#6487,#6488,#6489,#6490,#6491,#6492,#6493),
 .UNSPECIFIED.,.F.,.F.,(4,2,2,2,2,2,2,2,4),(0.,0.152921717550233,0.305843435100467,
0.460427957446834,0.615012479793202,0.771522121993677,0.928031764194152,
1.08115891625535,1.23428606831655),.UNSPECIFIED.);
#1750=B_SPLINE_CURVE_WITH_KNOTS('',3,(#6496,#6497,#6498,#6499,#6500,#6501,
#6502,#6503,#6504,#6505,#6506,#6507,#6508,#6509,#6510,#6511,#6512,#6513),
 .UNSPECIFIED.,.F.,.F.,(4,2,2,2,2,2,2,2,4),(-1.23428606831655,-1.08115891625535,
-0.928031764194152,-0.771522121993676,-0.6150124797932,-0.460427957446834,
-0.305843435100466,-0.152921717550233,0.),.UNSPECIFIED.);
#1751=B_SPLINE_CURVE_WITH_KNOTS('',3,(#6518,#6519,#6520,#6521,#6522,#6523,
#6524,#6525,#6526,#6527,#6528,#6529,#6530,#6531,#6532,#6533,#6534,#6535),
 .UNSPECIFIED.,.F.,.F.,(4,2,2,2,2,2,2,2,4),(0.,0.152166841656003,0.304333683312005,
0.470100327675817,0.635866972039628,0.807514373781766,0.979161775523905,
1.13206787191187,1.28497396829984),.UNSPECIFIED.);
#1752=B_SPLINE_CURVE_WITH_KNOTS('',3,(#6538,#6539,#6540,#6541,#6542,#6543,
#6544,#6545,#6546,#6547,#6548,#6549,#6550,#6551,#6552,#6553,#6554,#6555),
 .UNSPECIFIED.,.F.,.F.,(4,2,2,2,2,2,2,2,4),(-1.28497396829984,-1.13206787191187,
-0.979161775523905,-0.807514373781766,-0.635866972039627,-0.470100327675816,
-0.304333683312005,-0.152166841656002,0.),.UNSPECIFIED.);
#1753=B_SPLINE_CURVE_WITH_KNOTS('',3,(#6560,#6561,#6562,#6563,#6564,#6565,
#6566,#6567,#6568,#6569,#6570,#6571,#6572,#6573,#6574,#6575,#6576,#6577),
 .UNSPECIFIED.,.F.,.F.,(4,2,2,2,2,2,2,2,4),(0.,0.153131275411792,0.306262550823585,
0.462504865168664,0.618747179513744,0.773159855343752,0.927572531173759,
1.08050917121957,1.23344581126538),.UNSPECIFIED.);
#1754=B_SPLINE_CURVE_WITH_KNOTS('',3,(#6580,#6581,#6582,#6583,#6584,#6585,
#6586,#6587,#6588,#6589,#6590,#6591,#6592,#6593,#6594,#6595,#6596,#6597),
 .UNSPECIFIED.,.F.,.F.,(4,2,2,2,2,2,2,2,4),(-1.23344581126538,-1.08050917121957,
-0.927572531173759,-0.773159855343752,-0.618747179513744,-0.462504865168664,
-0.306262550823584,-0.153131275411792,0.),.UNSPECIFIED.);
#1755=B_SPLINE_CURVE_WITH_KNOTS('',3,(#6602,#6603,#6604,#6605,#6606,#6607,
#6608,#6609,#6610,#6611,#6612,#6613,#6614,#6615,#6616,#6617,#6618,#6619),
 .UNSPECIFIED.,.F.,.F.,(4,2,2,2,2,2,2,2,4),(0.,0.153449721778917,0.306899443557835,
0.460763699623807,0.61462795568978,0.767876129475694,0.921124303261607,
1.07418267483405,1.22724104640649),.UNSPECIFIED.);
#1756=B_SPLINE_CURVE_WITH_KNOTS('',3,(#6622,#6623,#6624,#6625,#6626,#6627,
#6628,#6629,#6630,#6631,#6632,#6633,#6634,#6635,#6636,#6637,#6638,#6639),
 .UNSPECIFIED.,.F.,.F.,(4,2,2,2,2,2,2,2,4),(-1.22724104970088,-1.0741935424731,
-0.921146035245329,-0.767886995467554,-0.614627955689778,-0.460763699623806,
-0.306899443557834,-0.153449721778917,0.),.UNSPECIFIED.);
#1757=B_SPLINE_CURVE_WITH_KNOTS('',3,(#7403,#7404,#7405,#7406,#7407,#7408,
#7409,#7410,#7411,#7412,#7413,#7414,#7415,#7416,#7417,#7418,#7419,#7420),
 .UNSPECIFIED.,.F.,.F.,(4,2,2,2,2,2,2,2,4),(0.,0.153799358715064,0.307598717430129,
0.462529063131728,0.617459408833327,0.771415420249226,0.925371431665124,
1.07852144357073,1.23167145547633),.UNSPECIFIED.);
#1758=B_SPLINE_CURVE_WITH_KNOTS('',3,(#7427,#7428,#7429,#7430,#7431,#7432,
#7433,#7434,#7435,#7436,#7437,#7438,#7439,#7440,#7441,#7442,#7443,#7444),
 .UNSPECIFIED.,.F.,.F.,(4,2,2,2,2,2,2,2,4),(-1.23167014591534,-1.0787132503972,
-0.925756354879065,-0.771607219220225,-0.617458083561386,-0.46184014594507,
-0.306222208328754,-0.153111104164377,0.),.UNSPECIFIED.);
#1759=B_SPLINE_CURVE_WITH_KNOTS('',3,(#7453,#7454,#7455,#7456,#7457,#7458,
#7459,#7460,#7461,#7462,#7463,#7464,#7465,#7466,#7467,#7468,#7469,#7470),
 .UNSPECIFIED.,.F.,.F.,(4,2,2,2,2,2,2,2,4),(0.,0.154630100683347,0.309260201366694,
0.470085696065486,0.630911190764278,0.794713949096814,0.95851670742935,
1.11520638323957,1.27189605904979),.UNSPECIFIED.);
#1760=B_SPLINE_CURVE_WITH_KNOTS('',3,(#7477,#7478,#7479,#7480,#7481,#7482,
#7483,#7484,#7485,#7486,#7487,#7488,#7489,#7490,#7491,#7492,#7493,#7494),
 .UNSPECIFIED.,.F.,.F.,(4,2,2,2,2,2,2,2,4),(-1.27185168207798,-1.1189667674267,
-0.966081852775417,-0.798493554381942,-0.630905255988468,-0.467799294503376,
-0.304693333018283,-0.152346666509142,0.),.UNSPECIFIED.);
#1761=B_SPLINE_CURVE_WITH_KNOTS('',3,(#7503,#7504,#7505,#7506,#7507,#7508,
#7509,#7510,#7511,#7512,#7513,#7514,#7515,#7516,#7517,#7518,#7519,#7520),
 .UNSPECIFIED.,.F.,.F.,(4,2,2,2,2,2,2,2,4),(0.,0.153169113917182,0.306338227834365,
0.46040152663642,0.614464825438475,0.769552478217529,0.924640130996582,
1.07849235950014,1.2323445880037),.UNSPECIFIED.);
#1762=B_SPLINE_CURVE_WITH_KNOTS('',3,(#7527,#7528,#7529,#7530,#7531,#7532,
#7533,#7534,#7535,#7536,#7537,#7538,#7539,#7540,#7541,#7542,#7543,#7544),
 .UNSPECIFIED.,.F.,.F.,(4,2,2,2,2,2,2,2,4),(-1.23234305468122,-1.07923565477312,
-0.926128254865013,-0.770296545271704,-0.614464835678395,-0.460177288073152,
-0.305889740467908,-0.152944870233954,0.),.UNSPECIFIED.);
#1763=B_SPLINE_CURVE_WITH_KNOTS('',3,(#7553,#7554,#7555,#7556,#7557,#7558,
#7559,#7560,#7561,#7562,#7563,#7564,#7565,#7566,#7567,#7568,#7569,#7570),
 .UNSPECIFIED.,.F.,.F.,(4,2,2,2,2,2,2,2,4),(-1.22668262445502,-1.0735514290187,
-0.920420233582377,-0.766474280657146,-0.612528327731916,-0.459319433317667,
-0.306110538903418,-0.153055269451709,0.),.UNSPECIFIED.);
#1764=B_SPLINE_CURVE_WITH_KNOTS('',3,(#7577,#7578,#7579,#7580,#7581,#7582,
#7583,#7584,#7585,#7586,#7587,#7588,#7589,#7590,#7591,#7592,#7593,#7594),
 .UNSPECIFIED.,.F.,.F.,(4,2,2,2,2,2,2,2,4),(0.,0.153055269451709,0.306110538903419,
0.459319433317667,0.612528327731916,0.766474280657147,0.920420233582377,
1.0735514290187,1.22668262445502),.UNSPECIFIED.);
#1765=B_SPLINE_CURVE_WITH_KNOTS('',3,(#7603,#7604,#7605,#7606,#7607,#7608,
#7609,#7610,#7611,#7612,#7613,#7614,#7615,#7616,#7617,#7618,#7619,#7620),
 .UNSPECIFIED.,.F.,.F.,(4,2,2,2,2,2,2,2,4),(0.,0.155955494106378,0.311910988212756,
0.473462953412032,0.635014918611308,0.79403495378021,0.953054988949111,
1.10727560448274,1.26149622001637),.UNSPECIFIED.);
#1766=B_SPLINE_CURVE_WITH_KNOTS('',3,(#7627,#7628,#7629,#7630,#7631,#7632,
#7633,#7634,#7635,#7636,#7637,#7638,#7639,#7640,#7641,#7642,#7643,#7644),
 .UNSPECIFIED.,.F.,.F.,(4,2,2,2,2,2,2,2,4),(-1.26146882147947,-1.10897656972174,
-0.956484317964007,-0.795737560263668,-0.63499080256333,-0.470431153366337,
-0.305871504169344,-0.152935752084672,0.),.UNSPECIFIED.);
#1767=B_SPLINE_CURVE_WITH_KNOTS('',3,(#7653,#7654,#7655,#7656,#7657,#7658,
#7659,#7660,#7661,#7662,#7663,#7664,#7665,#7666,#7667,#7668,#7669,#7670),
 .UNSPECIFIED.,.F.,.F.,(4,2,2,2,2,2,2,2,4),(0.,0.153077582240048,0.306155164480096,
0.459229110348017,0.612303056215937,0.765510127971764,0.918717199727591,
1.07188295191616,1.22504870410473),.UNSPECIFIED.);
#1768=B_SPLINE_CURVE_WITH_KNOTS('',3,(#7677,#7678,#7679,#7680,#7681,#7682,
#7683,#7684,#7685,#7686,#7687,#7688,#7689,#7690,#7691,#7692,#7693,#7694),
 .UNSPECIFIED.,.F.,.F.,(4,2,2,2,2,2,2,2,4),(-1.22504869482313,-1.071925421621,
-0.918802148418874,-0.765552600921294,-0.612303053423714,-0.459254251774873,
-0.306205450126032,-0.153102725063016,0.),.UNSPECIFIED.);
#1769=B_SPLINE_CURVE_WITH_KNOTS('',3,(#7709,#7710,#7711,#7712,#7713,#7714,
#7715,#7716,#7717,#7718),.UNSPECIFIED.,.F.,.F.,(4,2,2,2,4),(0.612457996579111,
0.765572382483181,0.918686768387252,1.07180138077274,1.22491599315822),
 .UNSPECIFIED.);
#1770=B_SPLINE_CURVE_WITH_KNOTS('',3,(#7720,#7721,#7722,#7723,#7724,#7725,
#7726,#7727,#7728,#7729),.UNSPECIFIED.,.F.,.F.,(4,2,2,2,4),(0.,0.153114612385485,
0.30622922477097,0.45934361067504,0.612457996579111),.UNSPECIFIED.);
#1771=B_SPLINE_CURVE_WITH_KNOTS('',3,(#7735,#7736,#7737,#7738,#7739,#7740,
#7741,#7742,#7743,#7744),.UNSPECIFIED.,.F.,.F.,(4,2,2,2,4),(-0.612457996579113,
-0.459343610675041,-0.30622922477097,-0.153114612385485,0.),
 .UNSPECIFIED.);
#1772=B_SPLINE_CURVE_WITH_KNOTS('',3,(#7745,#7746,#7747,#7748,#7749,#7750,
#7751,#7752,#7753,#7754),.UNSPECIFIED.,.F.,.F.,(4,2,2,2,4),(-1.22491599315822,
-1.07180138077274,-0.918686768387255,-0.765572382483183,-0.612457996579113),
 .UNSPECIFIED.);
#1773=B_SPLINE_CURVE_WITH_KNOTS('',3,(#7757,#7758,#7759,#7760,#7761,#7762,
#7763,#7764,#7765,#7766,#7767,#7768,#7769,#7770,#7771,#7772,#7773,#7774),
 .UNSPECIFIED.,.F.,.F.,(4,2,2,2,2,2,2,2,4),(0.,0.153114612385485,0.30622922477097,
0.459343610675041,0.612457996579113,0.765572382483184,0.918686768387255,
1.07180138077274,1.22491599315822),.UNSPECIFIED.);
#1774=B_SPLINE_CURVE_WITH_KNOTS('',3,(#7783,#7784,#7785,#7786,#7787,#7788,
#7789,#7790,#7791,#7792,#7793,#7794,#7795,#7796,#7797,#7798,#7799,#7800),
 .UNSPECIFIED.,.F.,.F.,(4,2,2,2,2,2,2,2,4),(-1.22491599315822,-1.07180138077274,
-0.918686768387252,-0.765572382483181,-0.612457996579111,-0.45934361067504,
-0.306229224770969,-0.153114612385485,0.),.UNSPECIFIED.);
#1775=VERTEX_POINT('',#5816);
#1776=VERTEX_POINT('',#5817);
#1777=VERTEX_POINT('',#5828);
#1778=VERTEX_POINT('',#5830);
#1779=VERTEX_POINT('',#5843);
#1780=VERTEX_POINT('',#5845);
#1781=VERTEX_POINT('',#5847);
#1782=VERTEX_POINT('',#5849);
#1783=VERTEX_POINT('',#5862);
#1784=VERTEX_POINT('',#5864);
#1785=VERTEX_POINT('',#5866);
#1786=VERTEX_POINT('',#5868);
#1787=VERTEX_POINT('',#5870);
#1788=VERTEX_POINT('',#5872);
#1789=VERTEX_POINT('',#5874);
#1790=VERTEX_POINT('',#5876);
#1791=VERTEX_POINT('',#5878);
#1792=VERTEX_POINT('',#5880);
#1793=VERTEX_POINT('',#5882);
#1794=VERTEX_POINT('',#5884);
#1795=VERTEX_POINT('',#5886);
#1796=VERTEX_POINT('',#5888);
#1797=VERTEX_POINT('',#5890);
#1798=VERTEX_POINT('',#5892);
#1799=VERTEX_POINT('',#5894);
#1800=VERTEX_POINT('',#5896);
#1801=VERTEX_POINT('',#5898);
#1802=VERTEX_POINT('',#5900);
#1803=VERTEX_POINT('',#5902);
#1804=VERTEX_POINT('',#5905);
#1805=VERTEX_POINT('',#5908);
#1806=VERTEX_POINT('',#5919);
#1807=VERTEX_POINT('',#5932);
#1808=VERTEX_POINT('',#5934);
#1809=VERTEX_POINT('',#5936);
#1810=VERTEX_POINT('',#5949);
#1811=VERTEX_POINT('',#5960);
#1812=VERTEX_POINT('',#5973);
#1813=VERTEX_POINT('',#5975);
#1814=VERTEX_POINT('',#5977);
#1815=VERTEX_POINT('',#5990);
#1816=VERTEX_POINT('',#6001);
#1817=VERTEX_POINT('',#6014);
#1818=VERTEX_POINT('',#6016);
#1819=VERTEX_POINT('',#6018);
#1820=VERTEX_POINT('',#6031);
#1821=VERTEX_POINT('',#6042);
#1822=VERTEX_POINT('',#6055);
#1823=VERTEX_POINT('',#6057);
#1824=VERTEX_POINT('',#6059);
#1825=VERTEX_POINT('',#6072);
#1826=VERTEX_POINT('',#6083);
#1827=VERTEX_POINT('',#6096);
#1828=VERTEX_POINT('',#6098);
#1829=VERTEX_POINT('',#6109);
#1830=VERTEX_POINT('',#6113);
#1831=VERTEX_POINT('',#6114);
#1832=VERTEX_POINT('',#6128);
#1833=VERTEX_POINT('',#6130);
#1834=VERTEX_POINT('',#6132);
#1835=VERTEX_POINT('',#6135);
#1836=VERTEX_POINT('',#6137);
#1837=VERTEX_POINT('',#6140);
#1838=VERTEX_POINT('',#6142);
#1839=VERTEX_POINT('',#6145);
#1840=VERTEX_POINT('',#6147);
#1841=VERTEX_POINT('',#6150);
#1842=VERTEX_POINT('',#6152);
#1843=VERTEX_POINT('',#6156);
#1844=VERTEX_POINT('',#6159);
#1845=VERTEX_POINT('',#6175);
#1846=VERTEX_POINT('',#6191);
#1847=VERTEX_POINT('',#6207);
#1848=VERTEX_POINT('',#6223);
#1849=VERTEX_POINT('',#6236);
#1850=VERTEX_POINT('',#6238);
#1851=VERTEX_POINT('',#6242);
#1852=VERTEX_POINT('',#6243);
#1853=VERTEX_POINT('',#6245);
#1854=VERTEX_POINT('',#6247);
#1855=VERTEX_POINT('',#6249);
#1856=VERTEX_POINT('',#6251);
#1857=VERTEX_POINT('',#6253);
#1858=VERTEX_POINT('',#6255);
#1859=VERTEX_POINT('',#6257);
#1860=VERTEX_POINT('',#6259);
#1861=VERTEX_POINT('',#6261);
#1862=VERTEX_POINT('',#6263);
#1863=VERTEX_POINT('',#6265);
#1864=VERTEX_POINT('',#6267);
#1865=VERTEX_POINT('',#6269);
#1866=VERTEX_POINT('',#6271);
#1867=VERTEX_POINT('',#6273);
#1868=VERTEX_POINT('',#6275);
#1869=VERTEX_POINT('',#6277);
#1870=VERTEX_POINT('',#6279);
#1871=VERTEX_POINT('',#6281);
#1872=VERTEX_POINT('',#6283);
#1873=VERTEX_POINT('',#6285);
#1874=VERTEX_POINT('',#6287);
#1875=VERTEX_POINT('',#6289);
#1876=VERTEX_POINT('',#6291);
#1877=VERTEX_POINT('',#6293);
#1878=VERTEX_POINT('',#6296);
#1879=VERTEX_POINT('',#6298);
#1880=VERTEX_POINT('',#6309);
#1881=VERTEX_POINT('',#6311);
#1882=VERTEX_POINT('',#6323);
#1883=VERTEX_POINT('',#6334);
#1884=VERTEX_POINT('',#6346);
#1885=VERTEX_POINT('',#6347);
#1886=VERTEX_POINT('',#6349);
#1887=VERTEX_POINT('',#6368);
#1888=VERTEX_POINT('',#6388);
#1889=VERTEX_POINT('',#6389);
#1890=VERTEX_POINT('',#6391);
#1891=VERTEX_POINT('',#6410);
#1892=VERTEX_POINT('',#6430);
#1893=VERTEX_POINT('',#6431);
#1894=VERTEX_POINT('',#6433);
#1895=VERTEX_POINT('',#6452);
#1896=VERTEX_POINT('',#6472);
#1897=VERTEX_POINT('',#6473);
#1898=VERTEX_POINT('',#6475);
#1899=VERTEX_POINT('',#6494);
#1900=VERTEX_POINT('',#6514);
#1901=VERTEX_POINT('',#6515);
#1902=VERTEX_POINT('',#6517);
#1903=VERTEX_POINT('',#6536);
#1904=VERTEX_POINT('',#6556);
#1905=VERTEX_POINT('',#6557);
#1906=VERTEX_POINT('',#6559);
#1907=VERTEX_POINT('',#6578);
#1908=VERTEX_POINT('',#6598);
#1909=VERTEX_POINT('',#6599);
#1910=VERTEX_POINT('',#6601);
#1911=VERTEX_POINT('',#6620);
#1912=VERTEX_POINT('',#6641);
#1913=VERTEX_POINT('',#6642);
#1914=VERTEX_POINT('',#6644);
#1915=VERTEX_POINT('',#6646);
#1916=VERTEX_POINT('',#6650);
#1917=VERTEX_POINT('',#6652);
#1918=VERTEX_POINT('',#6656);
#1919=VERTEX_POINT('',#6658);
#1920=VERTEX_POINT('',#6665);
#1921=VERTEX_POINT('',#6666);
#1922=VERTEX_POINT('',#6668);
#1923=VERTEX_POINT('',#6672);
#1924=VERTEX_POINT('',#6676);
#1925=VERTEX_POINT('',#6679);
#1926=VERTEX_POINT('',#6684);
#1927=VERTEX_POINT('',#6687);
#1928=VERTEX_POINT('',#6695);
#1929=VERTEX_POINT('',#6696);
#1930=VERTEX_POINT('',#6698);
#1931=VERTEX_POINT('',#6700);
#1932=VERTEX_POINT('',#6704);
#1933=VERTEX_POINT('',#6706);
#1934=VERTEX_POINT('',#6710);
#1935=VERTEX_POINT('',#6712);
#1936=VERTEX_POINT('',#6719);
#1937=VERTEX_POINT('',#6720);
#1938=VERTEX_POINT('',#6722);
#1939=VERTEX_POINT('',#6724);
#1940=VERTEX_POINT('',#6728);
#1941=VERTEX_POINT('',#6730);
#1942=VERTEX_POINT('',#6734);
#1943=VERTEX_POINT('',#6736);
#1944=VERTEX_POINT('',#6743);
#1945=VERTEX_POINT('',#6745);
#1946=VERTEX_POINT('',#6749);
#1947=VERTEX_POINT('',#6750);
#1948=VERTEX_POINT('',#6753);
#1949=VERTEX_POINT('',#6757);
#1950=VERTEX_POINT('',#6759);
#1951=VERTEX_POINT('',#6763);
#1952=VERTEX_POINT('',#6770);
#1953=VERTEX_POINT('',#6771);
#1954=VERTEX_POINT('',#6773);
#1955=VERTEX_POINT('',#6775);
#1956=VERTEX_POINT('',#6779);
#1957=VERTEX_POINT('',#6781);
#1958=VERTEX_POINT('',#6785);
#1959=VERTEX_POINT('',#6787);
#1960=VERTEX_POINT('',#6794);
#1961=VERTEX_POINT('',#6795);
#1962=VERTEX_POINT('',#6797);
#1963=VERTEX_POINT('',#6799);
#1964=VERTEX_POINT('',#6803);
#1965=VERTEX_POINT('',#6805);
#1966=VERTEX_POINT('',#6809);
#1967=VERTEX_POINT('',#6811);
#1968=VERTEX_POINT('',#6818);
#1969=VERTEX_POINT('',#6819);
#1970=VERTEX_POINT('',#6821);
#1971=VERTEX_POINT('',#6824);
#1972=VERTEX_POINT('',#6828);
#1973=VERTEX_POINT('',#6830);
#1974=VERTEX_POINT('',#6836);
#1975=VERTEX_POINT('',#6838);
#1976=VERTEX_POINT('',#6845);
#1977=VERTEX_POINT('',#6846);
#1978=VERTEX_POINT('',#6848);
#1979=VERTEX_POINT('',#6850);
#1980=VERTEX_POINT('',#6854);
#1981=VERTEX_POINT('',#6856);
#1982=VERTEX_POINT('',#6860);
#1983=VERTEX_POINT('',#6862);
#1984=VERTEX_POINT('',#6869);
#1985=VERTEX_POINT('',#6873);
#1986=VERTEX_POINT('',#6874);
#1987=VERTEX_POINT('',#6876);
#1988=VERTEX_POINT('',#6878);
#1989=VERTEX_POINT('',#6882);
#1990=VERTEX_POINT('',#6884);
#1991=VERTEX_POINT('',#6888);
#1992=VERTEX_POINT('',#6896);
#1993=VERTEX_POINT('',#6897);
#1994=VERTEX_POINT('',#6899);
#1995=VERTEX_POINT('',#6901);
#1996=VERTEX_POINT('',#6905);
#1997=VERTEX_POINT('',#6907);
#1998=VERTEX_POINT('',#6911);
#1999=VERTEX_POINT('',#6913);
#2000=VERTEX_POINT('',#6920);
#2001=VERTEX_POINT('',#6921);
#2002=VERTEX_POINT('',#6923);
#2003=VERTEX_POINT('',#6926);
#2004=VERTEX_POINT('',#6930);
#2005=VERTEX_POINT('',#6932);
#2006=VERTEX_POINT('',#6938);
#2007=VERTEX_POINT('',#6940);
#2008=VERTEX_POINT('',#6947);
#2009=VERTEX_POINT('',#6948);
#2010=VERTEX_POINT('',#6950);
#2011=VERTEX_POINT('',#6954);
#2012=VERTEX_POINT('',#6958);
#2013=VERTEX_POINT('',#6961);
#2014=VERTEX_POINT('',#6966);
#2015=VERTEX_POINT('',#6968);
#2016=VERTEX_POINT('',#6977);
#2017=VERTEX_POINT('',#6978);
#2018=VERTEX_POINT('',#6980);
#2019=VERTEX_POINT('',#6982);
#2020=VERTEX_POINT('',#6986);
#2021=VERTEX_POINT('',#6988);
#2022=VERTEX_POINT('',#6992);
#2023=VERTEX_POINT('',#6994);
#2024=VERTEX_POINT('',#7001);
#2025=VERTEX_POINT('',#7002);
#2026=VERTEX_POINT('',#7004);
#2027=VERTEX_POINT('',#7006);
#2028=VERTEX_POINT('',#7010);
#2029=VERTEX_POINT('',#7012);
#2030=VERTEX_POINT('',#7016);
#2031=VERTEX_POINT('',#7018);
#2032=VERTEX_POINT('',#7025);
#2033=VERTEX_POINT('',#7026);
#2034=VERTEX_POINT('',#7028);
#2035=VERTEX_POINT('',#7030);
#2036=VERTEX_POINT('',#7034);
#2037=VERTEX_POINT('',#7036);
#2038=VERTEX_POINT('',#7040);
#2039=VERTEX_POINT('',#7042);
#2040=VERTEX_POINT('',#7049);
#2041=VERTEX_POINT('',#7050);
#2042=VERTEX_POINT('',#7052);
#2043=VERTEX_POINT('',#7055);
#2044=VERTEX_POINT('',#7059);
#2045=VERTEX_POINT('',#7061);
#2046=VERTEX_POINT('',#7067);
#2047=VERTEX_POINT('',#7069);
#2048=VERTEX_POINT('',#7076);
#2049=VERTEX_POINT('',#7077);
#2050=VERTEX_POINT('',#7079);
#2051=VERTEX_POINT('',#7081);
#2052=VERTEX_POINT('',#7085);
#2053=VERTEX_POINT('',#7087);
#2054=VERTEX_POINT('',#7091);
#2055=VERTEX_POINT('',#7093);
#2056=VERTEX_POINT('',#7100);
#2057=VERTEX_POINT('',#7104);
#2058=VERTEX_POINT('',#7105);
#2059=VERTEX_POINT('',#7108);
#2060=VERTEX_POINT('',#7112);
#2061=VERTEX_POINT('',#7114);
#2062=VERTEX_POINT('',#7118);
#2063=VERTEX_POINT('',#7120);
#2064=VERTEX_POINT('',#7127);
#2065=VERTEX_POINT('',#7128);
#2066=VERTEX_POINT('',#7130);
#2067=VERTEX_POINT('',#7132);
#2068=VERTEX_POINT('',#7136);
#2069=VERTEX_POINT('',#7138);
#2070=VERTEX_POINT('',#7142);
#2071=VERTEX_POINT('',#7144);
#2072=VERTEX_POINT('',#7151);
#2073=VERTEX_POINT('',#7152);
#2074=VERTEX_POINT('',#7154);
#2075=VERTEX_POINT('',#7156);
#2076=VERTEX_POINT('',#7160);
#2077=VERTEX_POINT('',#7164);
#2078=VERTEX_POINT('',#7169);
#2079=VERTEX_POINT('',#7171);
#2080=VERTEX_POINT('',#7178);
#2081=VERTEX_POINT('',#7179);
#2082=VERTEX_POINT('',#7181);
#2083=VERTEX_POINT('',#7183);
#2084=VERTEX_POINT('',#7187);
#2085=VERTEX_POINT('',#7190);
#2086=VERTEX_POINT('',#7196);
#2087=VERTEX_POINT('',#7198);
#2088=VERTEX_POINT('',#7205);
#2089=VERTEX_POINT('',#7206);
#2090=VERTEX_POINT('',#7208);
#2091=VERTEX_POINT('',#7210);
#2092=VERTEX_POINT('',#7214);
#2093=VERTEX_POINT('',#7217);
#2094=VERTEX_POINT('',#7221);
#2095=VERTEX_POINT('',#7225);
#2096=VERTEX_POINT('',#7232);
#2097=VERTEX_POINT('',#7233);
#2098=VERTEX_POINT('',#7235);
#2099=VERTEX_POINT('',#7237);
#2100=VERTEX_POINT('',#7241);
#2101=VERTEX_POINT('',#7243);
#2102=VERTEX_POINT('',#7247);
#2103=VERTEX_POINT('',#7249);
#2104=VERTEX_POINT('',#7256);
#2105=VERTEX_POINT('',#7257);
#2106=VERTEX_POINT('',#7259);
#2107=VERTEX_POINT('',#7261);
#2108=VERTEX_POINT('',#7265);
#2109=VERTEX_POINT('',#7267);
#2110=VERTEX_POINT('',#7271);
#2111=VERTEX_POINT('',#7273);
#2112=VERTEX_POINT('',#7280);
#2113=VERTEX_POINT('',#7281);
#2114=VERTEX_POINT('',#7283);
#2115=VERTEX_POINT('',#7285);
#2116=VERTEX_POINT('',#7289);
#2117=VERTEX_POINT('',#7291);
#2118=VERTEX_POINT('',#7295);
#2119=VERTEX_POINT('',#7297);
#2120=VERTEX_POINT('',#7304);
#2121=VERTEX_POINT('',#7305);
#2122=VERTEX_POINT('',#7307);
#2123=VERTEX_POINT('',#7309);
#2124=VERTEX_POINT('',#7313);
#2125=VERTEX_POINT('',#7315);
#2126=VERTEX_POINT('',#7319);
#2127=VERTEX_POINT('',#7321);
#2128=VERTEX_POINT('',#7328);
#2129=VERTEX_POINT('',#7329);
#2130=VERTEX_POINT('',#7331);
#2131=VERTEX_POINT('',#7333);
#2132=VERTEX_POINT('',#7337);
#2133=VERTEX_POINT('',#7339);
#2134=VERTEX_POINT('',#7343);
#2135=VERTEX_POINT('',#7345);
#2136=VERTEX_POINT('',#7352);
#2137=VERTEX_POINT('',#7353);
#2138=VERTEX_POINT('',#7355);
#2139=VERTEX_POINT('',#7357);
#2140=VERTEX_POINT('',#7361);
#2141=VERTEX_POINT('',#7363);
#2142=VERTEX_POINT('',#7367);
#2143=VERTEX_POINT('',#7369);
#2144=VERTEX_POINT('',#7396);
#2145=VERTEX_POINT('',#7398);
#2146=VERTEX_POINT('',#7402);
#2147=VERTEX_POINT('',#7423);
#2148=VERTEX_POINT('',#7446);
#2149=VERTEX_POINT('',#7448);
#2150=VERTEX_POINT('',#7452);
#2151=VERTEX_POINT('',#7473);
#2152=VERTEX_POINT('',#7496);
#2153=VERTEX_POINT('',#7498);
#2154=VERTEX_POINT('',#7502);
#2155=VERTEX_POINT('',#7523);
#2156=VERTEX_POINT('',#7546);
#2157=VERTEX_POINT('',#7547);
#2158=VERTEX_POINT('',#7552);
#2159=VERTEX_POINT('',#7573);
#2160=VERTEX_POINT('',#7596);
#2161=VERTEX_POINT('',#7598);
#2162=VERTEX_POINT('',#7602);
#2163=VERTEX_POINT('',#7623);
#2164=VERTEX_POINT('',#7646);
#2165=VERTEX_POINT('',#7648);
#2166=VERTEX_POINT('',#7652);
#2167=VERTEX_POINT('',#7673);
#2168=VERTEX_POINT('',#7696);
#2169=VERTEX_POINT('',#7698);
#2170=VERTEX_POINT('',#7702);
#2171=VERTEX_POINT('',#7704);
#2172=VERTEX_POINT('',#7708);
#2173=VERTEX_POINT('',#7719);
#2174=VERTEX_POINT('',#7732);
#2175=VERTEX_POINT('',#7734);
#2176=VERTEX_POINT('',#7756);
#2177=VERTEX_POINT('',#7779);
#2178=VERTEX_POINT('',#7803);
#2179=EDGE_CURVE('',#1775,#1776,#1715,.T.);
#2180=EDGE_CURVE('',#1776,#1777,#1532,.T.);
#2181=EDGE_CURVE('',#1777,#1778,#1716,.T.);
#2182=EDGE_CURVE('',#1778,#1775,#1533,.T.);
#2183=EDGE_CURVE('',#1779,#1777,#159,.T.);
#2184=EDGE_CURVE('',#1780,#1779,#160,.T.);
#2185=EDGE_CURVE('',#1781,#1780,#161,.T.);
#2186=EDGE_CURVE('',#1782,#1781,#1717,.T.);
#2187=EDGE_CURVE('',#1778,#1782,#162,.T.);
#2188=EDGE_CURVE('',#1776,#1783,#163,.T.);
#2189=EDGE_CURVE('',#1783,#1784,#164,.T.);
#2190=EDGE_CURVE('',#1784,#1785,#165,.T.);
#2191=EDGE_CURVE('',#1786,#1785,#1534,.T.);
#2192=EDGE_CURVE('',#1786,#1787,#166,.T.);
#2193=EDGE_CURVE('',#1787,#1788,#167,.T.);
#2194=EDGE_CURVE('',#1788,#1789,#168,.T.);
#2195=EDGE_CURVE('',#1790,#1789,#1535,.T.);
#2196=EDGE_CURVE('',#1790,#1791,#169,.T.);
#2197=EDGE_CURVE('',#1791,#1792,#170,.T.);
#2198=EDGE_CURVE('',#1792,#1793,#171,.T.);
#2199=EDGE_CURVE('',#1794,#1793,#1536,.T.);
#2200=EDGE_CURVE('',#1794,#1795,#172,.T.);
#2201=EDGE_CURVE('',#1795,#1796,#173,.T.);
#2202=EDGE_CURVE('',#1796,#1797,#174,.T.);
#2203=EDGE_CURVE('',#1798,#1797,#1537,.T.);
#2204=EDGE_CURVE('',#1798,#1799,#175,.T.);
#2205=EDGE_CURVE('',#1799,#1800,#176,.T.);
#2206=EDGE_CURVE('',#1800,#1801,#177,.T.);
#2207=EDGE_CURVE('',#1802,#1801,#1538,.T.);
#2208=EDGE_CURVE('',#1802,#1803,#178,.T.);
#2209=EDGE_CURVE('',#1803,#1779,#179,.T.);
#2210=EDGE_CURVE('',#1804,#1804,#1539,.T.);
#2211=EDGE_CURVE('',#1805,#1786,#1718,.T.);
#2212=EDGE_CURVE('',#1785,#1806,#1719,.T.);
#2213=EDGE_CURVE('',#1806,#1805,#1540,.T.);
#2214=EDGE_CURVE('',#1807,#1784,#180,.T.);
#2215=EDGE_CURVE('',#1808,#1807,#181,.T.);
#2216=EDGE_CURVE('',#1809,#1808,#1720,.T.);
#2217=EDGE_CURVE('',#1806,#1809,#182,.T.);
#2218=EDGE_CURVE('',#1810,#1790,#1721,.T.);
#2219=EDGE_CURVE('',#1789,#1811,#1722,.T.);
#2220=EDGE_CURVE('',#1811,#1810,#1541,.T.);
#2221=EDGE_CURVE('',#1812,#1788,#183,.T.);
#2222=EDGE_CURVE('',#1813,#1812,#184,.T.);
#2223=EDGE_CURVE('',#1814,#1813,#1723,.T.);
#2224=EDGE_CURVE('',#1811,#1814,#185,.T.);
#2225=EDGE_CURVE('',#1815,#1794,#1724,.T.);
#2226=EDGE_CURVE('',#1793,#1816,#1725,.T.);
#2227=EDGE_CURVE('',#1816,#1815,#1542,.T.);
#2228=EDGE_CURVE('',#1817,#1792,#186,.T.);
#2229=EDGE_CURVE('',#1818,#1817,#187,.T.);
#2230=EDGE_CURVE('',#1819,#1818,#1726,.T.);
#2231=EDGE_CURVE('',#1816,#1819,#188,.T.);
#2232=EDGE_CURVE('',#1820,#1798,#1727,.T.);
#2233=EDGE_CURVE('',#1797,#1821,#1728,.T.);
#2234=EDGE_CURVE('',#1821,#1820,#1543,.T.);
#2235=EDGE_CURVE('',#1822,#1796,#189,.T.);
#2236=EDGE_CURVE('',#1823,#1822,#190,.T.);
#2237=EDGE_CURVE('',#1824,#1823,#1729,.T.);
#2238=EDGE_CURVE('',#1821,#1824,#191,.T.);
#2239=EDGE_CURVE('',#1825,#1802,#1730,.T.);
#2240=EDGE_CURVE('',#1801,#1826,#1731,.T.);
#2241=EDGE_CURVE('',#1826,#1825,#1544,.T.);
#2242=EDGE_CURVE('',#1827,#1825,#192,.T.);
#2243=EDGE_CURVE('',#1828,#1827,#1732,.T.);
#2244=EDGE_CURVE('',#1829,#1828,#193,.T.);
#2245=EDGE_CURVE('',#1829,#1803,#194,.T.);
#2246=EDGE_CURVE('',#1830,#1831,#1733,.T.);
#2247=EDGE_CURVE('',#1831,#1828,#1545,.T.);
#2248=EDGE_CURVE('',#1827,#1830,#1546,.T.);
#2249=EDGE_CURVE('',#1831,#1832,#195,.T.);
#2250=EDGE_CURVE('',#1832,#1833,#196,.T.);
#2251=EDGE_CURVE('',#1833,#1834,#197,.T.);
#2252=EDGE_CURVE('',#1823,#1834,#1547,.T.);
#2253=EDGE_CURVE('',#1822,#1835,#198,.T.);
#2254=EDGE_CURVE('',#1835,#1836,#199,.T.);
#2255=EDGE_CURVE('',#1818,#1836,#1548,.T.);
#2256=EDGE_CURVE('',#1817,#1837,#200,.T.);
#2257=EDGE_CURVE('',#1837,#1838,#201,.T.);
#2258=EDGE_CURVE('',#1813,#1838,#1549,.T.);
#2259=EDGE_CURVE('',#1812,#1839,#202,.T.);
#2260=EDGE_CURVE('',#1839,#1840,#203,.T.);
#2261=EDGE_CURVE('',#1808,#1840,#1550,.T.);
#2262=EDGE_CURVE('',#1807,#1841,#204,.T.);
#2263=EDGE_CURVE('',#1841,#1842,#205,.T.);
#2264=EDGE_CURVE('',#1781,#1842,#1551,.T.);
#2265=EDGE_CURVE('',#1780,#1829,#206,.T.);
#2266=EDGE_CURVE('',#1843,#1843,#1552,.T.);
#2267=EDGE_CURVE('',#1842,#1844,#1734,.T.);
#2268=EDGE_CURVE('',#1844,#1782,#1553,.T.);
#2269=EDGE_CURVE('',#1844,#1775,#207,.T.);
#2270=EDGE_CURVE('',#1841,#1783,#208,.T.);
#2271=EDGE_CURVE('',#1840,#1845,#1735,.T.);
#2272=EDGE_CURVE('',#1845,#1809,#1554,.T.);
#2273=EDGE_CURVE('',#1845,#1805,#209,.T.);
#2274=EDGE_CURVE('',#1839,#1787,#210,.T.);
#2275=EDGE_CURVE('',#1838,#1846,#1736,.T.);
#2276=EDGE_CURVE('',#1846,#1814,#1555,.T.);
#2277=EDGE_CURVE('',#1846,#1810,#211,.T.);
#2278=EDGE_CURVE('',#1837,#1791,#212,.T.);
#2279=EDGE_CURVE('',#1836,#1847,#1737,.T.);
#2280=EDGE_CURVE('',#1847,#1819,#1556,.T.);
#2281=EDGE_CURVE('',#1847,#1815,#213,.T.);
#2282=EDGE_CURVE('',#1835,#1795,#214,.T.);
#2283=EDGE_CURVE('',#1834,#1848,#1738,.T.);
#2284=EDGE_CURVE('',#1848,#1824,#1557,.T.);
#2285=EDGE_CURVE('',#1804,#1849,#1558,.T.);
#2286=EDGE_CURVE('',#1849,#1850,#1559,.T.);
#2287=EDGE_CURVE('',#1850,#1849,#1560,.T.);
#2288=EDGE_CURVE('',#1851,#1852,#1561,.T.);
#2289=EDGE_CURVE('',#1853,#1851,#1562,.T.);
#2290=EDGE_CURVE('',#1854,#1853,#1563,.T.);
#2291=EDGE_CURVE('',#1855,#1854,#1564,.T.);
#2292=EDGE_CURVE('',#1856,#1855,#1565,.T.);
#2293=EDGE_CURVE('',#1857,#1856,#1566,.T.);
#2294=EDGE_CURVE('',#1858,#1857,#1567,.T.);
#2295=EDGE_CURVE('',#1859,#1858,#1568,.T.);
#2296=EDGE_CURVE('',#1860,#1859,#1569,.T.);
#2297=EDGE_CURVE('',#1861,#1860,#1570,.T.);
#2298=EDGE_CURVE('',#1862,#1861,#1571,.T.);
#2299=EDGE_CURVE('',#1863,#1862,#1572,.T.);
#2300=EDGE_CURVE('',#1864,#1863,#1573,.T.);
#2301=EDGE_CURVE('',#1865,#1864,#1574,.T.);
#2302=EDGE_CURVE('',#1866,#1865,#1575,.T.);
#2303=EDGE_CURVE('',#1867,#1866,#1576,.T.);
#2304=EDGE_CURVE('',#1868,#1867,#1577,.T.);
#2305=EDGE_CURVE('',#1869,#1868,#1578,.T.);
#2306=EDGE_CURVE('',#1870,#1869,#1579,.T.);
#2307=EDGE_CURVE('',#1871,#1870,#1580,.T.);
#2308=EDGE_CURVE('',#1872,#1871,#1581,.T.);
#2309=EDGE_CURVE('',#1873,#1872,#1582,.T.);
#2310=EDGE_CURVE('',#1874,#1873,#1583,.T.);
#2311=EDGE_CURVE('',#1875,#1874,#1584,.T.);
#2312=EDGE_CURVE('',#1876,#1875,#1585,.T.);
#2313=EDGE_CURVE('',#1877,#1876,#1586,.T.);
#2314=EDGE_CURVE('',#1852,#1877,#1587,.T.);
#2315=EDGE_CURVE('',#1852,#1878,#215,.T.);
#2316=EDGE_CURVE('',#1878,#1879,#1739,.T.);
#2317=EDGE_CURVE('',#1879,#1880,#216,.T.);
#2318=EDGE_CURVE('',#1880,#1881,#1740,.T.);
#2319=EDGE_CURVE('',#1881,#1850,#217,.T.);
#2320=EDGE_CURVE('',#1881,#1882,#1741,.T.);
#2321=EDGE_CURVE('',#1882,#1883,#218,.T.);
#2322=EDGE_CURVE('',#1883,#1878,#1742,.T.);
#2323=EDGE_CURVE('',#1884,#1885,#219,.T.);
#2324=EDGE_CURVE('',#1885,#1886,#1743,.T.);
#2325=EDGE_CURVE('',#1886,#1887,#220,.T.);
#2326=EDGE_CURVE('',#1887,#1884,#1744,.T.);
#2327=EDGE_CURVE('',#1888,#1889,#221,.T.);
#2328=EDGE_CURVE('',#1889,#1890,#1745,.T.);
#2329=EDGE_CURVE('',#1890,#1891,#222,.T.);
#2330=EDGE_CURVE('',#1891,#1888,#1746,.T.);
#2331=EDGE_CURVE('',#1892,#1893,#223,.T.);
#2332=EDGE_CURVE('',#1893,#1894,#1747,.T.);
#2333=EDGE_CURVE('',#1894,#1895,#224,.T.);
#2334=EDGE_CURVE('',#1895,#1892,#1748,.T.);
#2335=EDGE_CURVE('',#1896,#1897,#225,.T.);
#2336=EDGE_CURVE('',#1897,#1898,#1749,.T.);
#2337=EDGE_CURVE('',#1898,#1899,#226,.T.);
#2338=EDGE_CURVE('',#1899,#1896,#1750,.T.);
#2339=EDGE_CURVE('',#1900,#1901,#227,.T.);
#2340=EDGE_CURVE('',#1901,#1902,#1751,.T.);
#2341=EDGE_CURVE('',#1902,#1903,#228,.T.);
#2342=EDGE_CURVE('',#1903,#1900,#1752,.T.);
#2343=EDGE_CURVE('',#1904,#1905,#229,.T.);
#2344=EDGE_CURVE('',#1905,#1906,#1753,.T.);
#2345=EDGE_CURVE('',#1906,#1907,#230,.T.);
#2346=EDGE_CURVE('',#1907,#1904,#1754,.T.);
#2347=EDGE_CURVE('',#1908,#1909,#231,.T.);
#2348=EDGE_CURVE('',#1909,#1910,#1755,.T.);
#2349=EDGE_CURVE('',#1910,#1911,#232,.T.);
#2350=EDGE_CURVE('',#1911,#1908,#1756,.T.);
#2351=EDGE_CURVE('',#1912,#1913,#233,.T.);
#2352=EDGE_CURVE('',#1912,#1914,#234,.T.);
#2353=EDGE_CURVE('',#1915,#1914,#235,.T.);
#2354=EDGE_CURVE('',#1913,#1915,#236,.T.);
#2355=EDGE_CURVE('',#1913,#1916,#1588,.T.);
#2356=EDGE_CURVE('',#1917,#1915,#1589,.T.);
#2357=EDGE_CURVE('',#1916,#1917,#237,.T.);
#2358=EDGE_CURVE('',#1916,#1918,#238,.T.);
#2359=EDGE_CURVE('',#1919,#1917,#239,.T.);
#2360=EDGE_CURVE('',#1919,#1918,#240,.T.);
#2361=EDGE_CURVE('',#1918,#1912,#1590,.T.);
#2362=EDGE_CURVE('',#1914,#1919,#1591,.T.);
#2363=EDGE_CURVE('',#1920,#1921,#241,.T.);
#2364=EDGE_CURVE('',#1920,#1922,#242,.T.);
#2365=EDGE_CURVE('',#1922,#1870,#243,.T.);
#2366=EDGE_CURVE('',#1869,#1870,#244,.T.);
#2367=EDGE_CURVE('',#1869,#1923,#245,.T.);
#2368=EDGE_CURVE('',#1921,#1923,#246,.T.);
#2369=EDGE_CURVE('',#1921,#1924,#1592,.T.);
#2370=EDGE_CURVE('',#1923,#1868,#1593,.T.);
#2371=EDGE_CURVE('',#1925,#1868,#1594,.T.);
#2372=EDGE_CURVE('',#1924,#1925,#247,.T.);
#2373=EDGE_CURVE('',#1924,#1926,#248,.T.);
#2374=EDGE_CURVE('',#1871,#1925,#249,.T.);
#2375=EDGE_CURVE('',#1871,#1927,#250,.T.);
#2376=EDGE_CURVE('',#1927,#1926,#251,.T.);
#2377=EDGE_CURVE('',#1926,#1920,#1595,.T.);
#2378=EDGE_CURVE('',#1927,#1922,#1596,.T.);
#2379=EDGE_CURVE('',#1928,#1929,#252,.T.);
#2380=EDGE_CURVE('',#1928,#1930,#253,.T.);
#2381=EDGE_CURVE('',#1931,#1930,#254,.T.);
#2382=EDGE_CURVE('',#1929,#1931,#255,.T.);
#2383=EDGE_CURVE('',#1929,#1932,#1597,.T.);
#2384=EDGE_CURVE('',#1933,#1931,#1598,.T.);
#2385=EDGE_CURVE('',#1932,#1933,#256,.T.);
#2386=EDGE_CURVE('',#1932,#1934,#257,.T.);
#2387=EDGE_CURVE('',#1935,#1933,#258,.T.);
#2388=EDGE_CURVE('',#1935,#1934,#259,.T.);
#2389=EDGE_CURVE('',#1934,#1928,#1599,.T.);
#2390=EDGE_CURVE('',#1930,#1935,#1600,.T.);
#2391=EDGE_CURVE('',#1936,#1937,#260,.T.);
#2392=EDGE_CURVE('',#1936,#1938,#261,.T.);
#2393=EDGE_CURVE('',#1939,#1938,#262,.T.);
#2394=EDGE_CURVE('',#1937,#1939,#263,.T.);
#2395=EDGE_CURVE('',#1937,#1940,#1601,.T.);
#2396=EDGE_CURVE('',#1941,#1939,#1602,.T.);
#2397=EDGE_CURVE('',#1940,#1941,#264,.T.);
#2398=EDGE_CURVE('',#1940,#1942,#265,.T.);
#2399=EDGE_CURVE('',#1943,#1941,#266,.T.);
#2400=EDGE_CURVE('',#1943,#1942,#267,.T.);
#2401=EDGE_CURVE('',#1942,#1936,#1603,.T.);
#2402=EDGE_CURVE('',#1938,#1943,#1604,.T.);
#2403=EDGE_CURVE('',#1944,#1874,#268,.T.);
#2404=EDGE_CURVE('',#1945,#1944,#1605,.T.);
#2405=EDGE_CURVE('',#1875,#1945,#269,.T.);
#2406=EDGE_CURVE('',#1946,#1947,#270,.T.);
#2407=EDGE_CURVE('',#1946,#1944,#271,.T.);
#2408=EDGE_CURVE('',#1948,#1874,#272,.T.);
#2409=EDGE_CURVE('',#1947,#1948,#273,.T.);
#2410=EDGE_CURVE('',#1947,#1949,#1606,.T.);
#2411=EDGE_CURVE('',#1950,#1948,#1607,.T.);
#2412=EDGE_CURVE('',#1949,#1950,#274,.T.);
#2413=EDGE_CURVE('',#1949,#1951,#275,.T.);
#2414=EDGE_CURVE('',#1875,#1950,#276,.T.);
#2415=EDGE_CURVE('',#1945,#1951,#277,.T.);
#2416=EDGE_CURVE('',#1951,#1946,#1608,.T.);
#2417=EDGE_CURVE('',#1952,#1953,#278,.T.);
#2418=EDGE_CURVE('',#1952,#1954,#279,.T.);
#2419=EDGE_CURVE('',#1955,#1954,#280,.T.);
#2420=EDGE_CURVE('',#1953,#1955,#281,.T.);
#2421=EDGE_CURVE('',#1953,#1956,#1609,.T.);
#2422=EDGE_CURVE('',#1957,#1955,#1610,.T.);
#2423=EDGE_CURVE('',#1956,#1957,#282,.T.);
#2424=EDGE_CURVE('',#1956,#1958,#283,.T.);
#2425=EDGE_CURVE('',#1959,#1957,#284,.T.);
#2426=EDGE_CURVE('',#1959,#1958,#285,.T.);
#2427=EDGE_CURVE('',#1958,#1952,#1611,.T.);
#2428=EDGE_CURVE('',#1954,#1959,#1612,.T.);
#2429=EDGE_CURVE('',#1960,#1961,#286,.T.);
#2430=EDGE_CURVE('',#1960,#1962,#287,.T.);
#2431=EDGE_CURVE('',#1963,#1962,#288,.T.);
#2432=EDGE_CURVE('',#1961,#1963,#289,.T.);
#2433=EDGE_CURVE('',#1961,#1964,#1613,.T.);
#2434=EDGE_CURVE('',#1965,#1963,#1614,.T.);
#2435=EDGE_CURVE('',#1964,#1965,#290,.T.);
#2436=EDGE_CURVE('',#1964,#1966,#291,.T.);
#2437=EDGE_CURVE('',#1967,#1965,#292,.T.);
#2438=EDGE_CURVE('',#1967,#1966,#293,.T.);
#2439=EDGE_CURVE('',#1966,#1960,#1615,.T.);
#2440=EDGE_CURVE('',#1962,#1967,#1616,.T.);
#2441=EDGE_CURVE('',#1968,#1969,#294,.T.);
#2442=EDGE_CURVE('',#1968,#1970,#295,.T.);
#2443=EDGE_CURVE('',#1857,#1970,#296,.T.);
#2444=EDGE_CURVE('',#1857,#1971,#297,.T.);
#2445=EDGE_CURVE('',#1969,#1971,#298,.T.);
#2446=EDGE_CURVE('',#1969,#1972,#1617,.T.);
#2447=EDGE_CURVE('',#1971,#1973,#1618,.T.);
#2448=EDGE_CURVE('',#1972,#1973,#299,.T.);
#2449=EDGE_CURVE('',#1973,#1856,#300,.T.);
#2450=EDGE_CURVE('',#1972,#1974,#301,.T.);
#2451=EDGE_CURVE('',#1975,#1856,#302,.T.);
#2452=EDGE_CURVE('',#1975,#1974,#303,.T.);
#2453=EDGE_CURVE('',#1974,#1968,#1619,.T.);
#2454=EDGE_CURVE('',#1970,#1975,#1620,.T.);
#2455=EDGE_CURVE('',#1976,#1977,#304,.T.);
#2456=EDGE_CURVE('',#1976,#1978,#305,.T.);
#2457=EDGE_CURVE('',#1979,#1978,#306,.T.);
#2458=EDGE_CURVE('',#1977,#1979,#307,.T.);
#2459=EDGE_CURVE('',#1977,#1980,#1621,.T.);
#2460=EDGE_CURVE('',#1981,#1979,#1622,.T.);
#2461=EDGE_CURVE('',#1980,#1981,#308,.T.);
#2462=EDGE_CURVE('',#1980,#1982,#309,.T.);
#2463=EDGE_CURVE('',#1983,#1981,#310,.T.);
#2464=EDGE_CURVE('',#1983,#1982,#311,.T.);
#2465=EDGE_CURVE('',#1982,#1976,#1623,.T.);
#2466=EDGE_CURVE('',#1978,#1983,#1624,.T.);
#2467=EDGE_CURVE('',#1984,#1876,#1625,.T.);
#2468=EDGE_CURVE('',#1877,#1984,#312,.T.);
#2469=EDGE_CURVE('',#1985,#1986,#313,.T.);
#2470=EDGE_CURVE('',#1985,#1987,#314,.T.);
#2471=EDGE_CURVE('',#1988,#1987,#315,.T.);
#2472=EDGE_CURVE('',#1986,#1988,#316,.T.);
#2473=EDGE_CURVE('',#1986,#1989,#1626,.T.);
#2474=EDGE_CURVE('',#1990,#1988,#1627,.T.);
#2475=EDGE_CURVE('',#1989,#1990,#317,.T.);
#2476=EDGE_CURVE('',#1989,#1991,#318,.T.);
#2477=EDGE_CURVE('',#1877,#1990,#319,.T.);
#2478=EDGE_CURVE('',#1984,#1991,#320,.T.);
#2479=EDGE_CURVE('',#1991,#1985,#1628,.T.);
#2480=EDGE_CURVE('',#1987,#1876,#1629,.T.);
#2481=EDGE_CURVE('',#1992,#1993,#321,.T.);
#2482=EDGE_CURVE('',#1992,#1994,#322,.T.);
#2483=EDGE_CURVE('',#1995,#1994,#323,.T.);
#2484=EDGE_CURVE('',#1993,#1995,#324,.T.);
#2485=EDGE_CURVE('',#1993,#1996,#1630,.T.);
#2486=EDGE_CURVE('',#1997,#1995,#1631,.T.);
#2487=EDGE_CURVE('',#1996,#1997,#325,.T.);
#2488=EDGE_CURVE('',#1996,#1998,#326,.T.);
#2489=EDGE_CURVE('',#1999,#1997,#327,.T.);
#2490=EDGE_CURVE('',#1999,#1998,#328,.T.);
#2491=EDGE_CURVE('',#1998,#1992,#1632,.T.);
#2492=EDGE_CURVE('',#1994,#1999,#1633,.T.);
#2493=EDGE_CURVE('',#2000,#2001,#329,.T.);
#2494=EDGE_CURVE('',#2000,#2002,#330,.T.);
#2495=EDGE_CURVE('',#1861,#2002,#331,.T.);
#2496=EDGE_CURVE('',#1861,#2003,#332,.T.);
#2497=EDGE_CURVE('',#2001,#2003,#333,.T.);
#2498=EDGE_CURVE('',#2001,#2004,#1634,.T.);
#2499=EDGE_CURVE('',#2003,#2005,#1635,.T.);
#2500=EDGE_CURVE('',#2004,#2005,#334,.T.);
#2501=EDGE_CURVE('',#2005,#1860,#335,.T.);
#2502=EDGE_CURVE('',#2004,#2006,#336,.T.);
#2503=EDGE_CURVE('',#2007,#1860,#337,.T.);
#2504=EDGE_CURVE('',#2007,#2006,#338,.T.);
#2505=EDGE_CURVE('',#2006,#2000,#1636,.T.);
#2506=EDGE_CURVE('',#2002,#2007,#1637,.T.);
#2507=EDGE_CURVE('',#2008,#2009,#339,.T.);
#2508=EDGE_CURVE('',#2008,#2010,#340,.T.);
#2509=EDGE_CURVE('',#2010,#1866,#341,.T.);
#2510=EDGE_CURVE('',#1865,#1866,#342,.T.);
#2511=EDGE_CURVE('',#1865,#2011,#343,.T.);
#2512=EDGE_CURVE('',#2009,#2011,#344,.T.);
#2513=EDGE_CURVE('',#2009,#2012,#1638,.T.);
#2514=EDGE_CURVE('',#2011,#1864,#1639,.T.);
#2515=EDGE_CURVE('',#2013,#1864,#1640,.T.);
#2516=EDGE_CURVE('',#2012,#2013,#345,.T.);
#2517=EDGE_CURVE('',#2012,#2014,#346,.T.);
#2518=EDGE_CURVE('',#2015,#2013,#347,.T.);
#2519=EDGE_CURVE('',#2015,#2014,#348,.T.);
#2520=EDGE_CURVE('',#2014,#2008,#1641,.T.);
#2521=EDGE_CURVE('',#1867,#2015,#1642,.T.);
#2522=EDGE_CURVE('',#1867,#2010,#1643,.T.);
#2523=EDGE_CURVE('',#2016,#2017,#349,.T.);
#2524=EDGE_CURVE('',#2016,#2018,#350,.T.);
#2525=EDGE_CURVE('',#2019,#2018,#351,.T.);
#2526=EDGE_CURVE('',#2017,#2019,#352,.T.);
#2527=EDGE_CURVE('',#2017,#2020,#1644,.T.);
#2528=EDGE_CURVE('',#2021,#2019,#1645,.T.);
#2529=EDGE_CURVE('',#2020,#2021,#353,.T.);
#2530=EDGE_CURVE('',#2020,#2022,#354,.T.);
#2531=EDGE_CURVE('',#2023,#2021,#355,.T.);
#2532=EDGE_CURVE('',#2023,#2022,#356,.T.);
#2533=EDGE_CURVE('',#2022,#2016,#1646,.T.);
#2534=EDGE_CURVE('',#2018,#2023,#1647,.T.);
#2535=EDGE_CURVE('',#2024,#2025,#357,.T.);
#2536=EDGE_CURVE('',#2024,#2026,#358,.T.);
#2537=EDGE_CURVE('',#2027,#2026,#359,.T.);
#2538=EDGE_CURVE('',#2025,#2027,#360,.T.);
#2539=EDGE_CURVE('',#2025,#2028,#1648,.T.);
#2540=EDGE_CURVE('',#2029,#2027,#1649,.T.);
#2541=EDGE_CURVE('',#2028,#2029,#361,.T.);
#2542=EDGE_CURVE('',#2028,#2030,#362,.T.);
#2543=EDGE_CURVE('',#2031,#2029,#363,.T.);
#2544=EDGE_CURVE('',#2031,#2030,#364,.T.);
#2545=EDGE_CURVE('',#2030,#2024,#1650,.T.);
#2546=EDGE_CURVE('',#2026,#2031,#1651,.T.);
#2547=EDGE_CURVE('',#2032,#2033,#365,.T.);
#2548=EDGE_CURVE('',#2032,#2034,#366,.T.);
#2549=EDGE_CURVE('',#2035,#2034,#367,.T.);
#2550=EDGE_CURVE('',#2033,#2035,#368,.T.);
#2551=EDGE_CURVE('',#2033,#2036,#1652,.T.);
#2552=EDGE_CURVE('',#2037,#2035,#1653,.T.);
#2553=EDGE_CURVE('',#2036,#2037,#369,.T.);
#2554=EDGE_CURVE('',#2036,#2038,#370,.T.);
#2555=EDGE_CURVE('',#2039,#2037,#371,.T.);
#2556=EDGE_CURVE('',#2039,#2038,#372,.T.);
#2557=EDGE_CURVE('',#2038,#2032,#1654,.T.);
#2558=EDGE_CURVE('',#2034,#2039,#1655,.T.);
#2559=EDGE_CURVE('',#2040,#2041,#373,.T.);
#2560=EDGE_CURVE('',#2040,#2042,#374,.T.);
#2561=EDGE_CURVE('',#1863,#2042,#375,.T.);
#2562=EDGE_CURVE('',#1863,#2043,#376,.T.);
#2563=EDGE_CURVE('',#2041,#2043,#377,.T.);
#2564=EDGE_CURVE('',#2041,#2044,#1656,.T.);
#2565=EDGE_CURVE('',#2043,#2045,#1657,.T.);
#2566=EDGE_CURVE('',#2044,#2045,#378,.T.);
#2567=EDGE_CURVE('',#2045,#1862,#379,.T.);
#2568=EDGE_CURVE('',#2044,#2046,#380,.T.);
#2569=EDGE_CURVE('',#2047,#1862,#381,.T.);
#2570=EDGE_CURVE('',#2047,#2046,#382,.T.);
#2571=EDGE_CURVE('',#2046,#2040,#1658,.T.);
#2572=EDGE_CURVE('',#2042,#2047,#1659,.T.);
#2573=EDGE_CURVE('',#2048,#2049,#383,.T.);
#2574=EDGE_CURVE('',#2048,#2050,#384,.T.);
#2575=EDGE_CURVE('',#2051,#2050,#385,.T.);
#2576=EDGE_CURVE('',#2049,#2051,#386,.T.);
#2577=EDGE_CURVE('',#2049,#2052,#1660,.T.);
#2578=EDGE_CURVE('',#2053,#2051,#1661,.T.);
#2579=EDGE_CURVE('',#2052,#2053,#387,.T.);
#2580=EDGE_CURVE('',#2052,#2054,#388,.T.);
#2581=EDGE_CURVE('',#2055,#2053,#389,.T.);
#2582=EDGE_CURVE('',#2055,#2054,#390,.T.);
#2583=EDGE_CURVE('',#2054,#2048,#1662,.T.);
#2584=EDGE_CURVE('',#2050,#2055,#1663,.T.);
#2585=EDGE_CURVE('',#2056,#1872,#391,.T.);
#2586=EDGE_CURVE('',#1873,#2056,#1664,.T.);
#2587=EDGE_CURVE('',#2057,#2058,#392,.T.);
#2588=EDGE_CURVE('',#2057,#2056,#393,.T.);
#2589=EDGE_CURVE('',#2059,#1872,#394,.T.);
#2590=EDGE_CURVE('',#2058,#2059,#395,.T.);
#2591=EDGE_CURVE('',#2058,#2060,#1665,.T.);
#2592=EDGE_CURVE('',#2061,#2059,#1666,.T.);
#2593=EDGE_CURVE('',#2060,#2061,#396,.T.);
#2594=EDGE_CURVE('',#2060,#2062,#397,.T.);
#2595=EDGE_CURVE('',#2063,#2061,#398,.T.);
#2596=EDGE_CURVE('',#2063,#2062,#399,.T.);
#2597=EDGE_CURVE('',#2062,#2057,#1667,.T.);
#2598=EDGE_CURVE('',#1873,#2063,#1668,.T.);
#2599=EDGE_CURVE('',#2064,#2065,#400,.T.);
#2600=EDGE_CURVE('',#2064,#2066,#401,.T.);
#2601=EDGE_CURVE('',#2067,#2066,#402,.T.);
#2602=EDGE_CURVE('',#2065,#2067,#403,.T.);
#2603=EDGE_CURVE('',#2065,#2068,#1669,.T.);
#2604=EDGE_CURVE('',#2069,#2067,#1670,.T.);
#2605=EDGE_CURVE('',#2068,#2069,#404,.T.);
#2606=EDGE_CURVE('',#2068,#2070,#405,.T.);
#2607=EDGE_CURVE('',#2071,#2069,#406,.T.);
#2608=EDGE_CURVE('',#2071,#2070,#407,.T.);
#2609=EDGE_CURVE('',#2070,#2064,#1671,.T.);
#2610=EDGE_CURVE('',#2066,#2071,#1672,.T.);
#2611=EDGE_CURVE('',#2072,#2073,#408,.T.);
#2612=EDGE_CURVE('',#2072,#2074,#409,.T.);
#2613=EDGE_CURVE('',#2075,#2074,#410,.T.);
#2614=EDGE_CURVE('',#2073,#2075,#411,.T.);
#2615=EDGE_CURVE('',#2073,#2076,#1673,.T.);
#2616=EDGE_CURVE('',#1855,#2075,#1674,.T.);
#2617=EDGE_CURVE('',#1855,#1854,#1675,.T.);
#2618=EDGE_CURVE('',#2077,#1854,#1676,.T.);
#2619=EDGE_CURVE('',#2076,#2077,#412,.T.);
#2620=EDGE_CURVE('',#2076,#2078,#413,.T.);
#2621=EDGE_CURVE('',#2079,#2077,#414,.T.);
#2622=EDGE_CURVE('',#2079,#2078,#415,.T.);
#2623=EDGE_CURVE('',#2078,#2072,#1677,.T.);
#2624=EDGE_CURVE('',#2074,#2079,#1678,.T.);
#2625=EDGE_CURVE('',#2080,#2081,#416,.T.);
#2626=EDGE_CURVE('',#2080,#2082,#417,.T.);
#2627=EDGE_CURVE('',#2083,#2082,#418,.T.);
#2628=EDGE_CURVE('',#2081,#2083,#419,.T.);
#2629=EDGE_CURVE('',#2081,#2084,#1679,.T.);
#2630=EDGE_CURVE('',#1859,#2083,#1680,.T.);
#2631=EDGE_CURVE('',#1859,#2085,#1681,.T.);
#2632=EDGE_CURVE('',#2084,#2085,#420,.T.);
#2633=EDGE_CURVE('',#2085,#1858,#421,.T.);
#2634=EDGE_CURVE('',#2084,#2086,#422,.T.);
#2635=EDGE_CURVE('',#2087,#1858,#423,.T.);
#2636=EDGE_CURVE('',#2087,#2086,#424,.T.);
#2637=EDGE_CURVE('',#2086,#2080,#1682,.T.);
#2638=EDGE_CURVE('',#2082,#2087,#1683,.T.);
#2639=EDGE_CURVE('',#2088,#2089,#425,.T.);
#2640=EDGE_CURVE('',#2088,#2090,#426,.T.);
#2641=EDGE_CURVE('',#2091,#2090,#427,.T.);
#2642=EDGE_CURVE('',#2089,#2091,#428,.T.);
#2643=EDGE_CURVE('',#2089,#2092,#1684,.T.);
#2644=EDGE_CURVE('',#1853,#2091,#1685,.T.);
#2645=EDGE_CURVE('',#1853,#2093,#1686,.T.);
#2646=EDGE_CURVE('',#2092,#2093,#429,.T.);
#2647=EDGE_CURVE('',#2094,#1851,#1687,.T.);
#2648=EDGE_CURVE('',#2093,#2094,#430,.T.);
#2649=EDGE_CURVE('',#2092,#2095,#431,.T.);
#2650=EDGE_CURVE('',#2094,#2095,#432,.T.);
#2651=EDGE_CURVE('',#2095,#2088,#1688,.T.);
#2652=EDGE_CURVE('',#2090,#1851,#1689,.T.);
#2653=EDGE_CURVE('',#2096,#2097,#433,.T.);
#2654=EDGE_CURVE('',#2096,#2098,#434,.T.);
#2655=EDGE_CURVE('',#2099,#2098,#435,.T.);
#2656=EDGE_CURVE('',#2097,#2099,#436,.T.);
#2657=EDGE_CURVE('',#2097,#2100,#1690,.T.);
#2658=EDGE_CURVE('',#2101,#2099,#1691,.T.);
#2659=EDGE_CURVE('',#2100,#2101,#437,.T.);
#2660=EDGE_CURVE('',#2100,#2102,#438,.T.);
#2661=EDGE_CURVE('',#2103,#2101,#439,.T.);
#2662=EDGE_CURVE('',#2103,#2102,#440,.T.);
#2663=EDGE_CURVE('',#2102,#2096,#1692,.T.);
#2664=EDGE_CURVE('',#2098,#2103,#1693,.T.);
#2665=EDGE_CURVE('',#2104,#2105,#441,.T.);
#2666=EDGE_CURVE('',#2104,#2106,#442,.T.);
#2667=EDGE_CURVE('',#2107,#2106,#443,.T.);
#2668=EDGE_CURVE('',#2105,#2107,#444,.T.);
#2669=EDGE_CURVE('',#2105,#2108,#1694,.T.);
#2670=EDGE_CURVE('',#2109,#2107,#1695,.T.);
#2671=EDGE_CURVE('',#2108,#2109,#445,.T.);
#2672=EDGE_CURVE('',#2108,#2110,#446,.T.);
#2673=EDGE_CURVE('',#2111,#2109,#447,.T.);
#2674=EDGE_CURVE('',#2111,#2110,#448,.T.);
#2675=EDGE_CURVE('',#2110,#2104,#1696,.T.);
#2676=EDGE_CURVE('',#2106,#2111,#1697,.T.);
#2677=EDGE_CURVE('',#2112,#2113,#449,.T.);
#2678=EDGE_CURVE('',#2112,#2114,#450,.T.);
#2679=EDGE_CURVE('',#2115,#2114,#451,.T.);
#2680=EDGE_CURVE('',#2113,#2115,#452,.T.);
#2681=EDGE_CURVE('',#2113,#2116,#1698,.T.);
#2682=EDGE_CURVE('',#2117,#2115,#1699,.T.);
#2683=EDGE_CURVE('',#2116,#2117,#453,.T.);
#2684=EDGE_CURVE('',#2116,#2118,#454,.T.);
#2685=EDGE_CURVE('',#2119,#2117,#455,.T.);
#2686=EDGE_CURVE('',#2119,#2118,#456,.T.);
#2687=EDGE_CURVE('',#2118,#2112,#1700,.T.);
#2688=EDGE_CURVE('',#2114,#2119,#1701,.T.);
#2689=EDGE_CURVE('',#2120,#2121,#457,.T.);
#2690=EDGE_CURVE('',#2120,#2122,#458,.T.);
#2691=EDGE_CURVE('',#2123,#2122,#459,.T.);
#2692=EDGE_CURVE('',#2121,#2123,#460,.T.);
#2693=EDGE_CURVE('',#2121,#2124,#1702,.T.);
#2694=EDGE_CURVE('',#2125,#2123,#1703,.T.);
#2695=EDGE_CURVE('',#2124,#2125,#461,.T.);
#2696=EDGE_CURVE('',#2124,#2126,#462,.T.);
#2697=EDGE_CURVE('',#2127,#2125,#463,.T.);
#2698=EDGE_CURVE('',#2127,#2126,#464,.T.);
#2699=EDGE_CURVE('',#2126,#2120,#1704,.T.);
#2700=EDGE_CURVE('',#2122,#2127,#1705,.T.);
#2701=EDGE_CURVE('',#2128,#2129,#465,.T.);
#2702=EDGE_CURVE('',#2128,#2130,#466,.T.);
#2703=EDGE_CURVE('',#2131,#2130,#467,.T.);
#2704=EDGE_CURVE('',#2129,#2131,#468,.T.);
#2705=EDGE_CURVE('',#2129,#2132,#1706,.T.);
#2706=EDGE_CURVE('',#2133,#2131,#1707,.T.);
#2707=EDGE_CURVE('',#2132,#2133,#469,.T.);
#2708=EDGE_CURVE('',#2132,#2134,#470,.T.);
#2709=EDGE_CURVE('',#2135,#2133,#471,.T.);
#2710=EDGE_CURVE('',#2135,#2134,#472,.T.);
#2711=EDGE_CURVE('',#2134,#2128,#1708,.T.);
#2712=EDGE_CURVE('',#2130,#2135,#1709,.T.);
#2713=EDGE_CURVE('',#2136,#2137,#473,.T.);
#2714=EDGE_CURVE('',#2136,#2138,#474,.T.);
#2715=EDGE_CURVE('',#2139,#2138,#475,.T.);
#2716=EDGE_CURVE('',#2137,#2139,#476,.T.);
#2717=EDGE_CURVE('',#2137,#2140,#1710,.T.);
#2718=EDGE_CURVE('',#2141,#2139,#1711,.T.);
#2719=EDGE_CURVE('',#2140,#2141,#477,.T.);
#2720=EDGE_CURVE('',#2140,#2142,#478,.T.);
#2721=EDGE_CURVE('',#2143,#2141,#479,.T.);
#2722=EDGE_CURVE('',#2143,#2142,#480,.T.);
#2723=EDGE_CURVE('',#2142,#2136,#1712,.T.);
#2724=EDGE_CURVE('',#2138,#2143,#1713,.T.);
#2725=EDGE_CURVE('',#1833,#1799,#481,.T.);
#2726=EDGE_CURVE('',#1832,#1800,#482,.T.);
#2727=EDGE_CURVE('',#1826,#1830,#483,.T.);
#2728=EDGE_CURVE('',#1848,#1820,#484,.T.);
#2729=EDGE_CURVE('',#1906,#2144,#485,.T.);
#2730=EDGE_CURVE('',#2145,#2144,#486,.T.);
#2731=EDGE_CURVE('',#2145,#1907,#487,.T.);
#2732=EDGE_CURVE('',#2146,#2145,#1757,.T.);
#2733=EDGE_CURVE('',#1904,#2146,#488,.T.);
#2734=EDGE_CURVE('',#2147,#2146,#489,.T.);
#2735=EDGE_CURVE('',#1905,#2147,#490,.T.);
#2736=EDGE_CURVE('',#2144,#2147,#1758,.T.);
#2737=EDGE_CURVE('',#1902,#2148,#491,.T.);
#2738=EDGE_CURVE('',#2149,#2148,#492,.T.);
#2739=EDGE_CURVE('',#2149,#1903,#493,.T.);
#2740=EDGE_CURVE('',#2150,#2149,#1759,.T.);
#2741=EDGE_CURVE('',#1900,#2150,#494,.T.);
#2742=EDGE_CURVE('',#2151,#2150,#495,.T.);
#2743=EDGE_CURVE('',#1901,#2151,#496,.T.);
#2744=EDGE_CURVE('',#2148,#2151,#1760,.T.);
#2745=EDGE_CURVE('',#1898,#2152,#497,.T.);
#2746=EDGE_CURVE('',#2153,#2152,#498,.T.);
#2747=EDGE_CURVE('',#2153,#1899,#499,.T.);
#2748=EDGE_CURVE('',#2154,#2153,#1761,.T.);
#2749=EDGE_CURVE('',#1896,#2154,#500,.T.);
#2750=EDGE_CURVE('',#2155,#2154,#501,.T.);
#2751=EDGE_CURVE('',#1897,#2155,#502,.T.);
#2752=EDGE_CURVE('',#2152,#2155,#1762,.T.);
#2753=EDGE_CURVE('',#2156,#2157,#503,.T.);
#2754=EDGE_CURVE('',#2156,#1909,#504,.T.);
#2755=EDGE_CURVE('',#1908,#2157,#505,.T.);
#2756=EDGE_CURVE('',#2157,#2158,#1763,.T.);
#2757=EDGE_CURVE('',#1911,#2158,#506,.T.);
#2758=EDGE_CURVE('',#2158,#2159,#507,.T.);
#2759=EDGE_CURVE('',#1910,#2159,#508,.T.);
#2760=EDGE_CURVE('',#2159,#2156,#1764,.T.);
#2761=EDGE_CURVE('',#2160,#1894,#509,.T.);
#2762=EDGE_CURVE('',#2161,#2160,#510,.T.);
#2763=EDGE_CURVE('',#2161,#1895,#511,.T.);
#2764=EDGE_CURVE('',#2162,#2161,#1765,.T.);
#2765=EDGE_CURVE('',#2162,#1892,#512,.T.);
#2766=EDGE_CURVE('',#2163,#2162,#513,.T.);
#2767=EDGE_CURVE('',#2163,#1893,#514,.T.);
#2768=EDGE_CURVE('',#2160,#2163,#1766,.T.);
#2769=EDGE_CURVE('',#2164,#1890,#515,.T.);
#2770=EDGE_CURVE('',#2165,#2164,#516,.T.);
#2771=EDGE_CURVE('',#2165,#1891,#517,.T.);
#2772=EDGE_CURVE('',#2166,#2165,#1767,.T.);
#2773=EDGE_CURVE('',#2166,#1888,#518,.T.);
#2774=EDGE_CURVE('',#2167,#2166,#519,.T.);
#2775=EDGE_CURVE('',#2167,#1889,#520,.T.);
#2776=EDGE_CURVE('',#2164,#2167,#1768,.T.);
#2777=EDGE_CURVE('',#1882,#2168,#521,.T.);
#2778=EDGE_CURVE('',#2169,#2168,#522,.T.);
#2779=EDGE_CURVE('',#1883,#2169,#523,.T.);
#2780=EDGE_CURVE('',#2170,#1886,#524,.T.);
#2781=EDGE_CURVE('',#2171,#2170,#525,.T.);
#2782=EDGE_CURVE('',#2171,#1887,#526,.T.);
#2783=EDGE_CURVE('',#2172,#2169,#1769,.T.);
#2784=EDGE_CURVE('',#2173,#2172,#1770,.T.);
#2785=EDGE_CURVE('',#1879,#2173,#527,.T.);
#2786=EDGE_CURVE('',#1880,#2174,#528,.T.);
#2787=EDGE_CURVE('',#2175,#2174,#1771,.T.);
#2788=EDGE_CURVE('',#2168,#2175,#1772,.T.);
#2789=EDGE_CURVE('',#2176,#2171,#1773,.T.);
#2790=EDGE_CURVE('',#2176,#1884,#529,.T.);
#2791=EDGE_CURVE('',#2174,#2173,#530,.T.);
#2792=EDGE_CURVE('',#2177,#2176,#531,.T.);
#2793=EDGE_CURVE('',#2177,#1885,#532,.T.);
#2794=EDGE_CURVE('',#2170,#2177,#1774,.T.);
#2795=EDGE_CURVE('',#2178,#2178,#1714,.T.);
#2796=EDGE_CURVE('',#1843,#2175,#533,.T.);
#2797=EDGE_CURVE('',#2172,#2178,#534,.T.);
#2798=ORIENTED_EDGE('',*,*,#2179,.T.);
#2799=ORIENTED_EDGE('',*,*,#2180,.T.);
#2800=ORIENTED_EDGE('',*,*,#2181,.T.);
#2801=ORIENTED_EDGE('',*,*,#2182,.T.);
#2802=ORIENTED_EDGE('',*,*,#2181,.F.);
#2803=ORIENTED_EDGE('',*,*,#2183,.F.);
#2804=ORIENTED_EDGE('',*,*,#2184,.F.);
#2805=ORIENTED_EDGE('',*,*,#2185,.F.);
#2806=ORIENTED_EDGE('',*,*,#2186,.F.);
#2807=ORIENTED_EDGE('',*,*,#2187,.F.);
#2808=ORIENTED_EDGE('',*,*,#2180,.F.);
#2809=ORIENTED_EDGE('',*,*,#2188,.T.);
#2810=ORIENTED_EDGE('',*,*,#2189,.T.);
#2811=ORIENTED_EDGE('',*,*,#2190,.T.);
#2812=ORIENTED_EDGE('',*,*,#2191,.F.);
#2813=ORIENTED_EDGE('',*,*,#2192,.T.);
#2814=ORIENTED_EDGE('',*,*,#2193,.T.);
#2815=ORIENTED_EDGE('',*,*,#2194,.T.);
#2816=ORIENTED_EDGE('',*,*,#2195,.F.);
#2817=ORIENTED_EDGE('',*,*,#2196,.T.);
#2818=ORIENTED_EDGE('',*,*,#2197,.T.);
#2819=ORIENTED_EDGE('',*,*,#2198,.T.);
#2820=ORIENTED_EDGE('',*,*,#2199,.F.);
#2821=ORIENTED_EDGE('',*,*,#2200,.T.);
#2822=ORIENTED_EDGE('',*,*,#2201,.T.);
#2823=ORIENTED_EDGE('',*,*,#2202,.T.);
#2824=ORIENTED_EDGE('',*,*,#2203,.F.);
#2825=ORIENTED_EDGE('',*,*,#2204,.T.);
#2826=ORIENTED_EDGE('',*,*,#2205,.T.);
#2827=ORIENTED_EDGE('',*,*,#2206,.T.);
#2828=ORIENTED_EDGE('',*,*,#2207,.F.);
#2829=ORIENTED_EDGE('',*,*,#2208,.T.);
#2830=ORIENTED_EDGE('',*,*,#2209,.T.);
#2831=ORIENTED_EDGE('',*,*,#2183,.T.);
#2832=ORIENTED_EDGE('',*,*,#2210,.F.);
#2833=ORIENTED_EDGE('',*,*,#2211,.T.);
#2834=ORIENTED_EDGE('',*,*,#2191,.T.);
#2835=ORIENTED_EDGE('',*,*,#2212,.T.);
#2836=ORIENTED_EDGE('',*,*,#2213,.T.);
#2837=ORIENTED_EDGE('',*,*,#2212,.F.);
#2838=ORIENTED_EDGE('',*,*,#2190,.F.);
#2839=ORIENTED_EDGE('',*,*,#2214,.F.);
#2840=ORIENTED_EDGE('',*,*,#2215,.F.);
#2841=ORIENTED_EDGE('',*,*,#2216,.F.);
#2842=ORIENTED_EDGE('',*,*,#2217,.F.);
#2843=ORIENTED_EDGE('',*,*,#2218,.T.);
#2844=ORIENTED_EDGE('',*,*,#2195,.T.);
#2845=ORIENTED_EDGE('',*,*,#2219,.T.);
#2846=ORIENTED_EDGE('',*,*,#2220,.T.);
#2847=ORIENTED_EDGE('',*,*,#2219,.F.);
#2848=ORIENTED_EDGE('',*,*,#2194,.F.);
#2849=ORIENTED_EDGE('',*,*,#2221,.F.);
#2850=ORIENTED_EDGE('',*,*,#2222,.F.);
#2851=ORIENTED_EDGE('',*,*,#2223,.F.);
#2852=ORIENTED_EDGE('',*,*,#2224,.F.);
#2853=ORIENTED_EDGE('',*,*,#2225,.T.);
#2854=ORIENTED_EDGE('',*,*,#2199,.T.);
#2855=ORIENTED_EDGE('',*,*,#2226,.T.);
#2856=ORIENTED_EDGE('',*,*,#2227,.T.);
#2857=ORIENTED_EDGE('',*,*,#2226,.F.);
#2858=ORIENTED_EDGE('',*,*,#2198,.F.);
#2859=ORIENTED_EDGE('',*,*,#2228,.F.);
#2860=ORIENTED_EDGE('',*,*,#2229,.F.);
#2861=ORIENTED_EDGE('',*,*,#2230,.F.);
#2862=ORIENTED_EDGE('',*,*,#2231,.F.);
#2863=ORIENTED_EDGE('',*,*,#2232,.T.);
#2864=ORIENTED_EDGE('',*,*,#2203,.T.);
#2865=ORIENTED_EDGE('',*,*,#2233,.T.);
#2866=ORIENTED_EDGE('',*,*,#2234,.T.);
#2867=ORIENTED_EDGE('',*,*,#2233,.F.);
#2868=ORIENTED_EDGE('',*,*,#2202,.F.);
#2869=ORIENTED_EDGE('',*,*,#2235,.F.);
#2870=ORIENTED_EDGE('',*,*,#2236,.F.);
#2871=ORIENTED_EDGE('',*,*,#2237,.F.);
#2872=ORIENTED_EDGE('',*,*,#2238,.F.);
#2873=ORIENTED_EDGE('',*,*,#2239,.T.);
#2874=ORIENTED_EDGE('',*,*,#2207,.T.);
#2875=ORIENTED_EDGE('',*,*,#2240,.T.);
#2876=ORIENTED_EDGE('',*,*,#2241,.T.);
#2877=ORIENTED_EDGE('',*,*,#2239,.F.);
#2878=ORIENTED_EDGE('',*,*,#2242,.F.);
#2879=ORIENTED_EDGE('',*,*,#2243,.F.);
#2880=ORIENTED_EDGE('',*,*,#2244,.F.);
#2881=ORIENTED_EDGE('',*,*,#2245,.T.);
#2882=ORIENTED_EDGE('',*,*,#2208,.F.);
#2883=ORIENTED_EDGE('',*,*,#2246,.T.);
#2884=ORIENTED_EDGE('',*,*,#2247,.T.);
#2885=ORIENTED_EDGE('',*,*,#2243,.T.);
#2886=ORIENTED_EDGE('',*,*,#2248,.T.);
#2887=ORIENTED_EDGE('',*,*,#2247,.F.);
#2888=ORIENTED_EDGE('',*,*,#2249,.T.);
#2889=ORIENTED_EDGE('',*,*,#2250,.T.);
#2890=ORIENTED_EDGE('',*,*,#2251,.T.);
#2891=ORIENTED_EDGE('',*,*,#2252,.F.);
#2892=ORIENTED_EDGE('',*,*,#2236,.T.);
#2893=ORIENTED_EDGE('',*,*,#2253,.T.);
#2894=ORIENTED_EDGE('',*,*,#2254,.T.);
#2895=ORIENTED_EDGE('',*,*,#2255,.F.);
#2896=ORIENTED_EDGE('',*,*,#2229,.T.);
#2897=ORIENTED_EDGE('',*,*,#2256,.T.);
#2898=ORIENTED_EDGE('',*,*,#2257,.T.);
#2899=ORIENTED_EDGE('',*,*,#2258,.F.);
#2900=ORIENTED_EDGE('',*,*,#2222,.T.);
#2901=ORIENTED_EDGE('',*,*,#2259,.T.);
#2902=ORIENTED_EDGE('',*,*,#2260,.T.);
#2903=ORIENTED_EDGE('',*,*,#2261,.F.);
#2904=ORIENTED_EDGE('',*,*,#2215,.T.);
#2905=ORIENTED_EDGE('',*,*,#2262,.T.);
#2906=ORIENTED_EDGE('',*,*,#2263,.T.);
#2907=ORIENTED_EDGE('',*,*,#2264,.F.);
#2908=ORIENTED_EDGE('',*,*,#2185,.T.);
#2909=ORIENTED_EDGE('',*,*,#2265,.T.);
#2910=ORIENTED_EDGE('',*,*,#2244,.T.);
#2911=ORIENTED_EDGE('',*,*,#2266,.F.);
#2912=ORIENTED_EDGE('',*,*,#2186,.T.);
#2913=ORIENTED_EDGE('',*,*,#2264,.T.);
#2914=ORIENTED_EDGE('',*,*,#2267,.T.);
#2915=ORIENTED_EDGE('',*,*,#2268,.T.);
#2916=ORIENTED_EDGE('',*,*,#2179,.F.);
#2917=ORIENTED_EDGE('',*,*,#2269,.F.);
#2918=ORIENTED_EDGE('',*,*,#2267,.F.);
#2919=ORIENTED_EDGE('',*,*,#2263,.F.);
#2920=ORIENTED_EDGE('',*,*,#2270,.T.);
#2921=ORIENTED_EDGE('',*,*,#2188,.F.);
#2922=ORIENTED_EDGE('',*,*,#2216,.T.);
#2923=ORIENTED_EDGE('',*,*,#2261,.T.);
#2924=ORIENTED_EDGE('',*,*,#2271,.T.);
#2925=ORIENTED_EDGE('',*,*,#2272,.T.);
#2926=ORIENTED_EDGE('',*,*,#2211,.F.);
#2927=ORIENTED_EDGE('',*,*,#2273,.F.);
#2928=ORIENTED_EDGE('',*,*,#2271,.F.);
#2929=ORIENTED_EDGE('',*,*,#2260,.F.);
#2930=ORIENTED_EDGE('',*,*,#2274,.T.);
#2931=ORIENTED_EDGE('',*,*,#2192,.F.);
#2932=ORIENTED_EDGE('',*,*,#2223,.T.);
#2933=ORIENTED_EDGE('',*,*,#2258,.T.);
#2934=ORIENTED_EDGE('',*,*,#2275,.T.);
#2935=ORIENTED_EDGE('',*,*,#2276,.T.);
#2936=ORIENTED_EDGE('',*,*,#2218,.F.);
#2937=ORIENTED_EDGE('',*,*,#2277,.F.);
#2938=ORIENTED_EDGE('',*,*,#2275,.F.);
#2939=ORIENTED_EDGE('',*,*,#2257,.F.);
#2940=ORIENTED_EDGE('',*,*,#2278,.T.);
#2941=ORIENTED_EDGE('',*,*,#2196,.F.);
#2942=ORIENTED_EDGE('',*,*,#2230,.T.);
#2943=ORIENTED_EDGE('',*,*,#2255,.T.);
#2944=ORIENTED_EDGE('',*,*,#2279,.T.);
#2945=ORIENTED_EDGE('',*,*,#2280,.T.);
#2946=ORIENTED_EDGE('',*,*,#2225,.F.);
#2947=ORIENTED_EDGE('',*,*,#2281,.F.);
#2948=ORIENTED_EDGE('',*,*,#2279,.F.);
#2949=ORIENTED_EDGE('',*,*,#2254,.F.);
#2950=ORIENTED_EDGE('',*,*,#2282,.T.);
#2951=ORIENTED_EDGE('',*,*,#2200,.F.);
#2952=ORIENTED_EDGE('',*,*,#2237,.T.);
#2953=ORIENTED_EDGE('',*,*,#2252,.T.);
#2954=ORIENTED_EDGE('',*,*,#2283,.T.);
#2955=ORIENTED_EDGE('',*,*,#2284,.T.);
#2956=ORIENTED_EDGE('',*,*,#2210,.T.);
#2957=ORIENTED_EDGE('',*,*,#2285,.T.);
#2958=ORIENTED_EDGE('',*,*,#2286,.T.);
#2959=ORIENTED_EDGE('',*,*,#2287,.T.);
#2960=ORIENTED_EDGE('',*,*,#2285,.F.);
#2961=ORIENTED_EDGE('',*,*,#2288,.F.);
#2962=ORIENTED_EDGE('',*,*,#2289,.F.);
#2963=ORIENTED_EDGE('',*,*,#2290,.F.);
#2964=ORIENTED_EDGE('',*,*,#2291,.F.);
#2965=ORIENTED_EDGE('',*,*,#2292,.F.);
#2966=ORIENTED_EDGE('',*,*,#2293,.F.);
#2967=ORIENTED_EDGE('',*,*,#2294,.F.);
#2968=ORIENTED_EDGE('',*,*,#2295,.F.);
#2969=ORIENTED_EDGE('',*,*,#2296,.F.);
#2970=ORIENTED_EDGE('',*,*,#2297,.F.);
#2971=ORIENTED_EDGE('',*,*,#2298,.F.);
#2972=ORIENTED_EDGE('',*,*,#2299,.F.);
#2973=ORIENTED_EDGE('',*,*,#2300,.F.);
#2974=ORIENTED_EDGE('',*,*,#2301,.F.);
#2975=ORIENTED_EDGE('',*,*,#2302,.F.);
#2976=ORIENTED_EDGE('',*,*,#2303,.F.);
#2977=ORIENTED_EDGE('',*,*,#2304,.F.);
#2978=ORIENTED_EDGE('',*,*,#2305,.F.);
#2979=ORIENTED_EDGE('',*,*,#2306,.F.);
#2980=ORIENTED_EDGE('',*,*,#2307,.F.);
#2981=ORIENTED_EDGE('',*,*,#2308,.F.);
#2982=ORIENTED_EDGE('',*,*,#2309,.F.);
#2983=ORIENTED_EDGE('',*,*,#2310,.F.);
#2984=ORIENTED_EDGE('',*,*,#2311,.F.);
#2985=ORIENTED_EDGE('',*,*,#2312,.F.);
#2986=ORIENTED_EDGE('',*,*,#2313,.F.);
#2987=ORIENTED_EDGE('',*,*,#2314,.F.);
#2988=ORIENTED_EDGE('',*,*,#2315,.T.);
#2989=ORIENTED_EDGE('',*,*,#2316,.T.);
#2990=ORIENTED_EDGE('',*,*,#2317,.T.);
#2991=ORIENTED_EDGE('',*,*,#2318,.T.);
#2992=ORIENTED_EDGE('',*,*,#2319,.T.);
#2993=ORIENTED_EDGE('',*,*,#2286,.F.);
#2994=ORIENTED_EDGE('',*,*,#2287,.F.);
#2995=ORIENTED_EDGE('',*,*,#2319,.F.);
#2996=ORIENTED_EDGE('',*,*,#2320,.T.);
#2997=ORIENTED_EDGE('',*,*,#2321,.T.);
#2998=ORIENTED_EDGE('',*,*,#2322,.T.);
#2999=ORIENTED_EDGE('',*,*,#2315,.F.);
#3000=ORIENTED_EDGE('',*,*,#2323,.T.);
#3001=ORIENTED_EDGE('',*,*,#2324,.T.);
#3002=ORIENTED_EDGE('',*,*,#2325,.T.);
#3003=ORIENTED_EDGE('',*,*,#2326,.T.);
#3004=ORIENTED_EDGE('',*,*,#2327,.T.);
#3005=ORIENTED_EDGE('',*,*,#2328,.T.);
#3006=ORIENTED_EDGE('',*,*,#2329,.T.);
#3007=ORIENTED_EDGE('',*,*,#2330,.T.);
#3008=ORIENTED_EDGE('',*,*,#2331,.T.);
#3009=ORIENTED_EDGE('',*,*,#2332,.T.);
#3010=ORIENTED_EDGE('',*,*,#2333,.T.);
#3011=ORIENTED_EDGE('',*,*,#2334,.T.);
#3012=ORIENTED_EDGE('',*,*,#2335,.T.);
#3013=ORIENTED_EDGE('',*,*,#2336,.T.);
#3014=ORIENTED_EDGE('',*,*,#2337,.T.);
#3015=ORIENTED_EDGE('',*,*,#2338,.T.);
#3016=ORIENTED_EDGE('',*,*,#2339,.T.);
#3017=ORIENTED_EDGE('',*,*,#2340,.T.);
#3018=ORIENTED_EDGE('',*,*,#2341,.T.);
#3019=ORIENTED_EDGE('',*,*,#2342,.T.);
#3020=ORIENTED_EDGE('',*,*,#2343,.T.);
#3021=ORIENTED_EDGE('',*,*,#2344,.T.);
#3022=ORIENTED_EDGE('',*,*,#2345,.T.);
#3023=ORIENTED_EDGE('',*,*,#2346,.T.);
#3024=ORIENTED_EDGE('',*,*,#2347,.T.);
#3025=ORIENTED_EDGE('',*,*,#2348,.T.);
#3026=ORIENTED_EDGE('',*,*,#2349,.T.);
#3027=ORIENTED_EDGE('',*,*,#2350,.T.);
#3028=ORIENTED_EDGE('',*,*,#2351,.F.);
#3029=ORIENTED_EDGE('',*,*,#2352,.T.);
#3030=ORIENTED_EDGE('',*,*,#2353,.F.);
#3031=ORIENTED_EDGE('',*,*,#2354,.F.);
#3032=ORIENTED_EDGE('',*,*,#2355,.F.);
#3033=ORIENTED_EDGE('',*,*,#2354,.T.);
#3034=ORIENTED_EDGE('',*,*,#2356,.F.);
#3035=ORIENTED_EDGE('',*,*,#2357,.F.);
#3036=ORIENTED_EDGE('',*,*,#2358,.F.);
#3037=ORIENTED_EDGE('',*,*,#2357,.T.);
#3038=ORIENTED_EDGE('',*,*,#2359,.F.);
#3039=ORIENTED_EDGE('',*,*,#2360,.T.);
#3040=ORIENTED_EDGE('',*,*,#2361,.F.);
#3041=ORIENTED_EDGE('',*,*,#2360,.F.);
#3042=ORIENTED_EDGE('',*,*,#2362,.F.);
#3043=ORIENTED_EDGE('',*,*,#2352,.F.);
#3044=ORIENTED_EDGE('',*,*,#2363,.F.);
#3045=ORIENTED_EDGE('',*,*,#2364,.T.);
#3046=ORIENTED_EDGE('',*,*,#2365,.T.);
#3047=ORIENTED_EDGE('',*,*,#2366,.F.);
#3048=ORIENTED_EDGE('',*,*,#2367,.T.);
#3049=ORIENTED_EDGE('',*,*,#2368,.F.);
#3050=ORIENTED_EDGE('',*,*,#2369,.F.);
#3051=ORIENTED_EDGE('',*,*,#2368,.T.);
#3052=ORIENTED_EDGE('',*,*,#2370,.T.);
#3053=ORIENTED_EDGE('',*,*,#2371,.F.);
#3054=ORIENTED_EDGE('',*,*,#2372,.F.);
#3055=ORIENTED_EDGE('',*,*,#2305,.T.);
#3056=ORIENTED_EDGE('',*,*,#2370,.F.);
#3057=ORIENTED_EDGE('',*,*,#2367,.F.);
#3058=ORIENTED_EDGE('',*,*,#2373,.F.);
#3059=ORIENTED_EDGE('',*,*,#2372,.T.);
#3060=ORIENTED_EDGE('',*,*,#2374,.F.);
#3061=ORIENTED_EDGE('',*,*,#2375,.T.);
#3062=ORIENTED_EDGE('',*,*,#2376,.T.);
#3063=ORIENTED_EDGE('',*,*,#2377,.F.);
#3064=ORIENTED_EDGE('',*,*,#2376,.F.);
#3065=ORIENTED_EDGE('',*,*,#2378,.T.);
#3066=ORIENTED_EDGE('',*,*,#2364,.F.);
#3067=ORIENTED_EDGE('',*,*,#2307,.T.);
#3068=ORIENTED_EDGE('',*,*,#2365,.F.);
#3069=ORIENTED_EDGE('',*,*,#2378,.F.);
#3070=ORIENTED_EDGE('',*,*,#2375,.F.);
#3071=ORIENTED_EDGE('',*,*,#2379,.F.);
#3072=ORIENTED_EDGE('',*,*,#2380,.T.);
#3073=ORIENTED_EDGE('',*,*,#2381,.F.);
#3074=ORIENTED_EDGE('',*,*,#2382,.F.);
#3075=ORIENTED_EDGE('',*,*,#2383,.F.);
#3076=ORIENTED_EDGE('',*,*,#2382,.T.);
#3077=ORIENTED_EDGE('',*,*,#2384,.F.);
#3078=ORIENTED_EDGE('',*,*,#2385,.F.);
#3079=ORIENTED_EDGE('',*,*,#2386,.F.);
#3080=ORIENTED_EDGE('',*,*,#2385,.T.);
#3081=ORIENTED_EDGE('',*,*,#2387,.F.);
#3082=ORIENTED_EDGE('',*,*,#2388,.T.);
#3083=ORIENTED_EDGE('',*,*,#2389,.F.);
#3084=ORIENTED_EDGE('',*,*,#2388,.F.);
#3085=ORIENTED_EDGE('',*,*,#2390,.F.);
#3086=ORIENTED_EDGE('',*,*,#2380,.F.);
#3087=ORIENTED_EDGE('',*,*,#2391,.F.);
#3088=ORIENTED_EDGE('',*,*,#2392,.T.);
#3089=ORIENTED_EDGE('',*,*,#2393,.F.);
#3090=ORIENTED_EDGE('',*,*,#2394,.F.);
#3091=ORIENTED_EDGE('',*,*,#2395,.F.);
#3092=ORIENTED_EDGE('',*,*,#2394,.T.);
#3093=ORIENTED_EDGE('',*,*,#2396,.F.);
#3094=ORIENTED_EDGE('',*,*,#2397,.F.);
#3095=ORIENTED_EDGE('',*,*,#2398,.F.);
#3096=ORIENTED_EDGE('',*,*,#2397,.T.);
#3097=ORIENTED_EDGE('',*,*,#2399,.F.);
#3098=ORIENTED_EDGE('',*,*,#2400,.T.);
#3099=ORIENTED_EDGE('',*,*,#2401,.F.);
#3100=ORIENTED_EDGE('',*,*,#2400,.F.);
#3101=ORIENTED_EDGE('',*,*,#2402,.F.);
#3102=ORIENTED_EDGE('',*,*,#2392,.F.);
#3103=ORIENTED_EDGE('',*,*,#2311,.T.);
#3104=ORIENTED_EDGE('',*,*,#2403,.F.);
#3105=ORIENTED_EDGE('',*,*,#2404,.F.);
#3106=ORIENTED_EDGE('',*,*,#2405,.F.);
#3107=ORIENTED_EDGE('',*,*,#2406,.F.);
#3108=ORIENTED_EDGE('',*,*,#2407,.T.);
#3109=ORIENTED_EDGE('',*,*,#2403,.T.);
#3110=ORIENTED_EDGE('',*,*,#2408,.F.);
#3111=ORIENTED_EDGE('',*,*,#2409,.F.);
#3112=ORIENTED_EDGE('',*,*,#2410,.F.);
#3113=ORIENTED_EDGE('',*,*,#2409,.T.);
#3114=ORIENTED_EDGE('',*,*,#2411,.F.);
#3115=ORIENTED_EDGE('',*,*,#2412,.F.);
#3116=ORIENTED_EDGE('',*,*,#2413,.F.);
#3117=ORIENTED_EDGE('',*,*,#2412,.T.);
#3118=ORIENTED_EDGE('',*,*,#2414,.F.);
#3119=ORIENTED_EDGE('',*,*,#2405,.T.);
#3120=ORIENTED_EDGE('',*,*,#2415,.T.);
#3121=ORIENTED_EDGE('',*,*,#2416,.F.);
#3122=ORIENTED_EDGE('',*,*,#2415,.F.);
#3123=ORIENTED_EDGE('',*,*,#2404,.T.);
#3124=ORIENTED_EDGE('',*,*,#2407,.F.);
#3125=ORIENTED_EDGE('',*,*,#2417,.F.);
#3126=ORIENTED_EDGE('',*,*,#2418,.T.);
#3127=ORIENTED_EDGE('',*,*,#2419,.F.);
#3128=ORIENTED_EDGE('',*,*,#2420,.F.);
#3129=ORIENTED_EDGE('',*,*,#2421,.F.);
#3130=ORIENTED_EDGE('',*,*,#2420,.T.);
#3131=ORIENTED_EDGE('',*,*,#2422,.F.);
#3132=ORIENTED_EDGE('',*,*,#2423,.F.);
#3133=ORIENTED_EDGE('',*,*,#2424,.F.);
#3134=ORIENTED_EDGE('',*,*,#2423,.T.);
#3135=ORIENTED_EDGE('',*,*,#2425,.F.);
#3136=ORIENTED_EDGE('',*,*,#2426,.T.);
#3137=ORIENTED_EDGE('',*,*,#2427,.F.);
#3138=ORIENTED_EDGE('',*,*,#2426,.F.);
#3139=ORIENTED_EDGE('',*,*,#2428,.F.);
#3140=ORIENTED_EDGE('',*,*,#2418,.F.);
#3141=ORIENTED_EDGE('',*,*,#2429,.F.);
#3142=ORIENTED_EDGE('',*,*,#2430,.T.);
#3143=ORIENTED_EDGE('',*,*,#2431,.F.);
#3144=ORIENTED_EDGE('',*,*,#2432,.F.);
#3145=ORIENTED_EDGE('',*,*,#2433,.F.);
#3146=ORIENTED_EDGE('',*,*,#2432,.T.);
#3147=ORIENTED_EDGE('',*,*,#2434,.F.);
#3148=ORIENTED_EDGE('',*,*,#2435,.F.);
#3149=ORIENTED_EDGE('',*,*,#2436,.F.);
#3150=ORIENTED_EDGE('',*,*,#2435,.T.);
#3151=ORIENTED_EDGE('',*,*,#2437,.F.);
#3152=ORIENTED_EDGE('',*,*,#2438,.T.);
#3153=ORIENTED_EDGE('',*,*,#2439,.F.);
#3154=ORIENTED_EDGE('',*,*,#2438,.F.);
#3155=ORIENTED_EDGE('',*,*,#2440,.F.);
#3156=ORIENTED_EDGE('',*,*,#2430,.F.);
#3157=ORIENTED_EDGE('',*,*,#2441,.F.);
#3158=ORIENTED_EDGE('',*,*,#2442,.T.);
#3159=ORIENTED_EDGE('',*,*,#2443,.F.);
#3160=ORIENTED_EDGE('',*,*,#2444,.T.);
#3161=ORIENTED_EDGE('',*,*,#2445,.F.);
#3162=ORIENTED_EDGE('',*,*,#2446,.F.);
#3163=ORIENTED_EDGE('',*,*,#2445,.T.);
#3164=ORIENTED_EDGE('',*,*,#2447,.T.);
#3165=ORIENTED_EDGE('',*,*,#2448,.F.);
#3166=ORIENTED_EDGE('',*,*,#2293,.T.);
#3167=ORIENTED_EDGE('',*,*,#2449,.F.);
#3168=ORIENTED_EDGE('',*,*,#2447,.F.);
#3169=ORIENTED_EDGE('',*,*,#2444,.F.);
#3170=ORIENTED_EDGE('',*,*,#2450,.F.);
#3171=ORIENTED_EDGE('',*,*,#2448,.T.);
#3172=ORIENTED_EDGE('',*,*,#2449,.T.);
#3173=ORIENTED_EDGE('',*,*,#2451,.F.);
#3174=ORIENTED_EDGE('',*,*,#2452,.T.);
#3175=ORIENTED_EDGE('',*,*,#2453,.F.);
#3176=ORIENTED_EDGE('',*,*,#2452,.F.);
#3177=ORIENTED_EDGE('',*,*,#2454,.F.);
#3178=ORIENTED_EDGE('',*,*,#2442,.F.);
#3179=ORIENTED_EDGE('',*,*,#2455,.F.);
#3180=ORIENTED_EDGE('',*,*,#2456,.T.);
#3181=ORIENTED_EDGE('',*,*,#2457,.F.);
#3182=ORIENTED_EDGE('',*,*,#2458,.F.);
#3183=ORIENTED_EDGE('',*,*,#2459,.F.);
#3184=ORIENTED_EDGE('',*,*,#2458,.T.);
#3185=ORIENTED_EDGE('',*,*,#2460,.F.);
#3186=ORIENTED_EDGE('',*,*,#2461,.F.);
#3187=ORIENTED_EDGE('',*,*,#2462,.F.);
#3188=ORIENTED_EDGE('',*,*,#2461,.T.);
#3189=ORIENTED_EDGE('',*,*,#2463,.F.);
#3190=ORIENTED_EDGE('',*,*,#2464,.T.);
#3191=ORIENTED_EDGE('',*,*,#2465,.F.);
#3192=ORIENTED_EDGE('',*,*,#2464,.F.);
#3193=ORIENTED_EDGE('',*,*,#2466,.F.);
#3194=ORIENTED_EDGE('',*,*,#2456,.F.);
#3195=ORIENTED_EDGE('',*,*,#2313,.T.);
#3196=ORIENTED_EDGE('',*,*,#2467,.F.);
#3197=ORIENTED_EDGE('',*,*,#2468,.F.);
#3198=ORIENTED_EDGE('',*,*,#2469,.F.);
#3199=ORIENTED_EDGE('',*,*,#2470,.T.);
#3200=ORIENTED_EDGE('',*,*,#2471,.F.);
#3201=ORIENTED_EDGE('',*,*,#2472,.F.);
#3202=ORIENTED_EDGE('',*,*,#2473,.F.);
#3203=ORIENTED_EDGE('',*,*,#2472,.T.);
#3204=ORIENTED_EDGE('',*,*,#2474,.F.);
#3205=ORIENTED_EDGE('',*,*,#2475,.F.);
#3206=ORIENTED_EDGE('',*,*,#2476,.F.);
#3207=ORIENTED_EDGE('',*,*,#2475,.T.);
#3208=ORIENTED_EDGE('',*,*,#2477,.F.);
#3209=ORIENTED_EDGE('',*,*,#2468,.T.);
#3210=ORIENTED_EDGE('',*,*,#2478,.T.);
#3211=ORIENTED_EDGE('',*,*,#2479,.F.);
#3212=ORIENTED_EDGE('',*,*,#2478,.F.);
#3213=ORIENTED_EDGE('',*,*,#2467,.T.);
#3214=ORIENTED_EDGE('',*,*,#2480,.F.);
#3215=ORIENTED_EDGE('',*,*,#2470,.F.);
#3216=ORIENTED_EDGE('',*,*,#2481,.F.);
#3217=ORIENTED_EDGE('',*,*,#2482,.T.);
#3218=ORIENTED_EDGE('',*,*,#2483,.F.);
#3219=ORIENTED_EDGE('',*,*,#2484,.F.);
#3220=ORIENTED_EDGE('',*,*,#2485,.F.);
#3221=ORIENTED_EDGE('',*,*,#2484,.T.);
#3222=ORIENTED_EDGE('',*,*,#2486,.F.);
#3223=ORIENTED_EDGE('',*,*,#2487,.F.);
#3224=ORIENTED_EDGE('',*,*,#2488,.F.);
#3225=ORIENTED_EDGE('',*,*,#2487,.T.);
#3226=ORIENTED_EDGE('',*,*,#2489,.F.);
#3227=ORIENTED_EDGE('',*,*,#2490,.T.);
#3228=ORIENTED_EDGE('',*,*,#2491,.F.);
#3229=ORIENTED_EDGE('',*,*,#2490,.F.);
#3230=ORIENTED_EDGE('',*,*,#2492,.F.);
#3231=ORIENTED_EDGE('',*,*,#2482,.F.);
#3232=ORIENTED_EDGE('',*,*,#2493,.F.);
#3233=ORIENTED_EDGE('',*,*,#2494,.T.);
#3234=ORIENTED_EDGE('',*,*,#2495,.F.);
#3235=ORIENTED_EDGE('',*,*,#2496,.T.);
#3236=ORIENTED_EDGE('',*,*,#2497,.F.);
#3237=ORIENTED_EDGE('',*,*,#2498,.F.);
#3238=ORIENTED_EDGE('',*,*,#2497,.T.);
#3239=ORIENTED_EDGE('',*,*,#2499,.T.);
#3240=ORIENTED_EDGE('',*,*,#2500,.F.);
#3241=ORIENTED_EDGE('',*,*,#2297,.T.);
#3242=ORIENTED_EDGE('',*,*,#2501,.F.);
#3243=ORIENTED_EDGE('',*,*,#2499,.F.);
#3244=ORIENTED_EDGE('',*,*,#2496,.F.);
#3245=ORIENTED_EDGE('',*,*,#2502,.F.);
#3246=ORIENTED_EDGE('',*,*,#2500,.T.);
#3247=ORIENTED_EDGE('',*,*,#2501,.T.);
#3248=ORIENTED_EDGE('',*,*,#2503,.F.);
#3249=ORIENTED_EDGE('',*,*,#2504,.T.);
#3250=ORIENTED_EDGE('',*,*,#2505,.F.);
#3251=ORIENTED_EDGE('',*,*,#2504,.F.);
#3252=ORIENTED_EDGE('',*,*,#2506,.F.);
#3253=ORIENTED_EDGE('',*,*,#2494,.F.);
#3254=ORIENTED_EDGE('',*,*,#2507,.F.);
#3255=ORIENTED_EDGE('',*,*,#2508,.T.);
#3256=ORIENTED_EDGE('',*,*,#2509,.T.);
#3257=ORIENTED_EDGE('',*,*,#2510,.F.);
#3258=ORIENTED_EDGE('',*,*,#2511,.T.);
#3259=ORIENTED_EDGE('',*,*,#2512,.F.);
#3260=ORIENTED_EDGE('',*,*,#2513,.F.);
#3261=ORIENTED_EDGE('',*,*,#2512,.T.);
#3262=ORIENTED_EDGE('',*,*,#2514,.T.);
#3263=ORIENTED_EDGE('',*,*,#2515,.F.);
#3264=ORIENTED_EDGE('',*,*,#2516,.F.);
#3265=ORIENTED_EDGE('',*,*,#2301,.T.);
#3266=ORIENTED_EDGE('',*,*,#2514,.F.);
#3267=ORIENTED_EDGE('',*,*,#2511,.F.);
#3268=ORIENTED_EDGE('',*,*,#2517,.F.);
#3269=ORIENTED_EDGE('',*,*,#2516,.T.);
#3270=ORIENTED_EDGE('',*,*,#2518,.F.);
#3271=ORIENTED_EDGE('',*,*,#2519,.T.);
#3272=ORIENTED_EDGE('',*,*,#2520,.F.);
#3273=ORIENTED_EDGE('',*,*,#2519,.F.);
#3274=ORIENTED_EDGE('',*,*,#2521,.F.);
#3275=ORIENTED_EDGE('',*,*,#2522,.T.);
#3276=ORIENTED_EDGE('',*,*,#2508,.F.);
#3277=ORIENTED_EDGE('',*,*,#2303,.T.);
#3278=ORIENTED_EDGE('',*,*,#2509,.F.);
#3279=ORIENTED_EDGE('',*,*,#2522,.F.);
#3280=ORIENTED_EDGE('',*,*,#2523,.F.);
#3281=ORIENTED_EDGE('',*,*,#2524,.T.);
#3282=ORIENTED_EDGE('',*,*,#2525,.F.);
#3283=ORIENTED_EDGE('',*,*,#2526,.F.);
#3284=ORIENTED_EDGE('',*,*,#2527,.F.);
#3285=ORIENTED_EDGE('',*,*,#2526,.T.);
#3286=ORIENTED_EDGE('',*,*,#2528,.F.);
#3287=ORIENTED_EDGE('',*,*,#2529,.F.);
#3288=ORIENTED_EDGE('',*,*,#2530,.F.);
#3289=ORIENTED_EDGE('',*,*,#2529,.T.);
#3290=ORIENTED_EDGE('',*,*,#2531,.F.);
#3291=ORIENTED_EDGE('',*,*,#2532,.T.);
#3292=ORIENTED_EDGE('',*,*,#2533,.F.);
#3293=ORIENTED_EDGE('',*,*,#2532,.F.);
#3294=ORIENTED_EDGE('',*,*,#2534,.F.);
#3295=ORIENTED_EDGE('',*,*,#2524,.F.);
#3296=ORIENTED_EDGE('',*,*,#2535,.F.);
#3297=ORIENTED_EDGE('',*,*,#2536,.T.);
#3298=ORIENTED_EDGE('',*,*,#2537,.F.);
#3299=ORIENTED_EDGE('',*,*,#2538,.F.);
#3300=ORIENTED_EDGE('',*,*,#2539,.F.);
#3301=ORIENTED_EDGE('',*,*,#2538,.T.);
#3302=ORIENTED_EDGE('',*,*,#2540,.F.);
#3303=ORIENTED_EDGE('',*,*,#2541,.F.);
#3304=ORIENTED_EDGE('',*,*,#2542,.F.);
#3305=ORIENTED_EDGE('',*,*,#2541,.T.);
#3306=ORIENTED_EDGE('',*,*,#2543,.F.);
#3307=ORIENTED_EDGE('',*,*,#2544,.T.);
#3308=ORIENTED_EDGE('',*,*,#2545,.F.);
#3309=ORIENTED_EDGE('',*,*,#2544,.F.);
#3310=ORIENTED_EDGE('',*,*,#2546,.F.);
#3311=ORIENTED_EDGE('',*,*,#2536,.F.);
#3312=ORIENTED_EDGE('',*,*,#2547,.F.);
#3313=ORIENTED_EDGE('',*,*,#2548,.T.);
#3314=ORIENTED_EDGE('',*,*,#2549,.F.);
#3315=ORIENTED_EDGE('',*,*,#2550,.F.);
#3316=ORIENTED_EDGE('',*,*,#2551,.F.);
#3317=ORIENTED_EDGE('',*,*,#2550,.T.);
#3318=ORIENTED_EDGE('',*,*,#2552,.F.);
#3319=ORIENTED_EDGE('',*,*,#2553,.F.);
#3320=ORIENTED_EDGE('',*,*,#2554,.F.);
#3321=ORIENTED_EDGE('',*,*,#2553,.T.);
#3322=ORIENTED_EDGE('',*,*,#2555,.F.);
#3323=ORIENTED_EDGE('',*,*,#2556,.T.);
#3324=ORIENTED_EDGE('',*,*,#2557,.F.);
#3325=ORIENTED_EDGE('',*,*,#2556,.F.);
#3326=ORIENTED_EDGE('',*,*,#2558,.F.);
#3327=ORIENTED_EDGE('',*,*,#2548,.F.);
#3328=ORIENTED_EDGE('',*,*,#2559,.F.);
#3329=ORIENTED_EDGE('',*,*,#2560,.T.);
#3330=ORIENTED_EDGE('',*,*,#2561,.F.);
#3331=ORIENTED_EDGE('',*,*,#2562,.T.);
#3332=ORIENTED_EDGE('',*,*,#2563,.F.);
#3333=ORIENTED_EDGE('',*,*,#2564,.F.);
#3334=ORIENTED_EDGE('',*,*,#2563,.T.);
#3335=ORIENTED_EDGE('',*,*,#2565,.T.);
#3336=ORIENTED_EDGE('',*,*,#2566,.F.);
#3337=ORIENTED_EDGE('',*,*,#2299,.T.);
#3338=ORIENTED_EDGE('',*,*,#2567,.F.);
#3339=ORIENTED_EDGE('',*,*,#2565,.F.);
#3340=ORIENTED_EDGE('',*,*,#2562,.F.);
#3341=ORIENTED_EDGE('',*,*,#2568,.F.);
#3342=ORIENTED_EDGE('',*,*,#2566,.T.);
#3343=ORIENTED_EDGE('',*,*,#2567,.T.);
#3344=ORIENTED_EDGE('',*,*,#2569,.F.);
#3345=ORIENTED_EDGE('',*,*,#2570,.T.);
#3346=ORIENTED_EDGE('',*,*,#2571,.F.);
#3347=ORIENTED_EDGE('',*,*,#2570,.F.);
#3348=ORIENTED_EDGE('',*,*,#2572,.F.);
#3349=ORIENTED_EDGE('',*,*,#2560,.F.);
#3350=ORIENTED_EDGE('',*,*,#2573,.F.);
#3351=ORIENTED_EDGE('',*,*,#2574,.T.);
#3352=ORIENTED_EDGE('',*,*,#2575,.F.);
#3353=ORIENTED_EDGE('',*,*,#2576,.F.);
#3354=ORIENTED_EDGE('',*,*,#2577,.F.);
#3355=ORIENTED_EDGE('',*,*,#2576,.T.);
#3356=ORIENTED_EDGE('',*,*,#2578,.F.);
#3357=ORIENTED_EDGE('',*,*,#2579,.F.);
#3358=ORIENTED_EDGE('',*,*,#2580,.F.);
#3359=ORIENTED_EDGE('',*,*,#2579,.T.);
#3360=ORIENTED_EDGE('',*,*,#2581,.F.);
#3361=ORIENTED_EDGE('',*,*,#2582,.T.);
#3362=ORIENTED_EDGE('',*,*,#2583,.F.);
#3363=ORIENTED_EDGE('',*,*,#2582,.F.);
#3364=ORIENTED_EDGE('',*,*,#2584,.F.);
#3365=ORIENTED_EDGE('',*,*,#2574,.F.);
#3366=ORIENTED_EDGE('',*,*,#2309,.T.);
#3367=ORIENTED_EDGE('',*,*,#2585,.F.);
#3368=ORIENTED_EDGE('',*,*,#2586,.F.);
#3369=ORIENTED_EDGE('',*,*,#2587,.F.);
#3370=ORIENTED_EDGE('',*,*,#2588,.T.);
#3371=ORIENTED_EDGE('',*,*,#2585,.T.);
#3372=ORIENTED_EDGE('',*,*,#2589,.F.);
#3373=ORIENTED_EDGE('',*,*,#2590,.F.);
#3374=ORIENTED_EDGE('',*,*,#2591,.F.);
#3375=ORIENTED_EDGE('',*,*,#2590,.T.);
#3376=ORIENTED_EDGE('',*,*,#2592,.F.);
#3377=ORIENTED_EDGE('',*,*,#2593,.F.);
#3378=ORIENTED_EDGE('',*,*,#2594,.F.);
#3379=ORIENTED_EDGE('',*,*,#2593,.T.);
#3380=ORIENTED_EDGE('',*,*,#2595,.F.);
#3381=ORIENTED_EDGE('',*,*,#2596,.T.);
#3382=ORIENTED_EDGE('',*,*,#2597,.F.);
#3383=ORIENTED_EDGE('',*,*,#2596,.F.);
#3384=ORIENTED_EDGE('',*,*,#2598,.F.);
#3385=ORIENTED_EDGE('',*,*,#2586,.T.);
#3386=ORIENTED_EDGE('',*,*,#2588,.F.);
#3387=ORIENTED_EDGE('',*,*,#2599,.F.);
#3388=ORIENTED_EDGE('',*,*,#2600,.T.);
#3389=ORIENTED_EDGE('',*,*,#2601,.F.);
#3390=ORIENTED_EDGE('',*,*,#2602,.F.);
#3391=ORIENTED_EDGE('',*,*,#2603,.F.);
#3392=ORIENTED_EDGE('',*,*,#2602,.T.);
#3393=ORIENTED_EDGE('',*,*,#2604,.F.);
#3394=ORIENTED_EDGE('',*,*,#2605,.F.);
#3395=ORIENTED_EDGE('',*,*,#2606,.F.);
#3396=ORIENTED_EDGE('',*,*,#2605,.T.);
#3397=ORIENTED_EDGE('',*,*,#2607,.F.);
#3398=ORIENTED_EDGE('',*,*,#2608,.T.);
#3399=ORIENTED_EDGE('',*,*,#2609,.F.);
#3400=ORIENTED_EDGE('',*,*,#2608,.F.);
#3401=ORIENTED_EDGE('',*,*,#2610,.F.);
#3402=ORIENTED_EDGE('',*,*,#2600,.F.);
#3403=ORIENTED_EDGE('',*,*,#2611,.F.);
#3404=ORIENTED_EDGE('',*,*,#2612,.T.);
#3405=ORIENTED_EDGE('',*,*,#2613,.F.);
#3406=ORIENTED_EDGE('',*,*,#2614,.F.);
#3407=ORIENTED_EDGE('',*,*,#2615,.F.);
#3408=ORIENTED_EDGE('',*,*,#2614,.T.);
#3409=ORIENTED_EDGE('',*,*,#2616,.F.);
#3410=ORIENTED_EDGE('',*,*,#2617,.T.);
#3411=ORIENTED_EDGE('',*,*,#2618,.F.);
#3412=ORIENTED_EDGE('',*,*,#2619,.F.);
#3413=ORIENTED_EDGE('',*,*,#2291,.T.);
#3414=ORIENTED_EDGE('',*,*,#2617,.F.);
#3415=ORIENTED_EDGE('',*,*,#2620,.F.);
#3416=ORIENTED_EDGE('',*,*,#2619,.T.);
#3417=ORIENTED_EDGE('',*,*,#2621,.F.);
#3418=ORIENTED_EDGE('',*,*,#2622,.T.);
#3419=ORIENTED_EDGE('',*,*,#2623,.F.);
#3420=ORIENTED_EDGE('',*,*,#2622,.F.);
#3421=ORIENTED_EDGE('',*,*,#2624,.F.);
#3422=ORIENTED_EDGE('',*,*,#2612,.F.);
#3423=ORIENTED_EDGE('',*,*,#2625,.F.);
#3424=ORIENTED_EDGE('',*,*,#2626,.T.);
#3425=ORIENTED_EDGE('',*,*,#2627,.F.);
#3426=ORIENTED_EDGE('',*,*,#2628,.F.);
#3427=ORIENTED_EDGE('',*,*,#2629,.F.);
#3428=ORIENTED_EDGE('',*,*,#2628,.T.);
#3429=ORIENTED_EDGE('',*,*,#2630,.F.);
#3430=ORIENTED_EDGE('',*,*,#2631,.T.);
#3431=ORIENTED_EDGE('',*,*,#2632,.F.);
#3432=ORIENTED_EDGE('',*,*,#2295,.T.);
#3433=ORIENTED_EDGE('',*,*,#2633,.F.);
#3434=ORIENTED_EDGE('',*,*,#2631,.F.);
#3435=ORIENTED_EDGE('',*,*,#2634,.F.);
#3436=ORIENTED_EDGE('',*,*,#2632,.T.);
#3437=ORIENTED_EDGE('',*,*,#2633,.T.);
#3438=ORIENTED_EDGE('',*,*,#2635,.F.);
#3439=ORIENTED_EDGE('',*,*,#2636,.T.);
#3440=ORIENTED_EDGE('',*,*,#2637,.F.);
#3441=ORIENTED_EDGE('',*,*,#2636,.F.);
#3442=ORIENTED_EDGE('',*,*,#2638,.F.);
#3443=ORIENTED_EDGE('',*,*,#2626,.F.);
#3444=ORIENTED_EDGE('',*,*,#2639,.F.);
#3445=ORIENTED_EDGE('',*,*,#2640,.T.);
#3446=ORIENTED_EDGE('',*,*,#2641,.F.);
#3447=ORIENTED_EDGE('',*,*,#2642,.F.);
#3448=ORIENTED_EDGE('',*,*,#2643,.F.);
#3449=ORIENTED_EDGE('',*,*,#2642,.T.);
#3450=ORIENTED_EDGE('',*,*,#2644,.F.);
#3451=ORIENTED_EDGE('',*,*,#2645,.T.);
#3452=ORIENTED_EDGE('',*,*,#2646,.F.);
#3453=ORIENTED_EDGE('',*,*,#2289,.T.);
#3454=ORIENTED_EDGE('',*,*,#2647,.F.);
#3455=ORIENTED_EDGE('',*,*,#2648,.F.);
#3456=ORIENTED_EDGE('',*,*,#2645,.F.);
#3457=ORIENTED_EDGE('',*,*,#2649,.F.);
#3458=ORIENTED_EDGE('',*,*,#2646,.T.);
#3459=ORIENTED_EDGE('',*,*,#2648,.T.);
#3460=ORIENTED_EDGE('',*,*,#2650,.T.);
#3461=ORIENTED_EDGE('',*,*,#2651,.F.);
#3462=ORIENTED_EDGE('',*,*,#2650,.F.);
#3463=ORIENTED_EDGE('',*,*,#2647,.T.);
#3464=ORIENTED_EDGE('',*,*,#2652,.F.);
#3465=ORIENTED_EDGE('',*,*,#2640,.F.);
#3466=ORIENTED_EDGE('',*,*,#2653,.F.);
#3467=ORIENTED_EDGE('',*,*,#2654,.T.);
#3468=ORIENTED_EDGE('',*,*,#2655,.F.);
#3469=ORIENTED_EDGE('',*,*,#2656,.F.);
#3470=ORIENTED_EDGE('',*,*,#2657,.F.);
#3471=ORIENTED_EDGE('',*,*,#2656,.T.);
#3472=ORIENTED_EDGE('',*,*,#2658,.F.);
#3473=ORIENTED_EDGE('',*,*,#2659,.F.);
#3474=ORIENTED_EDGE('',*,*,#2660,.F.);
#3475=ORIENTED_EDGE('',*,*,#2659,.T.);
#3476=ORIENTED_EDGE('',*,*,#2661,.F.);
#3477=ORIENTED_EDGE('',*,*,#2662,.T.);
#3478=ORIENTED_EDGE('',*,*,#2663,.F.);
#3479=ORIENTED_EDGE('',*,*,#2662,.F.);
#3480=ORIENTED_EDGE('',*,*,#2664,.F.);
#3481=ORIENTED_EDGE('',*,*,#2654,.F.);
#3482=ORIENTED_EDGE('',*,*,#2665,.F.);
#3483=ORIENTED_EDGE('',*,*,#2666,.T.);
#3484=ORIENTED_EDGE('',*,*,#2667,.F.);
#3485=ORIENTED_EDGE('',*,*,#2668,.F.);
#3486=ORIENTED_EDGE('',*,*,#2669,.F.);
#3487=ORIENTED_EDGE('',*,*,#2668,.T.);
#3488=ORIENTED_EDGE('',*,*,#2670,.F.);
#3489=ORIENTED_EDGE('',*,*,#2671,.F.);
#3490=ORIENTED_EDGE('',*,*,#2672,.F.);
#3491=ORIENTED_EDGE('',*,*,#2671,.T.);
#3492=ORIENTED_EDGE('',*,*,#2673,.F.);
#3493=ORIENTED_EDGE('',*,*,#2674,.T.);
#3494=ORIENTED_EDGE('',*,*,#2675,.F.);
#3495=ORIENTED_EDGE('',*,*,#2674,.F.);
#3496=ORIENTED_EDGE('',*,*,#2676,.F.);
#3497=ORIENTED_EDGE('',*,*,#2666,.F.);
#3498=ORIENTED_EDGE('',*,*,#2677,.F.);
#3499=ORIENTED_EDGE('',*,*,#2678,.T.);
#3500=ORIENTED_EDGE('',*,*,#2679,.F.);
#3501=ORIENTED_EDGE('',*,*,#2680,.F.);
#3502=ORIENTED_EDGE('',*,*,#2681,.F.);
#3503=ORIENTED_EDGE('',*,*,#2680,.T.);
#3504=ORIENTED_EDGE('',*,*,#2682,.F.);
#3505=ORIENTED_EDGE('',*,*,#2683,.F.);
#3506=ORIENTED_EDGE('',*,*,#2684,.F.);
#3507=ORIENTED_EDGE('',*,*,#2683,.T.);
#3508=ORIENTED_EDGE('',*,*,#2685,.F.);
#3509=ORIENTED_EDGE('',*,*,#2686,.T.);
#3510=ORIENTED_EDGE('',*,*,#2687,.F.);
#3511=ORIENTED_EDGE('',*,*,#2686,.F.);
#3512=ORIENTED_EDGE('',*,*,#2688,.F.);
#3513=ORIENTED_EDGE('',*,*,#2678,.F.);
#3514=ORIENTED_EDGE('',*,*,#2689,.F.);
#3515=ORIENTED_EDGE('',*,*,#2690,.T.);
#3516=ORIENTED_EDGE('',*,*,#2691,.F.);
#3517=ORIENTED_EDGE('',*,*,#2692,.F.);
#3518=ORIENTED_EDGE('',*,*,#2693,.F.);
#3519=ORIENTED_EDGE('',*,*,#2692,.T.);
#3520=ORIENTED_EDGE('',*,*,#2694,.F.);
#3521=ORIENTED_EDGE('',*,*,#2695,.F.);
#3522=ORIENTED_EDGE('',*,*,#2696,.F.);
#3523=ORIENTED_EDGE('',*,*,#2695,.T.);
#3524=ORIENTED_EDGE('',*,*,#2697,.F.);
#3525=ORIENTED_EDGE('',*,*,#2698,.T.);
#3526=ORIENTED_EDGE('',*,*,#2699,.F.);
#3527=ORIENTED_EDGE('',*,*,#2698,.F.);
#3528=ORIENTED_EDGE('',*,*,#2700,.F.);
#3529=ORIENTED_EDGE('',*,*,#2690,.F.);
#3530=ORIENTED_EDGE('',*,*,#2701,.F.);
#3531=ORIENTED_EDGE('',*,*,#2702,.T.);
#3532=ORIENTED_EDGE('',*,*,#2703,.F.);
#3533=ORIENTED_EDGE('',*,*,#2704,.F.);
#3534=ORIENTED_EDGE('',*,*,#2705,.F.);
#3535=ORIENTED_EDGE('',*,*,#2704,.T.);
#3536=ORIENTED_EDGE('',*,*,#2706,.F.);
#3537=ORIENTED_EDGE('',*,*,#2707,.F.);
#3538=ORIENTED_EDGE('',*,*,#2708,.F.);
#3539=ORIENTED_EDGE('',*,*,#2707,.T.);
#3540=ORIENTED_EDGE('',*,*,#2709,.F.);
#3541=ORIENTED_EDGE('',*,*,#2710,.T.);
#3542=ORIENTED_EDGE('',*,*,#2711,.F.);
#3543=ORIENTED_EDGE('',*,*,#2710,.F.);
#3544=ORIENTED_EDGE('',*,*,#2712,.F.);
#3545=ORIENTED_EDGE('',*,*,#2702,.F.);
#3546=ORIENTED_EDGE('',*,*,#2713,.F.);
#3547=ORIENTED_EDGE('',*,*,#2714,.T.);
#3548=ORIENTED_EDGE('',*,*,#2715,.F.);
#3549=ORIENTED_EDGE('',*,*,#2716,.F.);
#3550=ORIENTED_EDGE('',*,*,#2717,.F.);
#3551=ORIENTED_EDGE('',*,*,#2716,.T.);
#3552=ORIENTED_EDGE('',*,*,#2718,.F.);
#3553=ORIENTED_EDGE('',*,*,#2719,.F.);
#3554=ORIENTED_EDGE('',*,*,#2720,.F.);
#3555=ORIENTED_EDGE('',*,*,#2719,.T.);
#3556=ORIENTED_EDGE('',*,*,#2721,.F.);
#3557=ORIENTED_EDGE('',*,*,#2722,.T.);
#3558=ORIENTED_EDGE('',*,*,#2723,.F.);
#3559=ORIENTED_EDGE('',*,*,#2722,.F.);
#3560=ORIENTED_EDGE('',*,*,#2724,.F.);
#3561=ORIENTED_EDGE('',*,*,#2714,.F.);
#3562=ORIENTED_EDGE('',*,*,#2510,.T.);
#3563=ORIENTED_EDGE('',*,*,#2302,.T.);
#3564=ORIENTED_EDGE('',*,*,#2366,.T.);
#3565=ORIENTED_EDGE('',*,*,#2306,.T.);
#3566=ORIENTED_EDGE('',*,*,#2374,.T.);
#3567=ORIENTED_EDGE('',*,*,#2371,.T.);
#3568=ORIENTED_EDGE('',*,*,#2304,.T.);
#3569=ORIENTED_EDGE('',*,*,#2521,.T.);
#3570=ORIENTED_EDGE('',*,*,#2518,.T.);
#3571=ORIENTED_EDGE('',*,*,#2515,.T.);
#3572=ORIENTED_EDGE('',*,*,#2300,.T.);
#3573=ORIENTED_EDGE('',*,*,#2561,.T.);
#3574=ORIENTED_EDGE('',*,*,#2572,.T.);
#3575=ORIENTED_EDGE('',*,*,#2569,.T.);
#3576=ORIENTED_EDGE('',*,*,#2298,.T.);
#3577=ORIENTED_EDGE('',*,*,#2495,.T.);
#3578=ORIENTED_EDGE('',*,*,#2506,.T.);
#3579=ORIENTED_EDGE('',*,*,#2503,.T.);
#3580=ORIENTED_EDGE('',*,*,#2296,.T.);
#3581=ORIENTED_EDGE('',*,*,#2630,.T.);
#3582=ORIENTED_EDGE('',*,*,#2627,.T.);
#3583=ORIENTED_EDGE('',*,*,#2638,.T.);
#3584=ORIENTED_EDGE('',*,*,#2635,.T.);
#3585=ORIENTED_EDGE('',*,*,#2294,.T.);
#3586=ORIENTED_EDGE('',*,*,#2443,.T.);
#3587=ORIENTED_EDGE('',*,*,#2454,.T.);
#3588=ORIENTED_EDGE('',*,*,#2451,.T.);
#3589=ORIENTED_EDGE('',*,*,#2292,.T.);
#3590=ORIENTED_EDGE('',*,*,#2616,.T.);
#3591=ORIENTED_EDGE('',*,*,#2613,.T.);
#3592=ORIENTED_EDGE('',*,*,#2624,.T.);
#3593=ORIENTED_EDGE('',*,*,#2621,.T.);
#3594=ORIENTED_EDGE('',*,*,#2618,.T.);
#3595=ORIENTED_EDGE('',*,*,#2290,.T.);
#3596=ORIENTED_EDGE('',*,*,#2644,.T.);
#3597=ORIENTED_EDGE('',*,*,#2641,.T.);
#3598=ORIENTED_EDGE('',*,*,#2652,.T.);
#3599=ORIENTED_EDGE('',*,*,#2288,.T.);
#3600=ORIENTED_EDGE('',*,*,#2314,.T.);
#3601=ORIENTED_EDGE('',*,*,#2477,.T.);
#3602=ORIENTED_EDGE('',*,*,#2474,.T.);
#3603=ORIENTED_EDGE('',*,*,#2471,.T.);
#3604=ORIENTED_EDGE('',*,*,#2480,.T.);
#3605=ORIENTED_EDGE('',*,*,#2312,.T.);
#3606=ORIENTED_EDGE('',*,*,#2414,.T.);
#3607=ORIENTED_EDGE('',*,*,#2411,.T.);
#3608=ORIENTED_EDGE('',*,*,#2408,.T.);
#3609=ORIENTED_EDGE('',*,*,#2310,.T.);
#3610=ORIENTED_EDGE('',*,*,#2598,.T.);
#3611=ORIENTED_EDGE('',*,*,#2595,.T.);
#3612=ORIENTED_EDGE('',*,*,#2592,.T.);
#3613=ORIENTED_EDGE('',*,*,#2589,.T.);
#3614=ORIENTED_EDGE('',*,*,#2308,.T.);
#3615=ORIENTED_EDGE('',*,*,#2721,.T.);
#3616=ORIENTED_EDGE('',*,*,#2718,.T.);
#3617=ORIENTED_EDGE('',*,*,#2715,.T.);
#3618=ORIENTED_EDGE('',*,*,#2724,.T.);
#3619=ORIENTED_EDGE('',*,*,#2709,.T.);
#3620=ORIENTED_EDGE('',*,*,#2706,.T.);
#3621=ORIENTED_EDGE('',*,*,#2703,.T.);
#3622=ORIENTED_EDGE('',*,*,#2712,.T.);
#3623=ORIENTED_EDGE('',*,*,#2697,.T.);
#3624=ORIENTED_EDGE('',*,*,#2694,.T.);
#3625=ORIENTED_EDGE('',*,*,#2691,.T.);
#3626=ORIENTED_EDGE('',*,*,#2700,.T.);
#3627=ORIENTED_EDGE('',*,*,#2685,.T.);
#3628=ORIENTED_EDGE('',*,*,#2682,.T.);
#3629=ORIENTED_EDGE('',*,*,#2679,.T.);
#3630=ORIENTED_EDGE('',*,*,#2688,.T.);
#3631=ORIENTED_EDGE('',*,*,#2673,.T.);
#3632=ORIENTED_EDGE('',*,*,#2670,.T.);
#3633=ORIENTED_EDGE('',*,*,#2667,.T.);
#3634=ORIENTED_EDGE('',*,*,#2676,.T.);
#3635=ORIENTED_EDGE('',*,*,#2661,.T.);
#3636=ORIENTED_EDGE('',*,*,#2658,.T.);
#3637=ORIENTED_EDGE('',*,*,#2655,.T.);
#3638=ORIENTED_EDGE('',*,*,#2664,.T.);
#3639=ORIENTED_EDGE('',*,*,#2607,.T.);
#3640=ORIENTED_EDGE('',*,*,#2604,.T.);
#3641=ORIENTED_EDGE('',*,*,#2601,.T.);
#3642=ORIENTED_EDGE('',*,*,#2610,.T.);
#3643=ORIENTED_EDGE('',*,*,#2581,.T.);
#3644=ORIENTED_EDGE('',*,*,#2578,.T.);
#3645=ORIENTED_EDGE('',*,*,#2575,.T.);
#3646=ORIENTED_EDGE('',*,*,#2584,.T.);
#3647=ORIENTED_EDGE('',*,*,#2555,.T.);
#3648=ORIENTED_EDGE('',*,*,#2552,.T.);
#3649=ORIENTED_EDGE('',*,*,#2549,.T.);
#3650=ORIENTED_EDGE('',*,*,#2558,.T.);
#3651=ORIENTED_EDGE('',*,*,#2543,.T.);
#3652=ORIENTED_EDGE('',*,*,#2540,.T.);
#3653=ORIENTED_EDGE('',*,*,#2537,.T.);
#3654=ORIENTED_EDGE('',*,*,#2546,.T.);
#3655=ORIENTED_EDGE('',*,*,#2531,.T.);
#3656=ORIENTED_EDGE('',*,*,#2528,.T.);
#3657=ORIENTED_EDGE('',*,*,#2525,.T.);
#3658=ORIENTED_EDGE('',*,*,#2534,.T.);
#3659=ORIENTED_EDGE('',*,*,#2489,.T.);
#3660=ORIENTED_EDGE('',*,*,#2486,.T.);
#3661=ORIENTED_EDGE('',*,*,#2483,.T.);
#3662=ORIENTED_EDGE('',*,*,#2492,.T.);
#3663=ORIENTED_EDGE('',*,*,#2463,.T.);
#3664=ORIENTED_EDGE('',*,*,#2460,.T.);
#3665=ORIENTED_EDGE('',*,*,#2457,.T.);
#3666=ORIENTED_EDGE('',*,*,#2466,.T.);
#3667=ORIENTED_EDGE('',*,*,#2437,.T.);
#3668=ORIENTED_EDGE('',*,*,#2434,.T.);
#3669=ORIENTED_EDGE('',*,*,#2431,.T.);
#3670=ORIENTED_EDGE('',*,*,#2440,.T.);
#3671=ORIENTED_EDGE('',*,*,#2425,.T.);
#3672=ORIENTED_EDGE('',*,*,#2422,.T.);
#3673=ORIENTED_EDGE('',*,*,#2419,.T.);
#3674=ORIENTED_EDGE('',*,*,#2428,.T.);
#3675=ORIENTED_EDGE('',*,*,#2399,.T.);
#3676=ORIENTED_EDGE('',*,*,#2396,.T.);
#3677=ORIENTED_EDGE('',*,*,#2393,.T.);
#3678=ORIENTED_EDGE('',*,*,#2402,.T.);
#3679=ORIENTED_EDGE('',*,*,#2387,.T.);
#3680=ORIENTED_EDGE('',*,*,#2384,.T.);
#3681=ORIENTED_EDGE('',*,*,#2381,.T.);
#3682=ORIENTED_EDGE('',*,*,#2390,.T.);
#3683=ORIENTED_EDGE('',*,*,#2359,.T.);
#3684=ORIENTED_EDGE('',*,*,#2356,.T.);
#3685=ORIENTED_EDGE('',*,*,#2353,.T.);
#3686=ORIENTED_EDGE('',*,*,#2362,.T.);
#3687=ORIENTED_EDGE('',*,*,#2205,.F.);
#3688=ORIENTED_EDGE('',*,*,#2725,.F.);
#3689=ORIENTED_EDGE('',*,*,#2250,.F.);
#3690=ORIENTED_EDGE('',*,*,#2726,.T.);
#3691=ORIENTED_EDGE('',*,*,#2240,.F.);
#3692=ORIENTED_EDGE('',*,*,#2206,.F.);
#3693=ORIENTED_EDGE('',*,*,#2726,.F.);
#3694=ORIENTED_EDGE('',*,*,#2249,.F.);
#3695=ORIENTED_EDGE('',*,*,#2246,.F.);
#3696=ORIENTED_EDGE('',*,*,#2727,.F.);
#3697=ORIENTED_EDGE('',*,*,#2232,.F.);
#3698=ORIENTED_EDGE('',*,*,#2728,.F.);
#3699=ORIENTED_EDGE('',*,*,#2283,.F.);
#3700=ORIENTED_EDGE('',*,*,#2251,.F.);
#3701=ORIENTED_EDGE('',*,*,#2725,.T.);
#3702=ORIENTED_EDGE('',*,*,#2204,.F.);
#3703=ORIENTED_EDGE('',*,*,#2201,.F.);
#3704=ORIENTED_EDGE('',*,*,#2282,.F.);
#3705=ORIENTED_EDGE('',*,*,#2253,.F.);
#3706=ORIENTED_EDGE('',*,*,#2235,.T.);
#3707=ORIENTED_EDGE('',*,*,#2209,.F.);
#3708=ORIENTED_EDGE('',*,*,#2245,.F.);
#3709=ORIENTED_EDGE('',*,*,#2265,.F.);
#3710=ORIENTED_EDGE('',*,*,#2184,.T.);
#3711=ORIENTED_EDGE('',*,*,#2193,.F.);
#3712=ORIENTED_EDGE('',*,*,#2274,.F.);
#3713=ORIENTED_EDGE('',*,*,#2259,.F.);
#3714=ORIENTED_EDGE('',*,*,#2221,.T.);
#3715=ORIENTED_EDGE('',*,*,#2197,.F.);
#3716=ORIENTED_EDGE('',*,*,#2278,.F.);
#3717=ORIENTED_EDGE('',*,*,#2256,.F.);
#3718=ORIENTED_EDGE('',*,*,#2228,.T.);
#3719=ORIENTED_EDGE('',*,*,#2189,.F.);
#3720=ORIENTED_EDGE('',*,*,#2270,.F.);
#3721=ORIENTED_EDGE('',*,*,#2262,.F.);
#3722=ORIENTED_EDGE('',*,*,#2214,.T.);
#3723=ORIENTED_EDGE('',*,*,#2213,.F.);
#3724=ORIENTED_EDGE('',*,*,#2217,.T.);
#3725=ORIENTED_EDGE('',*,*,#2272,.F.);
#3726=ORIENTED_EDGE('',*,*,#2273,.T.);
#3727=ORIENTED_EDGE('',*,*,#2220,.F.);
#3728=ORIENTED_EDGE('',*,*,#2224,.T.);
#3729=ORIENTED_EDGE('',*,*,#2276,.F.);
#3730=ORIENTED_EDGE('',*,*,#2277,.T.);
#3731=ORIENTED_EDGE('',*,*,#2182,.F.);
#3732=ORIENTED_EDGE('',*,*,#2187,.T.);
#3733=ORIENTED_EDGE('',*,*,#2268,.F.);
#3734=ORIENTED_EDGE('',*,*,#2269,.T.);
#3735=ORIENTED_EDGE('',*,*,#2227,.F.);
#3736=ORIENTED_EDGE('',*,*,#2231,.T.);
#3737=ORIENTED_EDGE('',*,*,#2280,.F.);
#3738=ORIENTED_EDGE('',*,*,#2281,.T.);
#3739=ORIENTED_EDGE('',*,*,#2241,.F.);
#3740=ORIENTED_EDGE('',*,*,#2727,.T.);
#3741=ORIENTED_EDGE('',*,*,#2248,.F.);
#3742=ORIENTED_EDGE('',*,*,#2242,.T.);
#3743=ORIENTED_EDGE('',*,*,#2345,.F.);
#3744=ORIENTED_EDGE('',*,*,#2729,.T.);
#3745=ORIENTED_EDGE('',*,*,#2730,.F.);
#3746=ORIENTED_EDGE('',*,*,#2731,.T.);
#3747=ORIENTED_EDGE('',*,*,#2346,.F.);
#3748=ORIENTED_EDGE('',*,*,#2731,.F.);
#3749=ORIENTED_EDGE('',*,*,#2732,.F.);
#3750=ORIENTED_EDGE('',*,*,#2733,.F.);
#3751=ORIENTED_EDGE('',*,*,#2343,.F.);
#3752=ORIENTED_EDGE('',*,*,#2733,.T.);
#3753=ORIENTED_EDGE('',*,*,#2734,.F.);
#3754=ORIENTED_EDGE('',*,*,#2735,.F.);
#3755=ORIENTED_EDGE('',*,*,#2344,.F.);
#3756=ORIENTED_EDGE('',*,*,#2735,.T.);
#3757=ORIENTED_EDGE('',*,*,#2736,.F.);
#3758=ORIENTED_EDGE('',*,*,#2729,.F.);
#3759=ORIENTED_EDGE('',*,*,#2341,.F.);
#3760=ORIENTED_EDGE('',*,*,#2737,.T.);
#3761=ORIENTED_EDGE('',*,*,#2738,.F.);
#3762=ORIENTED_EDGE('',*,*,#2739,.T.);
#3763=ORIENTED_EDGE('',*,*,#2342,.F.);
#3764=ORIENTED_EDGE('',*,*,#2739,.F.);
#3765=ORIENTED_EDGE('',*,*,#2740,.F.);
#3766=ORIENTED_EDGE('',*,*,#2741,.F.);
#3767=ORIENTED_EDGE('',*,*,#2339,.F.);
#3768=ORIENTED_EDGE('',*,*,#2741,.T.);
#3769=ORIENTED_EDGE('',*,*,#2742,.F.);
#3770=ORIENTED_EDGE('',*,*,#2743,.F.);
#3771=ORIENTED_EDGE('',*,*,#2340,.F.);
#3772=ORIENTED_EDGE('',*,*,#2743,.T.);
#3773=ORIENTED_EDGE('',*,*,#2744,.F.);
#3774=ORIENTED_EDGE('',*,*,#2737,.F.);
#3775=ORIENTED_EDGE('',*,*,#2337,.F.);
#3776=ORIENTED_EDGE('',*,*,#2745,.T.);
#3777=ORIENTED_EDGE('',*,*,#2746,.F.);
#3778=ORIENTED_EDGE('',*,*,#2747,.T.);
#3779=ORIENTED_EDGE('',*,*,#2338,.F.);
#3780=ORIENTED_EDGE('',*,*,#2747,.F.);
#3781=ORIENTED_EDGE('',*,*,#2748,.F.);
#3782=ORIENTED_EDGE('',*,*,#2749,.F.);
#3783=ORIENTED_EDGE('',*,*,#2335,.F.);
#3784=ORIENTED_EDGE('',*,*,#2749,.T.);
#3785=ORIENTED_EDGE('',*,*,#2750,.F.);
#3786=ORIENTED_EDGE('',*,*,#2751,.F.);
#3787=ORIENTED_EDGE('',*,*,#2336,.F.);
#3788=ORIENTED_EDGE('',*,*,#2751,.T.);
#3789=ORIENTED_EDGE('',*,*,#2752,.F.);
#3790=ORIENTED_EDGE('',*,*,#2745,.F.);
#3791=ORIENTED_EDGE('',*,*,#2753,.F.);
#3792=ORIENTED_EDGE('',*,*,#2754,.T.);
#3793=ORIENTED_EDGE('',*,*,#2347,.F.);
#3794=ORIENTED_EDGE('',*,*,#2755,.T.);
#3795=ORIENTED_EDGE('',*,*,#2756,.F.);
#3796=ORIENTED_EDGE('',*,*,#2755,.F.);
#3797=ORIENTED_EDGE('',*,*,#2350,.F.);
#3798=ORIENTED_EDGE('',*,*,#2757,.T.);
#3799=ORIENTED_EDGE('',*,*,#2758,.F.);
#3800=ORIENTED_EDGE('',*,*,#2757,.F.);
#3801=ORIENTED_EDGE('',*,*,#2349,.F.);
#3802=ORIENTED_EDGE('',*,*,#2759,.T.);
#3803=ORIENTED_EDGE('',*,*,#2760,.F.);
#3804=ORIENTED_EDGE('',*,*,#2759,.F.);
#3805=ORIENTED_EDGE('',*,*,#2348,.F.);
#3806=ORIENTED_EDGE('',*,*,#2754,.F.);
#3807=ORIENTED_EDGE('',*,*,#2333,.F.);
#3808=ORIENTED_EDGE('',*,*,#2761,.F.);
#3809=ORIENTED_EDGE('',*,*,#2762,.F.);
#3810=ORIENTED_EDGE('',*,*,#2763,.T.);
#3811=ORIENTED_EDGE('',*,*,#2334,.F.);
#3812=ORIENTED_EDGE('',*,*,#2763,.F.);
#3813=ORIENTED_EDGE('',*,*,#2764,.F.);
#3814=ORIENTED_EDGE('',*,*,#2765,.T.);
#3815=ORIENTED_EDGE('',*,*,#2331,.F.);
#3816=ORIENTED_EDGE('',*,*,#2765,.F.);
#3817=ORIENTED_EDGE('',*,*,#2766,.F.);
#3818=ORIENTED_EDGE('',*,*,#2767,.T.);
#3819=ORIENTED_EDGE('',*,*,#2332,.F.);
#3820=ORIENTED_EDGE('',*,*,#2767,.F.);
#3821=ORIENTED_EDGE('',*,*,#2768,.F.);
#3822=ORIENTED_EDGE('',*,*,#2761,.T.);
#3823=ORIENTED_EDGE('',*,*,#2329,.F.);
#3824=ORIENTED_EDGE('',*,*,#2769,.F.);
#3825=ORIENTED_EDGE('',*,*,#2770,.F.);
#3826=ORIENTED_EDGE('',*,*,#2771,.T.);
#3827=ORIENTED_EDGE('',*,*,#2330,.F.);
#3828=ORIENTED_EDGE('',*,*,#2771,.F.);
#3829=ORIENTED_EDGE('',*,*,#2772,.F.);
#3830=ORIENTED_EDGE('',*,*,#2773,.T.);
#3831=ORIENTED_EDGE('',*,*,#2327,.F.);
#3832=ORIENTED_EDGE('',*,*,#2773,.F.);
#3833=ORIENTED_EDGE('',*,*,#2774,.F.);
#3834=ORIENTED_EDGE('',*,*,#2775,.T.);
#3835=ORIENTED_EDGE('',*,*,#2328,.F.);
#3836=ORIENTED_EDGE('',*,*,#2775,.F.);
#3837=ORIENTED_EDGE('',*,*,#2776,.F.);
#3838=ORIENTED_EDGE('',*,*,#2769,.T.);
#3839=ORIENTED_EDGE('',*,*,#2321,.F.);
#3840=ORIENTED_EDGE('',*,*,#2777,.T.);
#3841=ORIENTED_EDGE('',*,*,#2778,.F.);
#3842=ORIENTED_EDGE('',*,*,#2779,.F.);
#3843=ORIENTED_EDGE('',*,*,#2325,.F.);
#3844=ORIENTED_EDGE('',*,*,#2780,.F.);
#3845=ORIENTED_EDGE('',*,*,#2781,.F.);
#3846=ORIENTED_EDGE('',*,*,#2782,.T.);
#3847=ORIENTED_EDGE('',*,*,#2322,.F.);
#3848=ORIENTED_EDGE('',*,*,#2779,.T.);
#3849=ORIENTED_EDGE('',*,*,#2783,.F.);
#3850=ORIENTED_EDGE('',*,*,#2784,.F.);
#3851=ORIENTED_EDGE('',*,*,#2785,.F.);
#3852=ORIENTED_EDGE('',*,*,#2316,.F.);
#3853=ORIENTED_EDGE('',*,*,#2318,.F.);
#3854=ORIENTED_EDGE('',*,*,#2786,.T.);
#3855=ORIENTED_EDGE('',*,*,#2787,.F.);
#3856=ORIENTED_EDGE('',*,*,#2788,.F.);
#3857=ORIENTED_EDGE('',*,*,#2777,.F.);
#3858=ORIENTED_EDGE('',*,*,#2320,.F.);
#3859=ORIENTED_EDGE('',*,*,#2326,.F.);
#3860=ORIENTED_EDGE('',*,*,#2782,.F.);
#3861=ORIENTED_EDGE('',*,*,#2789,.F.);
#3862=ORIENTED_EDGE('',*,*,#2790,.T.);
#3863=ORIENTED_EDGE('',*,*,#2317,.F.);
#3864=ORIENTED_EDGE('',*,*,#2785,.T.);
#3865=ORIENTED_EDGE('',*,*,#2791,.F.);
#3866=ORIENTED_EDGE('',*,*,#2786,.F.);
#3867=ORIENTED_EDGE('',*,*,#2323,.F.);
#3868=ORIENTED_EDGE('',*,*,#2790,.F.);
#3869=ORIENTED_EDGE('',*,*,#2792,.F.);
#3870=ORIENTED_EDGE('',*,*,#2793,.T.);
#3871=ORIENTED_EDGE('',*,*,#2324,.F.);
#3872=ORIENTED_EDGE('',*,*,#2793,.F.);
#3873=ORIENTED_EDGE('',*,*,#2794,.F.);
#3874=ORIENTED_EDGE('',*,*,#2780,.T.);
#3875=ORIENTED_EDGE('',*,*,#2234,.F.);
#3876=ORIENTED_EDGE('',*,*,#2238,.T.);
#3877=ORIENTED_EDGE('',*,*,#2284,.F.);
#3878=ORIENTED_EDGE('',*,*,#2728,.T.);
#3879=ORIENTED_EDGE('',*,*,#2795,.F.);
#3880=ORIENTED_EDGE('',*,*,#2720,.T.);
#3881=ORIENTED_EDGE('',*,*,#2723,.T.);
#3882=ORIENTED_EDGE('',*,*,#2713,.T.);
#3883=ORIENTED_EDGE('',*,*,#2717,.T.);
#3884=ORIENTED_EDGE('',*,*,#2708,.T.);
#3885=ORIENTED_EDGE('',*,*,#2711,.T.);
#3886=ORIENTED_EDGE('',*,*,#2701,.T.);
#3887=ORIENTED_EDGE('',*,*,#2705,.T.);
#3888=ORIENTED_EDGE('',*,*,#2696,.T.);
#3889=ORIENTED_EDGE('',*,*,#2699,.T.);
#3890=ORIENTED_EDGE('',*,*,#2689,.T.);
#3891=ORIENTED_EDGE('',*,*,#2693,.T.);
#3892=ORIENTED_EDGE('',*,*,#2684,.T.);
#3893=ORIENTED_EDGE('',*,*,#2687,.T.);
#3894=ORIENTED_EDGE('',*,*,#2677,.T.);
#3895=ORIENTED_EDGE('',*,*,#2681,.T.);
#3896=ORIENTED_EDGE('',*,*,#2672,.T.);
#3897=ORIENTED_EDGE('',*,*,#2675,.T.);
#3898=ORIENTED_EDGE('',*,*,#2665,.T.);
#3899=ORIENTED_EDGE('',*,*,#2669,.T.);
#3900=ORIENTED_EDGE('',*,*,#2660,.T.);
#3901=ORIENTED_EDGE('',*,*,#2663,.T.);
#3902=ORIENTED_EDGE('',*,*,#2653,.T.);
#3903=ORIENTED_EDGE('',*,*,#2657,.T.);
#3904=ORIENTED_EDGE('',*,*,#2649,.T.);
#3905=ORIENTED_EDGE('',*,*,#2651,.T.);
#3906=ORIENTED_EDGE('',*,*,#2639,.T.);
#3907=ORIENTED_EDGE('',*,*,#2643,.T.);
#3908=ORIENTED_EDGE('',*,*,#2634,.T.);
#3909=ORIENTED_EDGE('',*,*,#2637,.T.);
#3910=ORIENTED_EDGE('',*,*,#2625,.T.);
#3911=ORIENTED_EDGE('',*,*,#2629,.T.);
#3912=ORIENTED_EDGE('',*,*,#2620,.T.);
#3913=ORIENTED_EDGE('',*,*,#2623,.T.);
#3914=ORIENTED_EDGE('',*,*,#2611,.T.);
#3915=ORIENTED_EDGE('',*,*,#2615,.T.);
#3916=ORIENTED_EDGE('',*,*,#2606,.T.);
#3917=ORIENTED_EDGE('',*,*,#2609,.T.);
#3918=ORIENTED_EDGE('',*,*,#2599,.T.);
#3919=ORIENTED_EDGE('',*,*,#2603,.T.);
#3920=ORIENTED_EDGE('',*,*,#2594,.T.);
#3921=ORIENTED_EDGE('',*,*,#2597,.T.);
#3922=ORIENTED_EDGE('',*,*,#2587,.T.);
#3923=ORIENTED_EDGE('',*,*,#2591,.T.);
#3924=ORIENTED_EDGE('',*,*,#2580,.T.);
#3925=ORIENTED_EDGE('',*,*,#2583,.T.);
#3926=ORIENTED_EDGE('',*,*,#2573,.T.);
#3927=ORIENTED_EDGE('',*,*,#2577,.T.);
#3928=ORIENTED_EDGE('',*,*,#2568,.T.);
#3929=ORIENTED_EDGE('',*,*,#2571,.T.);
#3930=ORIENTED_EDGE('',*,*,#2559,.T.);
#3931=ORIENTED_EDGE('',*,*,#2564,.T.);
#3932=ORIENTED_EDGE('',*,*,#2554,.T.);
#3933=ORIENTED_EDGE('',*,*,#2557,.T.);
#3934=ORIENTED_EDGE('',*,*,#2547,.T.);
#3935=ORIENTED_EDGE('',*,*,#2551,.T.);
#3936=ORIENTED_EDGE('',*,*,#2542,.T.);
#3937=ORIENTED_EDGE('',*,*,#2545,.T.);
#3938=ORIENTED_EDGE('',*,*,#2535,.T.);
#3939=ORIENTED_EDGE('',*,*,#2539,.T.);
#3940=ORIENTED_EDGE('',*,*,#2530,.T.);
#3941=ORIENTED_EDGE('',*,*,#2533,.T.);
#3942=ORIENTED_EDGE('',*,*,#2523,.T.);
#3943=ORIENTED_EDGE('',*,*,#2527,.T.);
#3944=ORIENTED_EDGE('',*,*,#2517,.T.);
#3945=ORIENTED_EDGE('',*,*,#2520,.T.);
#3946=ORIENTED_EDGE('',*,*,#2507,.T.);
#3947=ORIENTED_EDGE('',*,*,#2513,.T.);
#3948=ORIENTED_EDGE('',*,*,#2502,.T.);
#3949=ORIENTED_EDGE('',*,*,#2505,.T.);
#3950=ORIENTED_EDGE('',*,*,#2493,.T.);
#3951=ORIENTED_EDGE('',*,*,#2498,.T.);
#3952=ORIENTED_EDGE('',*,*,#2488,.T.);
#3953=ORIENTED_EDGE('',*,*,#2491,.T.);
#3954=ORIENTED_EDGE('',*,*,#2481,.T.);
#3955=ORIENTED_EDGE('',*,*,#2485,.T.);
#3956=ORIENTED_EDGE('',*,*,#2476,.T.);
#3957=ORIENTED_EDGE('',*,*,#2479,.T.);
#3958=ORIENTED_EDGE('',*,*,#2469,.T.);
#3959=ORIENTED_EDGE('',*,*,#2473,.T.);
#3960=ORIENTED_EDGE('',*,*,#2462,.T.);
#3961=ORIENTED_EDGE('',*,*,#2465,.T.);
#3962=ORIENTED_EDGE('',*,*,#2455,.T.);
#3963=ORIENTED_EDGE('',*,*,#2459,.T.);
#3964=ORIENTED_EDGE('',*,*,#2450,.T.);
#3965=ORIENTED_EDGE('',*,*,#2453,.T.);
#3966=ORIENTED_EDGE('',*,*,#2441,.T.);
#3967=ORIENTED_EDGE('',*,*,#2446,.T.);
#3968=ORIENTED_EDGE('',*,*,#2436,.T.);
#3969=ORIENTED_EDGE('',*,*,#2439,.T.);
#3970=ORIENTED_EDGE('',*,*,#2429,.T.);
#3971=ORIENTED_EDGE('',*,*,#2433,.T.);
#3972=ORIENTED_EDGE('',*,*,#2424,.T.);
#3973=ORIENTED_EDGE('',*,*,#2427,.T.);
#3974=ORIENTED_EDGE('',*,*,#2417,.T.);
#3975=ORIENTED_EDGE('',*,*,#2421,.T.);
#3976=ORIENTED_EDGE('',*,*,#2413,.T.);
#3977=ORIENTED_EDGE('',*,*,#2416,.T.);
#3978=ORIENTED_EDGE('',*,*,#2406,.T.);
#3979=ORIENTED_EDGE('',*,*,#2410,.T.);
#3980=ORIENTED_EDGE('',*,*,#2398,.T.);
#3981=ORIENTED_EDGE('',*,*,#2401,.T.);
#3982=ORIENTED_EDGE('',*,*,#2391,.T.);
#3983=ORIENTED_EDGE('',*,*,#2395,.T.);
#3984=ORIENTED_EDGE('',*,*,#2386,.T.);
#3985=ORIENTED_EDGE('',*,*,#2389,.T.);
#3986=ORIENTED_EDGE('',*,*,#2379,.T.);
#3987=ORIENTED_EDGE('',*,*,#2383,.T.);
#3988=ORIENTED_EDGE('',*,*,#2373,.T.);
#3989=ORIENTED_EDGE('',*,*,#2377,.T.);
#3990=ORIENTED_EDGE('',*,*,#2363,.T.);
#3991=ORIENTED_EDGE('',*,*,#2369,.T.);
#3992=ORIENTED_EDGE('',*,*,#2358,.T.);
#3993=ORIENTED_EDGE('',*,*,#2361,.T.);
#3994=ORIENTED_EDGE('',*,*,#2351,.T.);
#3995=ORIENTED_EDGE('',*,*,#2355,.T.);
#3996=ORIENTED_EDGE('',*,*,#2266,.T.);
#3997=ORIENTED_EDGE('',*,*,#2796,.T.);
#3998=ORIENTED_EDGE('',*,*,#2787,.T.);
#3999=ORIENTED_EDGE('',*,*,#2791,.T.);
#4000=ORIENTED_EDGE('',*,*,#2784,.T.);
#4001=ORIENTED_EDGE('',*,*,#2797,.T.);
#4002=ORIENTED_EDGE('',*,*,#2795,.T.);
#4003=ORIENTED_EDGE('',*,*,#2797,.F.);
#4004=ORIENTED_EDGE('',*,*,#2783,.T.);
#4005=ORIENTED_EDGE('',*,*,#2778,.T.);
#4006=ORIENTED_EDGE('',*,*,#2788,.T.);
#4007=ORIENTED_EDGE('',*,*,#2796,.F.);
#4008=ORIENTED_EDGE('',*,*,#2734,.T.);
#4009=ORIENTED_EDGE('',*,*,#2732,.T.);
#4010=ORIENTED_EDGE('',*,*,#2730,.T.);
#4011=ORIENTED_EDGE('',*,*,#2736,.T.);
#4012=ORIENTED_EDGE('',*,*,#2742,.T.);
#4013=ORIENTED_EDGE('',*,*,#2740,.T.);
#4014=ORIENTED_EDGE('',*,*,#2738,.T.);
#4015=ORIENTED_EDGE('',*,*,#2744,.T.);
#4016=ORIENTED_EDGE('',*,*,#2750,.T.);
#4017=ORIENTED_EDGE('',*,*,#2748,.T.);
#4018=ORIENTED_EDGE('',*,*,#2746,.T.);
#4019=ORIENTED_EDGE('',*,*,#2752,.T.);
#4020=ORIENTED_EDGE('',*,*,#2758,.T.);
#4021=ORIENTED_EDGE('',*,*,#2760,.T.);
#4022=ORIENTED_EDGE('',*,*,#2753,.T.);
#4023=ORIENTED_EDGE('',*,*,#2756,.T.);
#4024=ORIENTED_EDGE('',*,*,#2766,.T.);
#4025=ORIENTED_EDGE('',*,*,#2764,.T.);
#4026=ORIENTED_EDGE('',*,*,#2762,.T.);
#4027=ORIENTED_EDGE('',*,*,#2768,.T.);
#4028=ORIENTED_EDGE('',*,*,#2774,.T.);
#4029=ORIENTED_EDGE('',*,*,#2772,.T.);
#4030=ORIENTED_EDGE('',*,*,#2770,.T.);
#4031=ORIENTED_EDGE('',*,*,#2776,.T.);
#4032=ORIENTED_EDGE('',*,*,#2792,.T.);
#4033=ORIENTED_EDGE('',*,*,#2789,.T.);
#4034=ORIENTED_EDGE('',*,*,#2781,.T.);
#4035=ORIENTED_EDGE('',*,*,#2794,.T.);
#4036=TOROIDAL_SURFACE('',#4269,39.8,0.2);
#4037=TOROIDAL_SURFACE('',#4280,39.8,0.2);
#4038=TOROIDAL_SURFACE('',#4283,39.8,0.2);
#4039=TOROIDAL_SURFACE('',#4286,39.8,0.2);
#4040=TOROIDAL_SURFACE('',#4289,39.8,0.2);
#4041=TOROIDAL_SURFACE('',#4292,39.8,0.2);
#4042=TOROIDAL_SURFACE('',#4295,39.,1.);
#4043=TOROIDAL_SURFACE('',#4305,39.,1.);
#4044=TOROIDAL_SURFACE('',#4308,39.,1.);
#4045=TOROIDAL_SURFACE('',#4311,39.,1.);
#4046=TOROIDAL_SURFACE('',#4314,39.,1.);
#4047=TOROIDAL_SURFACE('',#4317,39.,1.);
#4048=TOROIDAL_SURFACE('',#4319,23.,5.);
#4049=ADVANCED_FACE('',(#1057),#4036,.T.);
#4050=ADVANCED_FACE('',(#1058),#911,.F.);
#4051=ADVANCED_FACE('',(#1059,#96),#912,.F.);
#4052=ADVANCED_FACE('',(#1060),#4037,.T.);
#4053=ADVANCED_FACE('',(#1061),#913,.F.);
#4054=ADVANCED_FACE('',(#1062),#4038,.T.);
#4055=ADVANCED_FACE('',(#1063),#914,.F.);
#4056=ADVANCED_FACE('',(#1064),#4039,.T.);
#4057=ADVANCED_FACE('',(#1065),#915,.F.);
#4058=ADVANCED_FACE('',(#1066),#4040,.T.);
#4059=ADVANCED_FACE('',(#1067),#916,.F.);
#4060=ADVANCED_FACE('',(#1068),#4041,.T.);
#4061=ADVANCED_FACE('',(#1069),#917,.F.);
#4062=ADVANCED_FACE('',(#1070),#4042,.T.);
#4063=ADVANCED_FACE('',(#1071,#97),#918,.F.);
#4064=ADVANCED_FACE('',(#1072),#4043,.T.);
#4065=ADVANCED_FACE('',(#1073),#919,.F.);
#4066=ADVANCED_FACE('',(#1074),#4044,.T.);
#4067=ADVANCED_FACE('',(#1075),#920,.F.);
#4068=ADVANCED_FACE('',(#1076),#4045,.T.);
#4069=ADVANCED_FACE('',(#1077),#921,.F.);
#4070=ADVANCED_FACE('',(#1078),#4046,.T.);
#4071=ADVANCED_FACE('',(#1079),#922,.F.);
#4072=ADVANCED_FACE('',(#1080),#4047,.T.);
#4073=ADVANCED_FACE('',(#1081),#4048,.T.);
#4074=ADVANCED_FACE('',(#1082,#98,#99,#100,#101,#102,#103,#104),#14,.F.);
#4075=ADVANCED_FACE('',(#1083),#923,.F.);
#4076=ADVANCED_FACE('',(#1084),#15,.F.);
#4077=ADVANCED_FACE('',(#1085),#924,.F.);
#4078=ADVANCED_FACE('',(#1086),#16,.F.);
#4079=ADVANCED_FACE('',(#1087),#925,.F.);
#4080=ADVANCED_FACE('',(#1088),#17,.F.);
#4081=ADVANCED_FACE('',(#1089),#926,.F.);
#4082=ADVANCED_FACE('',(#1090),#927,.F.);
#4083=ADVANCED_FACE('',(#1091),#18,.F.);
#4084=ADVANCED_FACE('',(#1092),#928,.F.);
#4085=ADVANCED_FACE('',(#1093),#929,.F.);
#4086=ADVANCED_FACE('',(#1094),#19,.F.);
#4087=ADVANCED_FACE('',(#1095),#930,.F.);
#4088=ADVANCED_FACE('',(#1096),#20,.F.);
#4089=ADVANCED_FACE('',(#1097),#931,.F.);
#4090=ADVANCED_FACE('',(#1098),#21,.F.);
#4091=ADVANCED_FACE('',(#1099),#932,.F.);
#4092=ADVANCED_FACE('',(#1100),#22,.F.);
#4093=ADVANCED_FACE('',(#1101),#933,.F.);
#4094=ADVANCED_FACE('',(#1102),#934,.F.);
#4095=ADVANCED_FACE('',(#1103),#23,.F.);
#4096=ADVANCED_FACE('',(#1104),#935,.F.);
#4097=ADVANCED_FACE('',(#1105),#24,.F.);
#4098=ADVANCED_FACE('',(#1106),#936,.F.);
#4099=ADVANCED_FACE('',(#1107),#25,.F.);
#4100=ADVANCED_FACE('',(#1108),#937,.F.);
#4101=ADVANCED_FACE('',(#1109),#26,.F.);
#4102=ADVANCED_FACE('',(#1110),#938,.F.);
#4103=ADVANCED_FACE('',(#1111),#27,.F.);
#4104=ADVANCED_FACE('',(#1112),#939,.F.);
#4105=ADVANCED_FACE('',(#1113),#28,.F.);
#4106=ADVANCED_FACE('',(#1114),#940,.F.);
#4107=ADVANCED_FACE('',(#1115),#29,.F.);
#4108=ADVANCED_FACE('',(#1116),#941,.F.);
#4109=ADVANCED_FACE('',(#1117),#942,.F.);
#4110=ADVANCED_FACE('',(#1118),#30,.F.);
#4111=ADVANCED_FACE('',(#1119),#943,.F.);
#4112=ADVANCED_FACE('',(#1120),#31,.F.);
#4113=ADVANCED_FACE('',(#1121),#944,.F.);
#4114=ADVANCED_FACE('',(#1122),#32,.F.);
#4115=ADVANCED_FACE('',(#1123),#945,.F.);
#4116=ADVANCED_FACE('',(#1124),#946,.F.);
#4117=ADVANCED_FACE('',(#1125),#33,.F.);
#4118=ADVANCED_FACE('',(#1126),#947,.F.);
#4119=ADVANCED_FACE('',(#1127),#34,.F.);
#4120=ADVANCED_FACE('',(#1128),#948,.F.);
#4121=ADVANCED_FACE('',(#1129),#35,.F.);
#4122=ADVANCED_FACE('',(#1130),#949,.F.);
#4123=ADVANCED_FACE('',(#1131),#36,.F.);
#4124=ADVANCED_FACE('',(#1132),#950,.F.);
#4125=ADVANCED_FACE('',(#1133),#37,.F.);
#4126=ADVANCED_FACE('',(#1134),#951,.F.);
#4127=ADVANCED_FACE('',(#1135),#952,.F.);
#4128=ADVANCED_FACE('',(#1136),#38,.F.);
#4129=ADVANCED_FACE('',(#1137),#953,.F.);
#4130=ADVANCED_FACE('',(#1138),#39,.F.);
#4131=ADVANCED_FACE('',(#1139),#954,.F.);
#4132=ADVANCED_FACE('',(#1140),#955,.F.);
#4133=ADVANCED_FACE('',(#1141),#40,.F.);
#4134=ADVANCED_FACE('',(#1142),#956,.F.);
#4135=ADVANCED_FACE('',(#1143),#957,.F.);
#4136=ADVANCED_FACE('',(#1144),#41,.F.);
#4137=ADVANCED_FACE('',(#1145),#958,.F.);
#4138=ADVANCED_FACE('',(#1146),#42,.F.);
#4139=ADVANCED_FACE('',(#1147),#959,.F.);
#4140=ADVANCED_FACE('',(#1148),#43,.F.);
#4141=ADVANCED_FACE('',(#1149),#960,.F.);
#4142=ADVANCED_FACE('',(#1150),#44,.F.);
#4143=ADVANCED_FACE('',(#1151),#961,.F.);
#4144=ADVANCED_FACE('',(#1152),#45,.F.);
#4145=ADVANCED_FACE('',(#1153),#962,.F.);
#4146=ADVANCED_FACE('',(#1154),#46,.F.);
#4147=ADVANCED_FACE('',(#1155),#963,.F.);
#4148=ADVANCED_FACE('',(#1156),#47,.F.);
#4149=ADVANCED_FACE('',(#1157),#964,.F.);
#4150=ADVANCED_FACE('',(#1158),#965,.F.);
#4151=ADVANCED_FACE('',(#1159),#48,.F.);
#4152=ADVANCED_FACE('',(#1160),#966,.F.);
#4153=ADVANCED_FACE('',(#1161),#49,.F.);
#4154=ADVANCED_FACE('',(#1162),#967,.F.);
#4155=ADVANCED_FACE('',(#1163),#50,.F.);
#4156=ADVANCED_FACE('',(#1164),#968,.F.);
#4157=ADVANCED_FACE('',(#1165),#969,.F.);
#4158=ADVANCED_FACE('',(#1166),#51,.F.);
#4159=ADVANCED_FACE('',(#1167),#970,.F.);
#4160=ADVANCED_FACE('',(#1168),#52,.F.);
#4161=ADVANCED_FACE('',(#1169),#971,.F.);
#4162=ADVANCED_FACE('',(#1170),#53,.F.);
#4163=ADVANCED_FACE('',(#1171),#972,.F.);
#4164=ADVANCED_FACE('',(#1172),#54,.F.);
#4165=ADVANCED_FACE('',(#1173),#973,.F.);
#4166=ADVANCED_FACE('',(#1174),#55,.F.);
#4167=ADVANCED_FACE('',(#1175),#974,.F.);
#4168=ADVANCED_FACE('',(#1176),#975,.F.);
#4169=ADVANCED_FACE('',(#1177),#56,.F.);
#4170=ADVANCED_FACE('',(#1178),#976,.F.);
#4171=ADVANCED_FACE('',(#1179),#57,.F.);
#4172=ADVANCED_FACE('',(#1180),#977,.F.);
#4173=ADVANCED_FACE('',(#1181),#978,.F.);
#4174=ADVANCED_FACE('',(#1182),#58,.F.);
#4175=ADVANCED_FACE('',(#1183),#979,.F.);
#4176=ADVANCED_FACE('',(#1184),#59,.F.);
#4177=ADVANCED_FACE('',(#1185),#980,.F.);
#4178=ADVANCED_FACE('',(#1186),#981,.F.);
#4179=ADVANCED_FACE('',(#1187),#60,.F.);
#4180=ADVANCED_FACE('',(#1188),#982,.F.);
#4181=ADVANCED_FACE('',(#1189),#61,.F.);
#4182=ADVANCED_FACE('',(#1190),#983,.F.);
#4183=ADVANCED_FACE('',(#1191),#62,.F.);
#4184=ADVANCED_FACE('',(#1192),#984,.F.);
#4185=ADVANCED_FACE('',(#1193),#63,.F.);
#4186=ADVANCED_FACE('',(#1194),#985,.F.);
#4187=ADVANCED_FACE('',(#1195),#64,.F.);
#4188=ADVANCED_FACE('',(#1196),#986,.F.);
#4189=ADVANCED_FACE('',(#1197),#65,.F.);
#4190=ADVANCED_FACE('',(#1198),#987,.F.);
#4191=ADVANCED_FACE('',(#1199),#66,.F.);
#4192=ADVANCED_FACE('',(#1200),#988,.F.);
#4193=ADVANCED_FACE('',(#1201),#67,.F.);
#4194=ADVANCED_FACE('',(#1202),#989,.F.);
#4195=ADVANCED_FACE('',(#1203),#68,.F.);
#4196=ADVANCED_FACE('',(#1204),#990,.F.);
#4197=ADVANCED_FACE('',(#1205),#69,.F.);
#4198=ADVANCED_FACE('',(#1206),#991,.F.);
#4199=ADVANCED_FACE('',(#1207),#70,.F.);
#4200=ADVANCED_FACE('',(#1208),#992,.F.);
#4201=ADVANCED_FACE('',(#1209),#71,.F.);
#4202=ADVANCED_FACE('',(#1210),#993,.F.);
#4203=ADVANCED_FACE('',(#1211),#72,.F.);
#4204=ADVANCED_FACE('',(#1212),#994,.T.);
#4205=ADVANCED_FACE('',(#1213),#995,.T.);
#4206=ADVANCED_FACE('',(#1214,#105,#106,#107,#108,#109,#110,#111,#112,#113,
#114,#115,#116,#117,#118,#119,#120,#121,#122),#996,.T.);
#4207=ADVANCED_FACE('',(#1215),#997,.F.);
#4208=ADVANCED_FACE('',(#1216),#998,.F.);
#4209=ADVANCED_FACE('',(#1217),#999,.F.);
#4210=ADVANCED_FACE('',(#1218),#1000,.F.);
#4211=ADVANCED_FACE('',(#1219),#1001,.F.);
#4212=ADVANCED_FACE('',(#1220),#1002,.F.);
#4213=ADVANCED_FACE('',(#1221),#1003,.F.);
#4214=ADVANCED_FACE('',(#1222),#1004,.F.);
#4215=ADVANCED_FACE('',(#1223),#73,.T.);
#4216=ADVANCED_FACE('',(#1224),#74,.T.);
#4217=ADVANCED_FACE('',(#1225),#75,.T.);
#4218=ADVANCED_FACE('',(#1226),#76,.T.);
#4219=ADVANCED_FACE('',(#1227),#77,.T.);
#4220=ADVANCED_FACE('',(#1228),#1005,.F.);
#4221=ADVANCED_FACE('',(#1229),#78,.F.);
#4222=ADVANCED_FACE('',(#1230),#1006,.F.);
#4223=ADVANCED_FACE('',(#1231),#79,.F.);
#4224=ADVANCED_FACE('',(#1232),#1007,.F.);
#4225=ADVANCED_FACE('',(#1233),#80,.F.);
#4226=ADVANCED_FACE('',(#1234),#1008,.F.);
#4227=ADVANCED_FACE('',(#1235),#81,.F.);
#4228=ADVANCED_FACE('',(#1236),#1009,.F.);
#4229=ADVANCED_FACE('',(#1237),#82,.F.);
#4230=ADVANCED_FACE('',(#1238),#1010,.F.);
#4231=ADVANCED_FACE('',(#1239),#83,.F.);
#4232=ADVANCED_FACE('',(#1240),#1011,.F.);
#4233=ADVANCED_FACE('',(#1241),#84,.F.);
#4234=ADVANCED_FACE('',(#1242),#1012,.F.);
#4235=ADVANCED_FACE('',(#1243),#85,.F.);
#4236=ADVANCED_FACE('',(#1244),#1013,.F.);
#4237=ADVANCED_FACE('',(#1245),#86,.F.);
#4238=ADVANCED_FACE('',(#1246),#1014,.F.);
#4239=ADVANCED_FACE('',(#1247),#87,.F.);
#4240=ADVANCED_FACE('',(#1248),#1015,.F.);
#4241=ADVANCED_FACE('',(#1249),#88,.F.);
#4242=ADVANCED_FACE('',(#1250),#1016,.F.);
#4243=ADVANCED_FACE('',(#1251),#89,.F.);
#4244=ADVANCED_FACE('',(#1252),#1017,.F.);
#4245=ADVANCED_FACE('',(#1253),#1018,.F.);
#4246=ADVANCED_FACE('',(#1254),#90,.F.);
#4247=ADVANCED_FACE('',(#1255),#91,.F.);
#4248=ADVANCED_FACE('',(#1256),#92,.F.);
#4249=ADVANCED_FACE('',(#1257),#1019,.F.);
#4250=ADVANCED_FACE('',(#1258),#1020,.F.);
#4251=ADVANCED_FACE('',(#1259),#93,.F.);
#4252=ADVANCED_FACE('',(#1260),#94,.T.);
#4253=ADVANCED_FACE('',(#1261,#123,#124,#125,#126,#127,#128,#129,#130,#131,
#132,#133,#134,#135,#136,#137,#138,#139,#140,#141,#142,#143,#144,#145,#146,
#147,#148,#149,#150,#151),#1021,.F.);
#4254=ADVANCED_FACE('',(#1262,#152,#153,#154,#155,#156,#157,#158),#95,.T.);
#4255=CLOSED_SHELL('',(#4049,#4050,#4051,#4052,#4053,#4054,#4055,#4056,
#4057,#4058,#4059,#4060,#4061,#4062,#4063,#4064,#4065,#4066,#4067,#4068,
#4069,#4070,#4071,#4072,#4073,#4074,#4075,#4076,#4077,#4078,#4079,#4080,
#4081,#4082,#4083,#4084,#4085,#4086,#4087,#4088,#4089,#4090,#4091,#4092,
#4093,#4094,#4095,#4096,#4097,#4098,#4099,#4100,#4101,#4102,#4103,#4104,
#4105,#4106,#4107,#4108,#4109,#4110,#4111,#4112,#4113,#4114,#4115,#4116,
#4117,#4118,#4119,#4120,#4121,#4122,#4123,#4124,#4125,#4126,#4127,#4128,
#4129,#4130,#4131,#4132,#4133,#4134,#4135,#4136,#4137,#4138,#4139,#4140,
#4141,#4142,#4143,#4144,#4145,#4146,#4147,#4148,#4149,#4150,#4151,#4152,
#4153,#4154,#4155,#4156,#4157,#4158,#4159,#4160,#4161,#4162,#4163,#4164,
#4165,#4166,#4167,#4168,#4169,#4170,#4171,#4172,#4173,#4174,#4175,#4176,
#4177,#4178,#4179,#4180,#4181,#4182,#4183,#4184,#4185,#4186,#4187,#4188,
#4189,#4190,#4191,#4192,#4193,#4194,#4195,#4196,#4197,#4198,#4199,#4200,
#4201,#4202,#4203,#4204,#4205,#4206,#4207,#4208,#4209,#4210,#4211,#4212,
#4213,#4214,#4215,#4216,#4217,#4218,#4219,#4220,#4221,#4222,#4223,#4224,
#4225,#4226,#4227,#4228,#4229,#4230,#4231,#4232,#4233,#4234,#4235,#4236,
#4237,#4238,#4239,#4240,#4241,#4242,#4243,#4244,#4245,#4246,#4247,#4248,
#4249,#4250,#4251,#4252,#4253,#4254));
#4256=DERIVED_UNIT_ELEMENT(#4258,1.);
#4257=DERIVED_UNIT_ELEMENT(#7813,-3.);
#4258=(
MASS_UNIT()
NAMED_UNIT(*)
SI_UNIT(.KILO.,.GRAM.)
);
#4259=DERIVED_UNIT((#4256,#4257));
#4260=MEASURE_REPRESENTATION_ITEM('density measure',
POSITIVE_RATIO_MEASURE(7850.),#4259);
#4261=PROPERTY_DEFINITION_REPRESENTATION(#4266,#4263);
#4262=PROPERTY_DEFINITION_REPRESENTATION(#4267,#4264);
#4263=REPRESENTATION('material name',(#4265),#7810);
#4264=REPRESENTATION('density',(#4260),#7810);
#4265=DESCRIPTIVE_REPRESENTATION_ITEM('Steel','Steel');
#4266=PROPERTY_DEFINITION('material property','material name',#7820);
#4267=PROPERTY_DEFINITION('material property','density of part',#7820);
#4268=AXIS2_PLACEMENT_3D('',#5814,#4658,#4659);
#4269=AXIS2_PLACEMENT_3D('',#5815,#4660,#4661);
#4270=AXIS2_PLACEMENT_3D('',#5829,#4662,#4663);
#4271=AXIS2_PLACEMENT_3D('',#5841,#4664,#4665);
#4272=AXIS2_PLACEMENT_3D('',#5842,#4666,#4667);
#4273=AXIS2_PLACEMENT_3D('',#5861,#4672,#4673);
#4274=AXIS2_PLACEMENT_3D('',#5869,#4677,#4678);
#4275=AXIS2_PLACEMENT_3D('',#5877,#4682,#4683);
#4276=AXIS2_PLACEMENT_3D('',#5885,#4687,#4688);
#4277=AXIS2_PLACEMENT_3D('',#5893,#4692,#4693);
#4278=AXIS2_PLACEMENT_3D('',#5901,#4697,#4698);
#4279=AXIS2_PLACEMENT_3D('',#5906,#4701,#4702);
#4280=AXIS2_PLACEMENT_3D('',#5907,#4703,#4704);
#4281=AXIS2_PLACEMENT_3D('',#5930,#4705,#4706);
#4282=AXIS2_PLACEMENT_3D('',#5931,#4707,#4708);
#4283=AXIS2_PLACEMENT_3D('',#5948,#4712,#4713);
#4284=AXIS2_PLACEMENT_3D('',#5971,#4714,#4715);
#4285=AXIS2_PLACEMENT_3D('',#5972,#4716,#4717);
#4286=AXIS2_PLACEMENT_3D('',#5989,#4721,#4722);
#4287=AXIS2_PLACEMENT_3D('',#6012,#4723,#4724);
#4288=AXIS2_PLACEMENT_3D('',#6013,#4725,#4726);
#4289=AXIS2_PLACEMENT_3D('',#6030,#4730,#4731);
#4290=AXIS2_PLACEMENT_3D('',#6053,#4732,#4733);
#4291=AXIS2_PLACEMENT_3D('',#6054,#4734,#4735);
#4292=AXIS2_PLACEMENT_3D('',#6071,#4739,#4740);
#4293=AXIS2_PLACEMENT_3D('',#6094,#4741,#4742);
#4294=AXIS2_PLACEMENT_3D('',#6095,#4743,#4744);
#4295=AXIS2_PLACEMENT_3D('',#6112,#4748,#4749);
#4296=AXIS2_PLACEMENT_3D('',#6125,#4750,#4751);
#4297=AXIS2_PLACEMENT_3D('',#6126,#4752,#4753);
#4298=AXIS2_PLACEMENT_3D('',#6127,#4754,#4755);
#4299=AXIS2_PLACEMENT_3D('',#6134,#4759,#4760);
#4300=AXIS2_PLACEMENT_3D('',#6139,#4763,#4764);
#4301=AXIS2_PLACEMENT_3D('',#6144,#4767,#4768);
#4302=AXIS2_PLACEMENT_3D('',#6149,#4771,#4772);
#4303=AXIS2_PLACEMENT_3D('',#6154,#4775,#4776);
#4304=AXIS2_PLACEMENT_3D('',#6157,#4778,#4779);
#4305=AXIS2_PLACEMENT_3D('',#6158,#4780,#4781);
#4306=AXIS2_PLACEMENT_3D('',#6170,#4782,#4783);
#4307=AXIS2_PLACEMENT_3D('',#6171,#4784,#4785);
#4308=AXIS2_PLACEMENT_3D('',#6174,#4788,#4789);
#4309=AXIS2_PLACEMENT_3D('',#6186,#4790,#4791);
#4310=AXIS2_PLACEMENT_3D('',#6187,#4792,#4793);
#4311=AXIS2_PLACEMENT_3D('',#6190,#4796,#4797);
#4312=AXIS2_PLACEMENT_3D('',#6202,#4798,#4799);
#4313=AXIS2_PLACEMENT_3D('',#6203,#4800,#4801);
#4314=AXIS2_PLACEMENT_3D('',#6206,#4804,#4805);
#4315=AXIS2_PLACEMENT_3D('',#6218,#4806,#4807);
#4316=AXIS2_PLACEMENT_3D('',#6219,#4808,#4809);
#4317=AXIS2_PLACEMENT_3D('',#6222,#4812,#4813);
#4318=AXIS2_PLACEMENT_3D('',#6234,#4814,#4815);
#4319=AXIS2_PLACEMENT_3D('',#6235,#4816,#4817);
#4320=AXIS2_PLACEMENT_3D('',#6237,#4818,#4819);
#4321=AXIS2_PLACEMENT_3D('',#6239,#4820,#4821);
#4322=AXIS2_PLACEMENT_3D('',#6240,#4822,#4823);
#4323=AXIS2_PLACEMENT_3D('',#6241,#4824,#4825);
#4324=AXIS2_PLACEMENT_3D('',#6244,#4826,#4827);
#4325=AXIS2_PLACEMENT_3D('',#6246,#4828,#4829);
#4326=AXIS2_PLACEMENT_3D('',#6248,#4830,#4831);
#4327=AXIS2_PLACEMENT_3D('',#6250,#4832,#4833);
#4328=AXIS2_PLACEMENT_3D('',#6252,#4834,#4835);
#4329=AXIS2_PLACEMENT_3D('',#6254,#4836,#4837);
#4330=AXIS2_PLACEMENT_3D('',#6256,#4838,#4839);
#4331=AXIS2_PLACEMENT_3D('',#6258,#4840,#4841);
#4332=AXIS2_PLACEMENT_3D('',#6260,#4842,#4843);
#4333=AXIS2_PLACEMENT_3D('',#6262,#4844,#4845);
#4334=AXIS2_PLACEMENT_3D('',#6264,#4846,#4847);
#4335=AXIS2_PLACEMENT_3D('',#6266,#4848,#4849);
#4336=AXIS2_PLACEMENT_3D('',#6268,#4850,#4851);
#4337=AXIS2_PLACEMENT_3D('',#6270,#4852,#4853);
#4338=AXIS2_PLACEMENT_3D('',#6272,#4854,#4855);
#4339=AXIS2_PLACEMENT_3D('',#6274,#4856,#4857);
#4340=AXIS2_PLACEMENT_3D('',#6276,#4858,#4859);
#4341=AXIS2_PLACEMENT_3D('',#6278,#4860,#4861);
#4342=AXIS2_PLACEMENT_3D('',#6280,#4862,#4863);
#4343=AXIS2_PLACEMENT_3D('',#6282,#4864,#4865);
#4344=AXIS2_PLACEMENT_3D('',#6284,#4866,#4867);
#4345=AXIS2_PLACEMENT_3D('',#6286,#4868,#4869);
#4346=AXIS2_PLACEMENT_3D('',#6288,#4870,#4871);
#4347=AXIS2_PLACEMENT_3D('',#6290,#4872,#4873);
#4348=AXIS2_PLACEMENT_3D('',#6292,#4874,#4875);
#4349=AXIS2_PLACEMENT_3D('',#6294,#4876,#4877);
#4350=AXIS2_PLACEMENT_3D('',#6295,#4878,#4879);
#4351=AXIS2_PLACEMENT_3D('',#6640,#4898,#4899);
#4352=AXIS2_PLACEMENT_3D('',#6649,#4904,#4905);
#4353=AXIS2_PLACEMENT_3D('',#6651,#4906,#4907);
#4354=AXIS2_PLACEMENT_3D('',#6653,#4908,#4909);
#4355=AXIS2_PLACEMENT_3D('',#6655,#4911,#4912);
#4356=AXIS2_PLACEMENT_3D('',#6661,#4916,#4917);
#4357=AXIS2_PLACEMENT_3D('',#6662,#4918,#4919);
#4358=AXIS2_PLACEMENT_3D('',#6663,#4920,#4921);
#4359=AXIS2_PLACEMENT_3D('',#6664,#4922,#4923);
#4360=AXIS2_PLACEMENT_3D('',#6675,#4930,#4931);
#4361=AXIS2_PLACEMENT_3D('',#6677,#4932,#4933);
#4362=AXIS2_PLACEMENT_3D('',#6678,#4934,#4935);
#4363=AXIS2_PLACEMENT_3D('',#6680,#4936,#4937);
#4364=AXIS2_PLACEMENT_3D('',#6682,#4939,#4940);
#4365=AXIS2_PLACEMENT_3D('',#6683,#4941,#4942);
#4366=AXIS2_PLACEMENT_3D('',#6690,#4947,#4948);
#4367=AXIS2_PLACEMENT_3D('',#6691,#4949,#4950);
#4368=AXIS2_PLACEMENT_3D('',#6692,#4951,#4952);
#4369=AXIS2_PLACEMENT_3D('',#6693,#4953,#4954);
#4370=AXIS2_PLACEMENT_3D('',#6694,#4955,#4956);
#4371=AXIS2_PLACEMENT_3D('',#6703,#4961,#4962);
#4372=AXIS2_PLACEMENT_3D('',#6705,#4963,#4964);
#4373=AXIS2_PLACEMENT_3D('',#6707,#4965,#4966);
#4374=AXIS2_PLACEMENT_3D('',#6709,#4968,#4969);
#4375=AXIS2_PLACEMENT_3D('',#6715,#4973,#4974);
#4376=AXIS2_PLACEMENT_3D('',#6716,#4975,#4976);
#4377=AXIS2_PLACEMENT_3D('',#6717,#4977,#4978);
#4378=AXIS2_PLACEMENT_3D('',#6718,#4979,#4980);
#4379=AXIS2_PLACEMENT_3D('',#6727,#4985,#4986);
#4380=AXIS2_PLACEMENT_3D('',#6729,#4987,#4988);
#4381=AXIS2_PLACEMENT_3D('',#6731,#4989,#4990);
#4382=AXIS2_PLACEMENT_3D('',#6733,#4992,#4993);
#4383=AXIS2_PLACEMENT_3D('',#6739,#4997,#4998);
#4384=AXIS2_PLACEMENT_3D('',#6740,#4999,#5000);
#4385=AXIS2_PLACEMENT_3D('',#6741,#5001,#5002);
#4386=AXIS2_PLACEMENT_3D('',#6742,#5003,#5004);
#4387=AXIS2_PLACEMENT_3D('',#6746,#5006,#5007);
#4388=AXIS2_PLACEMENT_3D('',#6748,#5009,#5010);
#4389=AXIS2_PLACEMENT_3D('',#6756,#5015,#5016);
#4390=AXIS2_PLACEMENT_3D('',#6758,#5017,#5018);
#4391=AXIS2_PLACEMENT_3D('',#6760,#5019,#5020);
#4392=AXIS2_PLACEMENT_3D('',#6762,#5022,#5023);
#4393=AXIS2_PLACEMENT_3D('',#6767,#5027,#5028);
#4394=AXIS2_PLACEMENT_3D('',#6768,#5029,#5030);
#4395=AXIS2_PLACEMENT_3D('',#6769,#5031,#5032);
#4396=AXIS2_PLACEMENT_3D('',#6778,#5037,#5038);
#4397=AXIS2_PLACEMENT_3D('',#6780,#5039,#5040);
#4398=AXIS2_PLACEMENT_3D('',#6782,#5041,#5042);
#4399=AXIS2_PLACEMENT_3D('',#6784,#5044,#5045);
#4400=AXIS2_PLACEMENT_3D('',#6790,#5049,#5050);
#4401=AXIS2_PLACEMENT_3D('',#6791,#5051,#5052);
#4402=AXIS2_PLACEMENT_3D('',#6792,#5053,#5054);
#4403=AXIS2_PLACEMENT_3D('',#6793,#5055,#5056);
#4404=AXIS2_PLACEMENT_3D('',#6802,#5061,#5062);
#4405=AXIS2_PLACEMENT_3D('',#6804,#5063,#5064);
#4406=AXIS2_PLACEMENT_3D('',#6806,#5065,#5066);
#4407=AXIS2_PLACEMENT_3D('',#6808,#5068,#5069);
#4408=AXIS2_PLACEMENT_3D('',#6814,#5073,#5074);
#4409=AXIS2_PLACEMENT_3D('',#6815,#5075,#5076);
#4410=AXIS2_PLACEMENT_3D('',#6816,#5077,#5078);
#4411=AXIS2_PLACEMENT_3D('',#6817,#5079,#5080);
#4412=AXIS2_PLACEMENT_3D('',#6827,#5086,#5087);
#4413=AXIS2_PLACEMENT_3D('',#6829,#5088,#5089);
#4414=AXIS2_PLACEMENT_3D('',#6831,#5090,#5091);
#4415=AXIS2_PLACEMENT_3D('',#6833,#5093,#5094);
#4416=AXIS2_PLACEMENT_3D('',#6835,#5096,#5097);
#4417=AXIS2_PLACEMENT_3D('',#6841,#5101,#5102);
#4418=AXIS2_PLACEMENT_3D('',#6842,#5103,#5104);
#4419=AXIS2_PLACEMENT_3D('',#6843,#5105,#5106);
#4420=AXIS2_PLACEMENT_3D('',#6844,#5107,#5108);
#4421=AXIS2_PLACEMENT_3D('',#6853,#5113,#5114);
#4422=AXIS2_PLACEMENT_3D('',#6855,#5115,#5116);
#4423=AXIS2_PLACEMENT_3D('',#6857,#5117,#5118);
#4424=AXIS2_PLACEMENT_3D('',#6859,#5120,#5121);
#4425=AXIS2_PLACEMENT_3D('',#6865,#5125,#5126);
#4426=AXIS2_PLACEMENT_3D('',#6866,#5127,#5128);
#4427=AXIS2_PLACEMENT_3D('',#6867,#5129,#5130);
#4428=AXIS2_PLACEMENT_3D('',#6868,#5131,#5132);
#4429=AXIS2_PLACEMENT_3D('',#6870,#5133,#5134);
#4430=AXIS2_PLACEMENT_3D('',#6872,#5136,#5137);
#4431=AXIS2_PLACEMENT_3D('',#6881,#5142,#5143);
#4432=AXIS2_PLACEMENT_3D('',#6883,#5144,#5145);
#4433=AXIS2_PLACEMENT_3D('',#6885,#5146,#5147);
#4434=AXIS2_PLACEMENT_3D('',#6887,#5149,#5150);
#4435=AXIS2_PLACEMENT_3D('',#6892,#5154,#5155);
#4436=AXIS2_PLACEMENT_3D('',#6893,#5156,#5157);
#4437=AXIS2_PLACEMENT_3D('',#6894,#5158,#5159);
#4438=AXIS2_PLACEMENT_3D('',#6895,#5160,#5161);
#4439=AXIS2_PLACEMENT_3D('',#6904,#5166,#5167);
#4440=AXIS2_PLACEMENT_3D('',#6906,#5168,#5169);
#4441=AXIS2_PLACEMENT_3D('',#6908,#5170,#5171);
#4442=AXIS2_PLACEMENT_3D('',#6910,#5173,#5174);
#4443=AXIS2_PLACEMENT_3D('',#6916,#5178,#5179);
#4444=AXIS2_PLACEMENT_3D('',#6917,#5180,#5181);
#4445=AXIS2_PLACEMENT_3D('',#6918,#5182,#5183);
#4446=AXIS2_PLACEMENT_3D('',#6919,#5184,#5185);
#4447=AXIS2_PLACEMENT_3D('',#6929,#5191,#5192);
#4448=AXIS2_PLACEMENT_3D('',#6931,#5193,#5194);
#4449=AXIS2_PLACEMENT_3D('',#6933,#5195,#5196);
#4450=AXIS2_PLACEMENT_3D('',#6935,#5198,#5199);
#4451=AXIS2_PLACEMENT_3D('',#6937,#5201,#5202);
#4452=AXIS2_PLACEMENT_3D('',#6943,#5206,#5207);
#4453=AXIS2_PLACEMENT_3D('',#6944,#5208,#5209);
#4454=AXIS2_PLACEMENT_3D('',#6945,#5210,#5211);
#4455=AXIS2_PLACEMENT_3D('',#6946,#5212,#5213);
#4456=AXIS2_PLACEMENT_3D('',#6957,#5220,#5221);
#4457=AXIS2_PLACEMENT_3D('',#6959,#5222,#5223);
#4458=AXIS2_PLACEMENT_3D('',#6960,#5224,#5225);
#4459=AXIS2_PLACEMENT_3D('',#6962,#5226,#5227);
#4460=AXIS2_PLACEMENT_3D('',#6964,#5229,#5230);
#4461=AXIS2_PLACEMENT_3D('',#6965,#5231,#5232);
#4462=AXIS2_PLACEMENT_3D('',#6971,#5236,#5237);
#4463=AXIS2_PLACEMENT_3D('',#6972,#5238,#5239);
#4464=AXIS2_PLACEMENT_3D('',#6973,#5240,#5241);
#4465=AXIS2_PLACEMENT_3D('',#6974,#5242,#5243);
#4466=AXIS2_PLACEMENT_3D('',#6975,#5244,#5245);
#4467=AXIS2_PLACEMENT_3D('',#6976,#5246,#5247);
#4468=AXIS2_PLACEMENT_3D('',#6985,#5252,#5253);
#4469=AXIS2_PLACEMENT_3D('',#6987,#5254,#5255);
#4470=AXIS2_PLACEMENT_3D('',#6989,#5256,#5257);
#4471=AXIS2_PLACEMENT_3D('',#6991,#5259,#5260);
#4472=AXIS2_PLACEMENT_3D('',#6997,#5264,#5265);
#4473=AXIS2_PLACEMENT_3D('',#6998,#5266,#5267);
#4474=AXIS2_PLACEMENT_3D('',#6999,#5268,#5269);
#4475=AXIS2_PLACEMENT_3D('',#7000,#5270,#5271);
#4476=AXIS2_PLACEMENT_3D('',#7009,#5276,#5277);
#4477=AXIS2_PLACEMENT_3D('',#7011,#5278,#5279);
#4478=AXIS2_PLACEMENT_3D('',#7013,#5280,#5281);
#4479=AXIS2_PLACEMENT_3D('',#7015,#5283,#5284);
#4480=AXIS2_PLACEMENT_3D('',#7021,#5288,#5289);
#4481=AXIS2_PLACEMENT_3D('',#7022,#5290,#5291);
#4482=AXIS2_PLACEMENT_3D('',#7023,#5292,#5293);
#4483=AXIS2_PLACEMENT_3D('',#7024,#5294,#5295);
#4484=AXIS2_PLACEMENT_3D('',#7033,#5300,#5301);
#4485=AXIS2_PLACEMENT_3D('',#7035,#5302,#5303);
#4486=AXIS2_PLACEMENT_3D('',#7037,#5304,#5305);
#4487=AXIS2_PLACEMENT_3D('',#7039,#5307,#5308);
#4488=AXIS2_PLACEMENT_3D('',#7045,#5312,#5313);
#4489=AXIS2_PLACEMENT_3D('',#7046,#5314,#5315);
#4490=AXIS2_PLACEMENT_3D('',#7047,#5316,#5317);
#4491=AXIS2_PLACEMENT_3D('',#7048,#5318,#5319);
#4492=AXIS2_PLACEMENT_3D('',#7058,#5325,#5326);
#4493=AXIS2_PLACEMENT_3D('',#7060,#5327,#5328);
#4494=AXIS2_PLACEMENT_3D('',#7062,#5329,#5330);
#4495=AXIS2_PLACEMENT_3D('',#7064,#5332,#5333);
#4496=AXIS2_PLACEMENT_3D('',#7066,#5335,#5336);
#4497=AXIS2_PLACEMENT_3D('',#7072,#5340,#5341);
#4498=AXIS2_PLACEMENT_3D('',#7073,#5342,#5343);
#4499=AXIS2_PLACEMENT_3D('',#7074,#5344,#5345);
#4500=AXIS2_PLACEMENT_3D('',#7075,#5346,#5347);
#4501=AXIS2_PLACEMENT_3D('',#7084,#5352,#5353);
#4502=AXIS2_PLACEMENT_3D('',#7086,#5354,#5355);
#4503=AXIS2_PLACEMENT_3D('',#7088,#5356,#5357);
#4504=AXIS2_PLACEMENT_3D('',#7090,#5359,#5360);
#4505=AXIS2_PLACEMENT_3D('',#7096,#5364,#5365);
#4506=AXIS2_PLACEMENT_3D('',#7097,#5366,#5367);
#4507=AXIS2_PLACEMENT_3D('',#7098,#5368,#5369);
#4508=AXIS2_PLACEMENT_3D('',#7099,#5370,#5371);
#4509=AXIS2_PLACEMENT_3D('',#7102,#5373,#5374);
#4510=AXIS2_PLACEMENT_3D('',#7103,#5375,#5376);
#4511=AXIS2_PLACEMENT_3D('',#7111,#5381,#5382);
#4512=AXIS2_PLACEMENT_3D('',#7113,#5383,#5384);
#4513=AXIS2_PLACEMENT_3D('',#7115,#5385,#5386);
#4514=AXIS2_PLACEMENT_3D('',#7117,#5388,#5389);
#4515=AXIS2_PLACEMENT_3D('',#7123,#5393,#5394);
#4516=AXIS2_PLACEMENT_3D('',#7124,#5395,#5396);
#4517=AXIS2_PLACEMENT_3D('',#7125,#5397,#5398);
#4518=AXIS2_PLACEMENT_3D('',#7126,#5399,#5400);
#4519=AXIS2_PLACEMENT_3D('',#7135,#5405,#5406);
#4520=AXIS2_PLACEMENT_3D('',#7137,#5407,#5408);
#4521=AXIS2_PLACEMENT_3D('',#7139,#5409,#5410);
#4522=AXIS2_PLACEMENT_3D('',#7141,#5412,#5413);
#4523=AXIS2_PLACEMENT_3D('',#7147,#5417,#5418);
#4524=AXIS2_PLACEMENT_3D('',#7148,#5419,#5420);
#4525=AXIS2_PLACEMENT_3D('',#7149,#5421,#5422);
#4526=AXIS2_PLACEMENT_3D('',#7150,#5423,#5424);
#4527=AXIS2_PLACEMENT_3D('',#7159,#5429,#5430);
#4528=AXIS2_PLACEMENT_3D('',#7161,#5431,#5432);
#4529=AXIS2_PLACEMENT_3D('',#7162,#5433,#5434);
#4530=AXIS2_PLACEMENT_3D('',#7163,#5435,#5436);
#4531=AXIS2_PLACEMENT_3D('',#7165,#5437,#5438);
#4532=AXIS2_PLACEMENT_3D('',#7167,#5440,#5441);
#4533=AXIS2_PLACEMENT_3D('',#7168,#5442,#5443);
#4534=AXIS2_PLACEMENT_3D('',#7174,#5447,#5448);
#4535=AXIS2_PLACEMENT_3D('',#7175,#5449,#5450);
#4536=AXIS2_PLACEMENT_3D('',#7176,#5451,#5452);
#4537=AXIS2_PLACEMENT_3D('',#7177,#5453,#5454);
#4538=AXIS2_PLACEMENT_3D('',#7186,#5459,#5460);
#4539=AXIS2_PLACEMENT_3D('',#7188,#5461,#5462);
#4540=AXIS2_PLACEMENT_3D('',#7189,#5463,#5464);
#4541=AXIS2_PLACEMENT_3D('',#7191,#5465,#5466);
#4542=AXIS2_PLACEMENT_3D('',#7193,#5468,#5469);
#4543=AXIS2_PLACEMENT_3D('',#7195,#5471,#5472);
#4544=AXIS2_PLACEMENT_3D('',#7201,#5476,#5477);
#4545=AXIS2_PLACEMENT_3D('',#7202,#5478,#5479);
#4546=AXIS2_PLACEMENT_3D('',#7203,#5480,#5481);
#4547=AXIS2_PLACEMENT_3D('',#7204,#5482,#5483);
#4548=AXIS2_PLACEMENT_3D('',#7213,#5488,#5489);
#4549=AXIS2_PLACEMENT_3D('',#7215,#5490,#5491);
#4550=AXIS2_PLACEMENT_3D('',#7216,#5492,#5493);
#4551=AXIS2_PLACEMENT_3D('',#7218,#5494,#5495);
#4552=AXIS2_PLACEMENT_3D('',#7220,#5497,#5498);
#4553=AXIS2_PLACEMENT_3D('',#7222,#5499,#5500);
#4554=AXIS2_PLACEMENT_3D('',#7224,#5502,#5503);
#4555=AXIS2_PLACEMENT_3D('',#7228,#5506,#5507);
#4556=AXIS2_PLACEMENT_3D('',#7229,#5508,#5509);
#4557=AXIS2_PLACEMENT_3D('',#7230,#5510,#5511);
#4558=AXIS2_PLACEMENT_3D('',#7231,#5512,#5513);
#4559=AXIS2_PLACEMENT_3D('',#7240,#5518,#5519);
#4560=AXIS2_PLACEMENT_3D('',#7242,#5520,#5521);
#4561=AXIS2_PLACEMENT_3D('',#7244,#5522,#5523);
#4562=AXIS2_PLACEMENT_3D('',#7246,#5525,#5526);
#4563=AXIS2_PLACEMENT_3D('',#7252,#5530,#5531);
#4564=AXIS2_PLACEMENT_3D('',#7253,#5532,#5533);
#4565=AXIS2_PLACEMENT_3D('',#7254,#5534,#5535);
#4566=AXIS2_PLACEMENT_3D('',#7255,#5536,#5537);
#4567=AXIS2_PLACEMENT_3D('',#7264,#5542,#5543);
#4568=AXIS2_PLACEMENT_3D('',#7266,#5544,#5545);
#4569=AXIS2_PLACEMENT_3D('',#7268,#5546,#5547);
#4570=AXIS2_PLACEMENT_3D('',#7270,#5549,#5550);
#4571=AXIS2_PLACEMENT_3D('',#7276,#5554,#5555);
#4572=AXIS2_PLACEMENT_3D('',#7277,#5556,#5557);
#4573=AXIS2_PLACEMENT_3D('',#7278,#5558,#5559);
#4574=AXIS2_PLACEMENT_3D('',#7279,#5560,#5561);
#4575=AXIS2_PLACEMENT_3D('',#7288,#5566,#5567);
#4576=AXIS2_PLACEMENT_3D('',#7290,#5568,#5569);
#4577=AXIS2_PLACEMENT_3D('',#7292,#5570,#5571);
#4578=AXIS2_PLACEMENT_3D('',#7294,#5573,#5574);
#4579=AXIS2_PLACEMENT_3D('',#7300,#5578,#5579);
#4580=AXIS2_PLACEMENT_3D('',#7301,#5580,#5581);
#4581=AXIS2_PLACEMENT_3D('',#7302,#5582,#5583);
#4582=AXIS2_PLACEMENT_3D('',#7303,#5584,#5585);
#4583=AXIS2_PLACEMENT_3D('',#7312,#5590,#5591);
#4584=AXIS2_PLACEMENT_3D('',#7314,#5592,#5593);
#4585=AXIS2_PLACEMENT_3D('',#7316,#5594,#5595);
#4586=AXIS2_PLACEMENT_3D('',#7318,#5597,#5598);
#4587=AXIS2_PLACEMENT_3D('',#7324,#5602,#5603);
#4588=AXIS2_PLACEMENT_3D('',#7325,#5604,#5605);
#4589=AXIS2_PLACEMENT_3D('',#7326,#5606,#5607);
#4590=AXIS2_PLACEMENT_3D('',#7327,#5608,#5609);
#4591=AXIS2_PLACEMENT_3D('',#7336,#5614,#5615);
#4592=AXIS2_PLACEMENT_3D('',#7338,#5616,#5617);
#4593=AXIS2_PLACEMENT_3D('',#7340,#5618,#5619);
#4594=AXIS2_PLACEMENT_3D('',#7342,#5621,#5622);
#4595=AXIS2_PLACEMENT_3D('',#7348,#5626,#5627);
#4596=AXIS2_PLACEMENT_3D('',#7349,#5628,#5629);
#4597=AXIS2_PLACEMENT_3D('',#7350,#5630,#5631);
#4598=AXIS2_PLACEMENT_3D('',#7351,#5632,#5633);
#4599=AXIS2_PLACEMENT_3D('',#7360,#5638,#5639);
#4600=AXIS2_PLACEMENT_3D('',#7362,#5640,#5641);
#4601=AXIS2_PLACEMENT_3D('',#7364,#5642,#5643);
#4602=AXIS2_PLACEMENT_3D('',#7366,#5645,#5646);
#4603=AXIS2_PLACEMENT_3D('',#7372,#5650,#5651);
#4604=AXIS2_PLACEMENT_3D('',#7373,#5652,#5653);
#4605=AXIS2_PLACEMENT_3D('',#7374,#5654,#5655);
#4606=AXIS2_PLACEMENT_3D('',#7375,#5656,#5657);
#4607=AXIS2_PLACEMENT_3D('',#7376,#5658,#5659);
#4608=AXIS2_PLACEMENT_3D('',#7377,#5660,#5661);
#4609=AXIS2_PLACEMENT_3D('',#7378,#5662,#5663);
#4610=AXIS2_PLACEMENT_3D('',#7381,#5666,#5667);
#4611=AXIS2_PLACEMENT_3D('',#7383,#5669,#5670);
#4612=AXIS2_PLACEMENT_3D('',#7385,#5672,#5673);
#4613=AXIS2_PLACEMENT_3D('',#7386,#5674,#5675);
#4614=AXIS2_PLACEMENT_3D('',#7387,#5676,#5677);
#4615=AXIS2_PLACEMENT_3D('',#7388,#5678,#5679);
#4616=AXIS2_PLACEMENT_3D('',#7389,#5680,#5681);
#4617=AXIS2_PLACEMENT_3D('',#7390,#5682,#5683);
#4618=AXIS2_PLACEMENT_3D('',#7391,#5684,#5685);
#4619=AXIS2_PLACEMENT_3D('',#7392,#5686,#5687);
#4620=AXIS2_PLACEMENT_3D('',#7393,#5688,#5689);
#4621=AXIS2_PLACEMENT_3D('',#7394,#5690,#5691);
#4622=AXIS2_PLACEMENT_3D('',#7395,#5692,#5693);
#4623=AXIS2_PLACEMENT_3D('',#7401,#5697,#5698);
#4624=AXIS2_PLACEMENT_3D('',#7422,#5700,#5701);
#4625=AXIS2_PLACEMENT_3D('',#7426,#5704,#5705);
#4626=AXIS2_PLACEMENT_3D('',#7445,#5706,#5707);
#4627=AXIS2_PLACEMENT_3D('',#7451,#5711,#5712);
#4628=AXIS2_PLACEMENT_3D('',#7472,#5714,#5715);
#4629=AXIS2_PLACEMENT_3D('',#7476,#5718,#5719);
#4630=AXIS2_PLACEMENT_3D('',#7495,#5720,#5721);
#4631=AXIS2_PLACEMENT_3D('',#7501,#5725,#5726);
#4632=AXIS2_PLACEMENT_3D('',#7522,#5728,#5729);
#4633=AXIS2_PLACEMENT_3D('',#7526,#5732,#5733);
#4634=AXIS2_PLACEMENT_3D('',#7545,#5734,#5735);
#4635=AXIS2_PLACEMENT_3D('',#7551,#5739,#5740);
#4636=AXIS2_PLACEMENT_3D('',#7572,#5742,#5743);
#4637=AXIS2_PLACEMENT_3D('',#7576,#5746,#5747);
#4638=AXIS2_PLACEMENT_3D('',#7595,#5748,#5749);
#4639=AXIS2_PLACEMENT_3D('',#7601,#5753,#5754);
#4640=AXIS2_PLACEMENT_3D('',#7622,#5756,#5757);
#4641=AXIS2_PLACEMENT_3D('',#7626,#5760,#5761);
#4642=AXIS2_PLACEMENT_3D('',#7645,#5762,#5763);
#4643=AXIS2_PLACEMENT_3D('',#7651,#5767,#5768);
#4644=AXIS2_PLACEMENT_3D('',#7672,#5770,#5771);
#4645=AXIS2_PLACEMENT_3D('',#7676,#5774,#5775);
#4646=AXIS2_PLACEMENT_3D('',#7695,#5776,#5777);
#4647=AXIS2_PLACEMENT_3D('',#7701,#5781,#5782);
#4648=AXIS2_PLACEMENT_3D('',#7707,#5786,#5787);
#4649=AXIS2_PLACEMENT_3D('',#7731,#5789,#5790);
#4650=AXIS2_PLACEMENT_3D('',#7755,#5792,#5793);
#4651=AXIS2_PLACEMENT_3D('',#7776,#5795,#5796);
#4652=AXIS2_PLACEMENT_3D('',#7778,#5798,#5799);
#4653=AXIS2_PLACEMENT_3D('',#7782,#5802,#5803);
#4654=AXIS2_PLACEMENT_3D('',#7801,#5804,#5805);
#4655=AXIS2_PLACEMENT_3D('',#7802,#5806,#5807);
#4656=AXIS2_PLACEMENT_3D('',#7804,#5808,#5809);
#4657=AXIS2_PLACEMENT_3D('',#7805,#5810,#5811);
#4658=DIRECTION('axis',(0.,0.,1.));
#4659=DIRECTION('refdir',(1.,0.,0.));
#4660=DIRECTION('center_axis',(0.,1.,0.));
#4661=DIRECTION('ref_axis',(0.,0.,1.));
#4662=DIRECTION('center_axis',(0.,-1.,0.));
#4663=DIRECTION('ref_axis',(-0.977324427845895,0.,-0.21174740313802));
#4664=DIRECTION('center_axis',(0.,1.,0.));
#4665=DIRECTION('ref_axis',(-0.977324427845894,0.,-0.21174740313802));
#4666=DIRECTION('center_axis',(-0.64278760968654,0.,0.766044443118977));
#4667=DIRECTION('ref_axis',(-0.766044443118977,0.,-0.64278760968654));
#4668=DIRECTION('',(-0.766044443118977,0.,-0.64278760968654));
#4669=DIRECTION('',(0.,1.,0.));
#4670=DIRECTION('',(0.766044443118977,0.,0.64278760968654));
#4671=DIRECTION('',(0.,-1.,0.));
#4672=DIRECTION('center_axis',(0.,-1.,0.));
#4673=DIRECTION('ref_axis',(0.,0.,-1.));
#4674=DIRECTION('',(0.939692620785908,0.,-0.342020143325669));
#4675=DIRECTION('',(0.342020143325672,0.,0.939692620785907));
#4676=DIRECTION('',(-0.939692620785909,0.,0.342020143325668));
#4677=DIRECTION('center_axis',(0.,-1.,0.));
#4678=DIRECTION('ref_axis',(-0.672040844225857,0.,0.740514080684627));
#4679=DIRECTION('',(0.17364817766693,0.,-0.984807753012208));
#4680=DIRECTION('',(0.984807753012209,0.,0.173648177666927));
#4681=DIRECTION('',(-0.173648177666931,0.,0.984807753012208));
#4682=DIRECTION('center_axis',(0.,-1.,0.));
#4683=DIRECTION('ref_axis',(0.305283583620038,0.,0.952261483822646));
#4684=DIRECTION('',(-0.766044443118979,0.,-0.642787609686538));
#4685=DIRECTION('',(0.642787609686536,0.,-0.766044443118981));
#4686=DIRECTION('',(0.766044443118978,0.,0.642787609686539));
#4687=DIRECTION('center_axis',(0.,-1.,0.));
#4688=DIRECTION('ref_axis',(0.977324427845895,0.,0.211747403138019));
#4689=DIRECTION('',(-0.939692620785908,0.,0.342020143325669));
#4690=DIRECTION('',(-0.342020143325672,0.,-0.939692620785907));
#4691=DIRECTION('',(0.939692620785909,0.,-0.342020143325667));
#4692=DIRECTION('center_axis',(0.,-1.,0.));
#4693=DIRECTION('ref_axis',(0.672040844225857,0.,-0.740514080684627));
#4694=DIRECTION('',(-0.17364817766693,0.,0.984807753012208));
#4695=DIRECTION('',(-0.984807753012209,0.,-0.173648177666927));
#4696=DIRECTION('',(0.173648177666931,0.,-0.984807753012208));
#4697=DIRECTION('center_axis',(0.,-1.,0.));
#4698=DIRECTION('ref_axis',(-0.305283583620038,0.,-0.952261483822646));
#4699=DIRECTION('',(0.766044443118978,0.,0.642787609686539));
#4700=DIRECTION('',(-0.642787609686537,0.,0.76604444311898));
#4701=DIRECTION('center_axis',(0.,1.,0.));
#4702=DIRECTION('ref_axis',(1.,0.,0.));
#4703=DIRECTION('center_axis',(0.,1.,0.));
#4704=DIRECTION('ref_axis',(0.,0.,1.));
#4705=DIRECTION('center_axis',(0.,1.,0.));
#4706=DIRECTION('ref_axis',(-0.672040844225857,0.,0.740514080684627));
#4707=DIRECTION('center_axis',(0.342020143325668,0.,0.939692620785909));
#4708=DIRECTION('ref_axis',(-0.939692620785909,0.,0.342020143325668));
#4709=DIRECTION('',(0.,1.,0.));
#4710=DIRECTION('',(0.939692620785909,0.,-0.342020143325668));
#4711=DIRECTION('',(0.,-1.,0.));
#4712=DIRECTION('center_axis',(0.,1.,0.));
#4713=DIRECTION('ref_axis',(0.,0.,1.));
#4714=DIRECTION('center_axis',(0.,1.,0.));
#4715=DIRECTION('ref_axis',(0.305283583620038,0.,0.952261483822646));
#4716=DIRECTION('center_axis',(0.984807753012208,0.,0.173648177666931));
#4717=DIRECTION('ref_axis',(-0.173648177666931,0.,0.984807753012208));
#4718=DIRECTION('',(0.,1.,0.));
#4719=DIRECTION('',(0.173648177666931,0.,-0.984807753012208));
#4720=DIRECTION('',(0.,-1.,0.));
#4721=DIRECTION('center_axis',(0.,1.,0.));
#4722=DIRECTION('ref_axis',(0.,0.,1.));
#4723=DIRECTION('center_axis',(0.,1.,0.));
#4724=DIRECTION('ref_axis',(0.977324427845895,0.,0.211747403138019));
#4725=DIRECTION('center_axis',(0.642787609686539,0.,-0.766044443118978));
#4726=DIRECTION('ref_axis',(0.766044443118978,0.,0.642787609686539));
#4727=DIRECTION('',(0.,1.,0.));
#4728=DIRECTION('',(-0.766044443118978,0.,-0.642787609686539));
#4729=DIRECTION('',(0.,-1.,0.));
#4730=DIRECTION('center_axis',(0.,1.,0.));
#4731=DIRECTION('ref_axis',(0.,0.,1.));
#4732=DIRECTION('center_axis',(0.,1.,0.));
#4733=DIRECTION('ref_axis',(0.672040844225857,0.,-0.740514080684627));
#4734=DIRECTION('center_axis',(-0.342020143325667,0.,-0.939692620785909));
#4735=DIRECTION('ref_axis',(0.939692620785909,0.,-0.342020143325667));
#4736=DIRECTION('',(0.,1.,0.));
#4737=DIRECTION('',(-0.939692620785909,0.,0.342020143325667));
#4738=DIRECTION('',(0.,-1.,0.));
#4739=DIRECTION('center_axis',(0.,1.,0.));
#4740=DIRECTION('ref_axis',(-0.305277365660022,0.,-0.952263477203488));
#4741=DIRECTION('center_axis',(0.,1.,0.));
#4742=DIRECTION('ref_axis',(-0.305283583620038,0.,-0.952261483822646));
#4743=DIRECTION('center_axis',(0.642787609686539,0.,-0.766044443118978));
#4744=DIRECTION('ref_axis',(0.766044443118978,0.,0.642787609686539));
#4745=DIRECTION('',(0.,1.,0.));
#4746=DIRECTION('',(-0.766044443118978,0.,-0.642787609686539));
#4747=DIRECTION('',(0.,1.,0.));
#4748=DIRECTION('center_axis',(0.,-1.,0.));
#4749=DIRECTION('ref_axis',(0.,0.,-1.));
#4750=DIRECTION('center_axis',(0.,1.,0.));
#4751=DIRECTION('ref_axis',(-0.305283583620038,0.,-0.952261483822646));
#4752=DIRECTION('center_axis',(0.,-1.,0.));
#4753=DIRECTION('ref_axis',(-0.305283583620038,0.,-0.952261483822646));
#4754=DIRECTION('center_axis',(0.,1.,0.));
#4755=DIRECTION('ref_axis',(1.,0.,0.));
#4756=DIRECTION('',(-0.173648177666931,0.,0.984807753012208));
#4757=DIRECTION('',(0.984807753012209,0.,0.173648177666927));
#4758=DIRECTION('',(0.17364817766693,0.,-0.984807753012208));
#4759=DIRECTION('center_axis',(0.,1.,0.));
#4760=DIRECTION('ref_axis',(0.672040844225857,0.,-0.740514080684627));
#4761=DIRECTION('',(0.342020143325672,0.,0.939692620785907));
#4762=DIRECTION('',(0.939692620785908,0.,-0.342020143325669));
#4763=DIRECTION('center_axis',(0.,1.,0.));
#4764=DIRECTION('ref_axis',(0.977324427845895,0.,0.211747403138019));
#4765=DIRECTION('',(-0.642787609686536,0.,0.766044443118981));
#4766=DIRECTION('',(0.766044443118979,0.,0.642787609686538));
#4767=DIRECTION('center_axis',(0.,1.,0.));
#4768=DIRECTION('ref_axis',(0.305283583620038,0.,0.952261483822646));
#4769=DIRECTION('',(-0.984807753012209,0.,-0.173648177666927));
#4770=DIRECTION('',(-0.17364817766693,0.,0.984807753012208));
#4771=DIRECTION('center_axis',(0.,1.,0.));
#4772=DIRECTION('ref_axis',(-0.672040844225857,0.,0.740514080684626));
#4773=DIRECTION('',(-0.342020143325672,0.,-0.939692620785907));
#4774=DIRECTION('',(-0.939692620785908,0.,0.342020143325669));
#4775=DIRECTION('center_axis',(0.,1.,0.));
#4776=DIRECTION('ref_axis',(-0.977324427845894,0.,-0.21174740313802));
#4777=DIRECTION('',(0.642787609686537,0.,-0.76604444311898));
#4778=DIRECTION('center_axis',(0.,-1.,0.));
#4779=DIRECTION('ref_axis',(1.,0.,0.));
#4780=DIRECTION('center_axis',(0.,-1.,0.));
#4781=DIRECTION('ref_axis',(0.,0.,-1.));
#4782=DIRECTION('center_axis',(0.,-1.,0.));
#4783=DIRECTION('ref_axis',(-0.977324427845894,0.,-0.21174740313802));
#4784=DIRECTION('center_axis',(-0.342020143325669,0.,-0.939692620785908));
#4785=DIRECTION('ref_axis',(0.939692620785908,0.,-0.342020143325669));
#4786=DIRECTION('',(0.,1.,0.));
#4787=DIRECTION('',(0.,1.,0.));
#4788=DIRECTION('center_axis',(0.,-1.,0.));
#4789=DIRECTION('ref_axis',(0.,0.,-1.));
#4790=DIRECTION('center_axis',(0.,-1.,0.));
#4791=DIRECTION('ref_axis',(-0.672040844225857,0.,0.740514080684627));
#4792=DIRECTION('center_axis',(-0.984807753012208,0.,-0.17364817766693));
#4793=DIRECTION('ref_axis',(0.17364817766693,0.,-0.984807753012208));
#4794=DIRECTION('',(0.,1.,0.));
#4795=DIRECTION('',(0.,1.,0.));
#4796=DIRECTION('center_axis',(0.,-1.,0.));
#4797=DIRECTION('ref_axis',(0.305251855942002,0.,0.952271654751922));
#4798=DIRECTION('center_axis',(0.,-1.,0.));
#4799=DIRECTION('ref_axis',(0.305283583620038,0.,0.952261483822646));
#4800=DIRECTION('center_axis',(-0.642787609686538,0.,0.766044443118979));
#4801=DIRECTION('ref_axis',(-0.766044443118979,0.,-0.642787609686538));
#4802=DIRECTION('',(0.,1.,0.));
#4803=DIRECTION('',(0.,1.,0.));
#4804=DIRECTION('center_axis',(0.,-1.,0.));
#4805=DIRECTION('ref_axis',(0.,0.,-1.));
#4806=DIRECTION('center_axis',(0.,-1.,0.));
#4807=DIRECTION('ref_axis',(0.977324427845895,0.,0.211747403138019));
#4808=DIRECTION('center_axis',(0.342020143325669,0.,0.939692620785908));
#4809=DIRECTION('ref_axis',(-0.939692620785908,0.,0.342020143325669));
#4810=DIRECTION('',(0.,1.,0.));
#4811=DIRECTION('',(0.,1.,0.));
#4812=DIRECTION('center_axis',(0.,-1.,0.));
#4813=DIRECTION('ref_axis',(0.,0.,-1.));
#4814=DIRECTION('center_axis',(0.,-1.,0.));
#4815=DIRECTION('ref_axis',(0.672040844225857,0.,-0.740514080684627));
#4816=DIRECTION('center_axis',(0.,-1.,0.));
#4817=DIRECTION('ref_axis',(0.,0.,-1.));
#4818=DIRECTION('center_axis',(-1.,0.,-1.23908819712629E-16));
#4819=DIRECTION('ref_axis',(-1.23908819712629E-16,0.,1.));
#4820=DIRECTION('center_axis',(0.,-1.,0.));
#4821=DIRECTION('ref_axis',(1.,0.,0.));
#4822=DIRECTION('center_axis',(0.,-1.,0.));
#4823=DIRECTION('ref_axis',(1.,0.,0.));
#4824=DIRECTION('center_axis',(0.,1.,0.));
#4825=DIRECTION('ref_axis',(1.,0.,0.));
#4826=DIRECTION('center_axis',(0.,1.,0.));
#4827=DIRECTION('ref_axis',(1.,0.,0.));
#4828=DIRECTION('center_axis',(0.,1.,0.));
#4829=DIRECTION('ref_axis',(1.,0.,0.));
#4830=DIRECTION('center_axis',(0.,1.,0.));
#4831=DIRECTION('ref_axis',(1.,0.,0.));
#4832=DIRECTION('center_axis',(0.,1.,0.));
#4833=DIRECTION('ref_axis',(1.,0.,0.));
#4834=DIRECTION('center_axis',(0.,1.,0.));
#4835=DIRECTION('ref_axis',(1.,0.,0.));
#4836=DIRECTION('center_axis',(0.,1.,0.));
#4837=DIRECTION('ref_axis',(1.,0.,0.));
#4838=DIRECTION('center_axis',(0.,1.,0.));
#4839=DIRECTION('ref_axis',(1.,0.,0.));
#4840=DIRECTION('center_axis',(0.,1.,0.));
#4841=DIRECTION('ref_axis',(1.,0.,0.));
#4842=DIRECTION('center_axis',(0.,1.,0.));
#4843=DIRECTION('ref_axis',(1.,0.,0.));
#4844=DIRECTION('center_axis',(0.,1.,0.));
#4845=DIRECTION('ref_axis',(1.,0.,0.));
#4846=DIRECTION('center_axis',(0.,1.,0.));
#4847=DIRECTION('ref_axis',(1.,0.,0.));
#4848=DIRECTION('center_axis',(0.,1.,0.));
#4849=DIRECTION('ref_axis',(1.,0.,0.));
#4850=DIRECTION('center_axis',(0.,1.,0.));
#4851=DIRECTION('ref_axis',(1.,0.,0.));
#4852=DIRECTION('center_axis',(0.,1.,0.));
#4853=DIRECTION('ref_axis',(1.,0.,0.));
#4854=DIRECTION('center_axis',(0.,1.,0.));
#4855=DIRECTION('ref_axis',(1.,0.,0.));
#4856=DIRECTION('center_axis',(0.,1.,0.));
#4857=DIRECTION('ref_axis',(1.,0.,0.));
#4858=DIRECTION('center_axis',(0.,1.,0.));
#4859=DIRECTION('ref_axis',(1.,0.,0.));
#4860=DIRECTION('center_axis',(0.,1.,0.));
#4861=DIRECTION('ref_axis',(1.,0.,0.));
#4862=DIRECTION('center_axis',(0.,1.,0.));
#4863=DIRECTION('ref_axis',(1.,0.,0.));
#4864=DIRECTION('center_axis',(0.,1.,0.));
#4865=DIRECTION('ref_axis',(1.,0.,0.));
#4866=DIRECTION('center_axis',(0.,1.,0.));
#4867=DIRECTION('ref_axis',(1.,0.,0.));
#4868=DIRECTION('center_axis',(0.,1.,0.));
#4869=DIRECTION('ref_axis',(1.,0.,0.));
#4870=DIRECTION('center_axis',(0.,1.,0.));
#4871=DIRECTION('ref_axis',(1.,0.,0.));
#4872=DIRECTION('center_axis',(0.,1.,0.));
#4873=DIRECTION('ref_axis',(1.,0.,0.));
#4874=DIRECTION('center_axis',(0.,1.,0.));
#4875=DIRECTION('ref_axis',(1.,0.,0.));
#4876=DIRECTION('center_axis',(0.,1.,0.));
#4877=DIRECTION('ref_axis',(1.,0.,0.));
#4878=DIRECTION('center_axis',(0.,1.,0.));
#4879=DIRECTION('ref_axis',(1.,0.,0.));
#4880=DIRECTION('',(0.,1.,0.));
#4881=DIRECTION('',(0.,1.,0.));
#4882=DIRECTION('',(0.,1.,0.));
#4883=DIRECTION('',(0.,-1.,0.));
#4884=DIRECTION('',(0.,-1.,0.));
#4885=DIRECTION('',(0.,1.,0.));
#4886=DIRECTION('',(0.,-1.,0.));
#4887=DIRECTION('',(0.,1.,0.));
#4888=DIRECTION('',(0.,-1.,0.));
#4889=DIRECTION('',(0.,1.,0.));
#4890=DIRECTION('',(0.,-1.,0.));
#4891=DIRECTION('',(0.,1.,0.));
#4892=DIRECTION('',(0.,-1.,0.));
#4893=DIRECTION('',(0.,1.,0.));
#4894=DIRECTION('',(0.,-1.,0.));
#4895=DIRECTION('',(0.,1.,0.));
#4896=DIRECTION('',(0.,1.,0.));
#4897=DIRECTION('',(0.,-1.,0.));
#4898=DIRECTION('center_axis',(-0.669575637385735,0.,0.742743876325807));
#4899=DIRECTION('ref_axis',(0.742743876325807,0.,0.669575637385735));
#4900=DIRECTION('',(0.742743876325807,0.,0.669575637385735));
#4901=DIRECTION('',(0.,1.,0.));
#4902=DIRECTION('',(-0.742743876325807,0.,-0.669575637385735));
#4903=DIRECTION('',(0.,1.,0.));
#4904=DIRECTION('center_axis',(0.,1.,0.));
#4905=DIRECTION('ref_axis',(-0.669575637385735,0.,0.742743876325808));
#4906=DIRECTION('center_axis',(0.,1.,0.));
#4907=DIRECTION('ref_axis',(-0.669575637385735,0.,0.742743876325808));
#4908=DIRECTION('center_axis',(0.,-1.,0.));
#4909=DIRECTION('ref_axis',(-0.669575637385735,0.,0.742743876325808));
#4910=DIRECTION('',(0.,1.,0.));
#4911=DIRECTION('center_axis',(0.669575637385735,0.,-0.742743876325807));
#4912=DIRECTION('ref_axis',(-0.742743876325807,0.,-0.669575637385735));
#4913=DIRECTION('',(-0.742743876325807,0.,-0.669575637385735));
#4914=DIRECTION('',(0.742743876325807,0.,0.669575637385735));
#4915=DIRECTION('',(0.,-1.,0.));
#4916=DIRECTION('center_axis',(0.,1.,0.));
#4917=DIRECTION('ref_axis',(0.669575637385735,0.,-0.742743876325808));
#4918=DIRECTION('center_axis',(0.,1.,0.));
#4919=DIRECTION('ref_axis',(0.669575637385735,0.,-0.742743876325808));
#4920=DIRECTION('center_axis',(0.,-1.,0.));
#4921=DIRECTION('ref_axis',(0.669575637385735,0.,-0.742743876325808));
#4922=DIRECTION('center_axis',(1.,0.,0.));
#4923=DIRECTION('ref_axis',(0.,0.,-1.));
#4924=DIRECTION('',(0.,0.,-1.));
#4925=DIRECTION('',(0.,1.,0.));
#4926=DIRECTION('',(0.,0.,-1.));
#4927=DIRECTION('',(0.,0.,1.));
#4928=DIRECTION('',(0.,0.,-1.));
#4929=DIRECTION('',(0.,1.,0.));
#4930=DIRECTION('center_axis',(0.,1.,0.));
#4931=DIRECTION('ref_axis',(1.,0.,0.));
#4932=DIRECTION('center_axis',(0.,1.,0.));
#4933=DIRECTION('ref_axis',(1.,0.,0.));
#4934=DIRECTION('center_axis',(0.,1.,0.));
#4935=DIRECTION('ref_axis',(1.,0.,0.));
#4936=DIRECTION('center_axis',(0.,-1.,0.));
#4937=DIRECTION('ref_axis',(1.,0.,0.));
#4938=DIRECTION('',(0.,1.,0.));
#4939=DIRECTION('center_axis',(0.,1.,0.));
#4940=DIRECTION('ref_axis',(1.,0.,0.));
#4941=DIRECTION('center_axis',(-1.,0.,0.));
#4942=DIRECTION('ref_axis',(0.,0.,1.));
#4943=DIRECTION('',(0.,0.,1.));
#4944=DIRECTION('',(0.,0.,-1.));
#4945=DIRECTION('',(0.,0.,1.));
#4946=DIRECTION('',(0.,-1.,0.));
#4947=DIRECTION('center_axis',(0.,1.,0.));
#4948=DIRECTION('ref_axis',(-1.,0.,0.));
#4949=DIRECTION('center_axis',(0.,1.,0.));
#4950=DIRECTION('ref_axis',(-1.,0.,0.));
#4951=DIRECTION('center_axis',(0.,1.,0.));
#4952=DIRECTION('ref_axis',(-1.,0.,0.));
#4953=DIRECTION('center_axis',(0.,1.,0.));
#4954=DIRECTION('ref_axis',(1.,0.,0.));
#4955=DIRECTION('center_axis',(1.,0.,0.));
#4956=DIRECTION('ref_axis',(0.,0.,-1.));
#4957=DIRECTION('',(0.,0.,-1.));
#4958=DIRECTION('',(0.,1.,0.));
#4959=DIRECTION('',(0.,0.,1.));
#4960=DIRECTION('',(0.,1.,0.));
#4961=DIRECTION('center_axis',(0.,1.,0.));
#4962=DIRECTION('ref_axis',(1.,0.,0.));
#4963=DIRECTION('center_axis',(0.,1.,0.));
#4964=DIRECTION('ref_axis',(1.,0.,0.));
#4965=DIRECTION('center_axis',(0.,-1.,0.));
#4966=DIRECTION('ref_axis',(1.,0.,0.));
#4967=DIRECTION('',(0.,1.,0.));
#4968=DIRECTION('center_axis',(-1.,0.,0.));
#4969=DIRECTION('ref_axis',(0.,0.,1.));
#4970=DIRECTION('',(0.,0.,1.));
#4971=DIRECTION('',(0.,0.,-1.));
#4972=DIRECTION('',(0.,-1.,0.));
#4973=DIRECTION('center_axis',(0.,1.,0.));
#4974=DIRECTION('ref_axis',(-1.,0.,0.));
#4975=DIRECTION('center_axis',(0.,1.,0.));
#4976=DIRECTION('ref_axis',(-1.,0.,0.));
#4977=DIRECTION('center_axis',(0.,-1.,0.));
#4978=DIRECTION('ref_axis',(-1.,0.,0.));
#4979=DIRECTION('center_axis',(1.,0.,0.));
#4980=DIRECTION('ref_axis',(0.,0.,-1.));
#4981=DIRECTION('',(0.,0.,-1.));
#4982=DIRECTION('',(0.,1.,0.));
#4983=DIRECTION('',(0.,0.,1.));
#4984=DIRECTION('',(0.,1.,0.));
#4985=DIRECTION('center_axis',(0.,1.,0.));
#4986=DIRECTION('ref_axis',(1.,0.,3.0627802627108E-15));
#4987=DIRECTION('center_axis',(0.,1.,0.));
#4988=DIRECTION('ref_axis',(1.,0.,3.0627802627108E-15));
#4989=DIRECTION('center_axis',(0.,-1.,0.));
#4990=DIRECTION('ref_axis',(1.,0.,3.0627802627108E-15));
#4991=DIRECTION('',(0.,1.,0.));
#4992=DIRECTION('center_axis',(-1.,0.,0.));
#4993=DIRECTION('ref_axis',(0.,0.,1.));
#4994=DIRECTION('',(0.,0.,1.));
#4995=DIRECTION('',(0.,0.,-1.));
#4996=DIRECTION('',(0.,-1.,0.));
#4997=DIRECTION('center_axis',(0.,1.,0.));
#4998=DIRECTION('ref_axis',(-1.,0.,-3.06278026271076E-15));
#4999=DIRECTION('center_axis',(0.,1.,0.));
#5000=DIRECTION('ref_axis',(-1.,0.,-3.06278026271076E-15));
#5001=DIRECTION('center_axis',(0.,-1.,0.));
#5002=DIRECTION('ref_axis',(-1.,0.,-3.06278026271076E-15));
#5003=DIRECTION('center_axis',(0.,1.,0.));
#5004=DIRECTION('ref_axis',(1.,0.,0.));
#5005=DIRECTION('',(0.,0.,-1.));
#5006=DIRECTION('center_axis',(0.,1.,0.));
#5007=DIRECTION('ref_axis',(-1.,0.,0.));
#5008=DIRECTION('',(0.,0.,1.));
#5009=DIRECTION('center_axis',(1.,0.,0.));
#5010=DIRECTION('ref_axis',(0.,0.,-1.));
#5011=DIRECTION('',(0.,0.,-1.));
#5012=DIRECTION('',(0.,1.,0.));
#5013=DIRECTION('',(0.,0.,1.));
#5014=DIRECTION('',(0.,1.,0.));
#5015=DIRECTION('center_axis',(0.,1.,0.));
#5016=DIRECTION('ref_axis',(1.,0.,0.));
#5017=DIRECTION('center_axis',(0.,1.,0.));
#5018=DIRECTION('ref_axis',(1.,0.,0.));
#5019=DIRECTION('center_axis',(0.,-1.,0.));
#5020=DIRECTION('ref_axis',(1.,0.,0.));
#5021=DIRECTION('',(0.,1.,0.));
#5022=DIRECTION('center_axis',(-1.,0.,0.));
#5023=DIRECTION('ref_axis',(0.,0.,1.));
#5024=DIRECTION('',(0.,0.,1.));
#5025=DIRECTION('',(0.,0.,-1.));
#5026=DIRECTION('',(0.,-1.,0.));
#5027=DIRECTION('center_axis',(0.,1.,0.));
#5028=DIRECTION('ref_axis',(-1.,0.,0.));
#5029=DIRECTION('center_axis',(0.,1.,0.));
#5030=DIRECTION('ref_axis',(-1.,0.,0.));
#5031=DIRECTION('center_axis',(1.,0.,0.));
#5032=DIRECTION('ref_axis',(0.,0.,-1.));
#5033=DIRECTION('',(0.,0.,-1.));
#5034=DIRECTION('',(0.,1.,0.));
#5035=DIRECTION('',(0.,0.,1.));
#5036=DIRECTION('',(0.,1.,0.));
#5037=DIRECTION('center_axis',(0.,1.,0.));
#5038=DIRECTION('ref_axis',(1.,0.,0.));
#5039=DIRECTION('center_axis',(0.,1.,0.));
#5040=DIRECTION('ref_axis',(1.,0.,0.));
#5041=DIRECTION('center_axis',(0.,-1.,0.));
#5042=DIRECTION('ref_axis',(1.,0.,0.));
#5043=DIRECTION('',(0.,1.,0.));
#5044=DIRECTION('center_axis',(-1.,0.,0.));
#5045=DIRECTION('ref_axis',(0.,0.,1.));
#5046=DIRECTION('',(0.,0.,1.));
#5047=DIRECTION('',(0.,0.,-1.));
#5048=DIRECTION('',(0.,-1.,0.));
#5049=DIRECTION('center_axis',(0.,1.,0.));
#5050=DIRECTION('ref_axis',(-1.,0.,0.));
#5051=DIRECTION('center_axis',(0.,1.,0.));
#5052=DIRECTION('ref_axis',(-1.,0.,0.));
#5053=DIRECTION('center_axis',(0.,-1.,0.));
#5054=DIRECTION('ref_axis',(-1.,0.,0.));
#5055=DIRECTION('center_axis',(1.,0.,0.));
#5056=DIRECTION('ref_axis',(0.,0.,-1.));
#5057=DIRECTION('',(0.,0.,-1.));
#5058=DIRECTION('',(0.,1.,0.));
#5059=DIRECTION('',(0.,0.,1.));
#5060=DIRECTION('',(0.,1.,0.));
#5061=DIRECTION('center_axis',(0.,1.,0.));
#5062=DIRECTION('ref_axis',(1.,0.,0.));
#5063=DIRECTION('center_axis',(0.,1.,0.));
#5064=DIRECTION('ref_axis',(1.,0.,0.));
#5065=DIRECTION('center_axis',(0.,-1.,0.));
#5066=DIRECTION('ref_axis',(1.,0.,0.));
#5067=DIRECTION('',(0.,1.,0.));
#5068=DIRECTION('center_axis',(-1.,0.,0.));
#5069=DIRECTION('ref_axis',(0.,0.,1.));
#5070=DIRECTION('',(0.,0.,1.));
#5071=DIRECTION('',(0.,0.,-1.));
#5072=DIRECTION('',(0.,-1.,0.));
#5073=DIRECTION('center_axis',(0.,1.,0.));
#5074=DIRECTION('ref_axis',(-1.,0.,0.));
#5075=DIRECTION('center_axis',(0.,1.,0.));
#5076=DIRECTION('ref_axis',(-1.,0.,0.));
#5077=DIRECTION('center_axis',(0.,-1.,0.));
#5078=DIRECTION('ref_axis',(-1.,0.,0.));
#5079=DIRECTION('center_axis',(1.,0.,0.));
#5080=DIRECTION('ref_axis',(0.,0.,-1.));
#5081=DIRECTION('',(0.,0.,-1.));
#5082=DIRECTION('',(0.,1.,0.));
#5083=DIRECTION('',(0.,0.,1.));
#5084=DIRECTION('',(0.,0.,-1.));
#5085=DIRECTION('',(0.,1.,0.));
#5086=DIRECTION('center_axis',(0.,1.,0.));
#5087=DIRECTION('ref_axis',(1.,0.,0.));
#5088=DIRECTION('center_axis',(0.,1.,0.));
#5089=DIRECTION('ref_axis',(1.,0.,0.));
#5090=DIRECTION('center_axis',(0.,1.,0.));
#5091=DIRECTION('ref_axis',(1.,0.,0.));
#5092=DIRECTION('',(0.,1.,0.));
#5093=DIRECTION('center_axis',(0.,1.,0.));
#5094=DIRECTION('ref_axis',(1.,0.,0.));
#5095=DIRECTION('',(0.,0.,1.));
#5096=DIRECTION('center_axis',(-1.,0.,0.));
#5097=DIRECTION('ref_axis',(0.,0.,1.));
#5098=DIRECTION('',(0.,0.,1.));
#5099=DIRECTION('',(0.,0.,-1.));
#5100=DIRECTION('',(0.,-1.,0.));
#5101=DIRECTION('center_axis',(0.,1.,0.));
#5102=DIRECTION('ref_axis',(-1.,0.,0.));
#5103=DIRECTION('center_axis',(0.,1.,0.));
#5104=DIRECTION('ref_axis',(-1.,0.,0.));
#5105=DIRECTION('center_axis',(0.,-1.,0.));
#5106=DIRECTION('ref_axis',(-1.,0.,0.));
#5107=DIRECTION('center_axis',(1.,0.,0.));
#5108=DIRECTION('ref_axis',(0.,0.,-1.));
#5109=DIRECTION('',(0.,0.,-1.));
#5110=DIRECTION('',(0.,1.,0.));
#5111=DIRECTION('',(0.,0.,1.));
#5112=DIRECTION('',(0.,1.,0.));
#5113=DIRECTION('center_axis',(0.,1.,0.));
#5114=DIRECTION('ref_axis',(1.,0.,0.));
#5115=DIRECTION('center_axis',(0.,1.,0.));
#5116=DIRECTION('ref_axis',(1.,0.,0.));
#5117=DIRECTION('center_axis',(0.,-1.,0.));
#5118=DIRECTION('ref_axis',(1.,0.,0.));
#5119=DIRECTION('',(0.,1.,0.));
#5120=DIRECTION('center_axis',(-1.,0.,0.));
#5121=DIRECTION('ref_axis',(0.,0.,1.));
#5122=DIRECTION('',(0.,0.,1.));
#5123=DIRECTION('',(0.,0.,-1.));
#5124=DIRECTION('',(0.,-1.,0.));
#5125=DIRECTION('center_axis',(0.,1.,0.));
#5126=DIRECTION('ref_axis',(-1.,0.,0.));
#5127=DIRECTION('center_axis',(0.,1.,0.));
#5128=DIRECTION('ref_axis',(-1.,0.,0.));
#5129=DIRECTION('center_axis',(0.,-1.,0.));
#5130=DIRECTION('ref_axis',(-1.,0.,0.));
#5131=DIRECTION('center_axis',(0.,1.,0.));
#5132=DIRECTION('ref_axis',(1.,0.,0.));
#5133=DIRECTION('center_axis',(0.,1.,0.));
#5134=DIRECTION('ref_axis',(-1.,0.,0.));
#5135=DIRECTION('',(0.,0.,1.));
#5136=DIRECTION('center_axis',(1.,0.,0.));
#5137=DIRECTION('ref_axis',(0.,0.,-1.));
#5138=DIRECTION('',(0.,0.,-1.));
#5139=DIRECTION('',(0.,1.,0.));
#5140=DIRECTION('',(0.,0.,1.));
#5141=DIRECTION('',(0.,1.,0.));
#5142=DIRECTION('center_axis',(0.,1.,0.));
#5143=DIRECTION('ref_axis',(1.,0.,0.));
#5144=DIRECTION('center_axis',(0.,1.,0.));
#5145=DIRECTION('ref_axis',(1.,0.,0.));
#5146=DIRECTION('center_axis',(0.,-1.,0.));
#5147=DIRECTION('ref_axis',(1.,0.,0.));
#5148=DIRECTION('',(0.,1.,0.));
#5149=DIRECTION('center_axis',(-1.,0.,0.));
#5150=DIRECTION('ref_axis',(0.,0.,1.));
#5151=DIRECTION('',(0.,0.,1.));
#5152=DIRECTION('',(0.,0.,-1.));
#5153=DIRECTION('',(0.,-1.,0.));
#5154=DIRECTION('center_axis',(0.,1.,0.));
#5155=DIRECTION('ref_axis',(-1.,0.,0.));
#5156=DIRECTION('center_axis',(0.,1.,0.));
#5157=DIRECTION('ref_axis',(-1.,0.,0.));
#5158=DIRECTION('center_axis',(0.,-1.,0.));
#5159=DIRECTION('ref_axis',(-1.,0.,0.));
#5160=DIRECTION('center_axis',(0.992708261250554,0.,-0.120541727401354));
#5161=DIRECTION('ref_axis',(-0.120541727401354,0.,-0.992708261250554));
#5162=DIRECTION('',(-0.120541727401354,0.,-0.992708261250554));
#5163=DIRECTION('',(0.,1.,0.));
#5164=DIRECTION('',(0.120541727401354,0.,0.992708261250554));
#5165=DIRECTION('',(0.,1.,0.));
#5166=DIRECTION('center_axis',(0.,1.,0.));
#5167=DIRECTION('ref_axis',(0.992708261250554,0.,-0.120541727401353));
#5168=DIRECTION('center_axis',(0.,1.,0.));
#5169=DIRECTION('ref_axis',(0.992708261250554,0.,-0.120541727401353));
#5170=DIRECTION('center_axis',(0.,-1.,0.));
#5171=DIRECTION('ref_axis',(0.992708261250554,0.,-0.120541727401353));
#5172=DIRECTION('',(0.,1.,0.));
#5173=DIRECTION('center_axis',(-0.992708261250554,0.,0.120541727401354));
#5174=DIRECTION('ref_axis',(0.120541727401354,0.,0.992708261250554));
#5175=DIRECTION('',(0.120541727401354,0.,0.992708261250554));
#5176=DIRECTION('',(-0.120541727401354,0.,-0.992708261250554));
#5177=DIRECTION('',(0.,-1.,0.));
#5178=DIRECTION('center_axis',(0.,1.,0.));
#5179=DIRECTION('ref_axis',(-0.992708261250553,0.,0.120541727401356));
#5180=DIRECTION('center_axis',(0.,1.,0.));
#5181=DIRECTION('ref_axis',(-0.992708261250553,0.,0.120541727401356));
#5182=DIRECTION('center_axis',(0.,-1.,0.));
#5183=DIRECTION('ref_axis',(-0.992708261250553,0.,0.120541727401356));
#5184=DIRECTION('center_axis',(1.,0.,0.));
#5185=DIRECTION('ref_axis',(0.,0.,-1.));
#5186=DIRECTION('',(0.,0.,-1.));
#5187=DIRECTION('',(0.,1.,0.));
#5188=DIRECTION('',(0.,0.,1.));
#5189=DIRECTION('',(0.,0.,-1.));
#5190=DIRECTION('',(0.,1.,0.));
#5191=DIRECTION('center_axis',(0.,1.,0.));
#5192=DIRECTION('ref_axis',(1.,0.,0.));
#5193=DIRECTION('center_axis',(0.,1.,0.));
#5194=DIRECTION('ref_axis',(1.,0.,0.));
#5195=DIRECTION('center_axis',(0.,1.,0.));
#5196=DIRECTION('ref_axis',(1.,0.,0.));
#5197=DIRECTION('',(0.,1.,0.));
#5198=DIRECTION('center_axis',(0.,1.,0.));
#5199=DIRECTION('ref_axis',(1.,0.,0.));
#5200=DIRECTION('',(0.,0.,1.));
#5201=DIRECTION('center_axis',(-1.,0.,0.));
#5202=DIRECTION('ref_axis',(0.,0.,1.));
#5203=DIRECTION('',(0.,0.,1.));
#5204=DIRECTION('',(0.,0.,-1.));
#5205=DIRECTION('',(0.,-1.,0.));
#5206=DIRECTION('center_axis',(0.,1.,0.));
#5207=DIRECTION('ref_axis',(-1.,0.,0.));
#5208=DIRECTION('center_axis',(0.,1.,0.));
#5209=DIRECTION('ref_axis',(-1.,0.,0.));
#5210=DIRECTION('center_axis',(0.,-1.,0.));
#5211=DIRECTION('ref_axis',(-1.,0.,0.));
#5212=DIRECTION('center_axis',(0.853281833651959,0.,-0.521450009453975));
#5213=DIRECTION('ref_axis',(-0.521450009453975,0.,-0.853281833651959));
#5214=DIRECTION('',(-0.521450009453975,0.,-0.853281833651959));
#5215=DIRECTION('',(0.,1.,0.));
#5216=DIRECTION('',(-0.521450009453975,0.,-0.853281833651959));
#5217=DIRECTION('',(0.521450009453975,0.,0.853281833651959));
#5218=DIRECTION('',(-0.521450009453975,0.,-0.853281833651959));
#5219=DIRECTION('',(0.,1.,0.));
#5220=DIRECTION('center_axis',(0.,1.,0.));
#5221=DIRECTION('ref_axis',(0.85328183365196,0.,-0.521450009453974));
#5222=DIRECTION('center_axis',(0.,1.,0.));
#5223=DIRECTION('ref_axis',(0.85328183365196,0.,-0.521450009453974));
#5224=DIRECTION('center_axis',(0.,1.,0.));
#5225=DIRECTION('ref_axis',(0.85328183365196,0.,-0.521450009453974));
#5226=DIRECTION('center_axis',(0.,-1.,0.));
#5227=DIRECTION('ref_axis',(0.85328183365196,0.,-0.521450009453974));
#5228=DIRECTION('',(0.,1.,0.));
#5229=DIRECTION('center_axis',(0.,1.,0.));
#5230=DIRECTION('ref_axis',(1.,0.,0.));
#5231=DIRECTION('center_axis',(-0.853281833651959,0.,0.521450009453976));
#5232=DIRECTION('ref_axis',(0.521450009453976,0.,0.853281833651959));
#5233=DIRECTION('',(0.521450009453976,0.,0.853281833651959));
#5234=DIRECTION('',(-0.521450009453976,0.,-0.853281833651959));
#5235=DIRECTION('',(0.,-1.,0.));
#5236=DIRECTION('center_axis',(0.,1.,0.));
#5237=DIRECTION('ref_axis',(-0.85328183365195,0.,0.521450009453989));
#5238=DIRECTION('center_axis',(0.,1.,0.));
#5239=DIRECTION('ref_axis',(-0.85328183365195,0.,0.521450009453989));
#5240=DIRECTION('center_axis',(0.,-1.,0.));
#5241=DIRECTION('ref_axis',(-0.85328183365195,0.,0.521450009453989));
#5242=DIRECTION('center_axis',(0.,1.,0.));
#5243=DIRECTION('ref_axis',(-0.85328183365195,0.,0.521450009453989));
#5244=DIRECTION('center_axis',(0.,1.,0.));
#5245=DIRECTION('ref_axis',(1.,0.,0.));
#5246=DIRECTION('center_axis',(-0.242535625036333,0.,0.970142500145332));
#5247=DIRECTION('ref_axis',(0.970142500145332,0.,0.242535625036333));
#5248=DIRECTION('',(0.970142500145332,0.,0.242535625036333));
#5249=DIRECTION('',(0.,1.,0.));
#5250=DIRECTION('',(-0.970142500145332,0.,-0.242535625036333));
#5251=DIRECTION('',(0.,1.,0.));
#5252=DIRECTION('center_axis',(0.,1.,0.));
#5253=DIRECTION('ref_axis',(-0.242535625036332,0.,0.970142500145332));
#5254=DIRECTION('center_axis',(0.,1.,0.));
#5255=DIRECTION('ref_axis',(-0.242535625036332,0.,0.970142500145332));
#5256=DIRECTION('center_axis',(0.,-1.,0.));
#5257=DIRECTION('ref_axis',(-0.242535625036332,0.,0.970142500145332));
#5258=DIRECTION('',(0.,1.,0.));
#5259=DIRECTION('center_axis',(0.242535625036333,0.,-0.970142500145332));
#5260=DIRECTION('ref_axis',(-0.970142500145332,0.,-0.242535625036333));
#5261=DIRECTION('',(-0.970142500145332,0.,-0.242535625036333));
#5262=DIRECTION('',(0.970142500145332,0.,0.242535625036333));
#5263=DIRECTION('',(0.,-1.,0.));
#5264=DIRECTION('center_axis',(0.,1.,0.));
#5265=DIRECTION('ref_axis',(0.242535625036332,0.,-0.970142500145332));
#5266=DIRECTION('center_axis',(0.,1.,0.));
#5267=DIRECTION('ref_axis',(0.242535625036332,0.,-0.970142500145332));
#5268=DIRECTION('center_axis',(0.,-1.,0.));
#5269=DIRECTION('ref_axis',(0.242535625036332,0.,-0.970142500145332));
#5270=DIRECTION('center_axis',(-0.937280715583966,0.,0.348575472737839));
#5271=DIRECTION('ref_axis',(0.348575472737839,0.,0.937280715583966));
#5272=DIRECTION('',(0.348575472737839,0.,0.937280715583966));
#5273=DIRECTION('',(0.,1.,0.));
#5274=DIRECTION('',(-0.348575472737839,0.,-0.937280715583966));
#5275=DIRECTION('',(0.,1.,0.));
#5276=DIRECTION('center_axis',(0.,1.,0.));
#5277=DIRECTION('ref_axis',(-0.937280715583967,0.,0.348575472737837));
#5278=DIRECTION('center_axis',(0.,1.,0.));
#5279=DIRECTION('ref_axis',(-0.937280715583967,0.,0.348575472737837));
#5280=DIRECTION('center_axis',(0.,-1.,0.));
#5281=DIRECTION('ref_axis',(-0.937280715583967,0.,0.348575472737837));
#5282=DIRECTION('',(0.,1.,0.));
#5283=DIRECTION('center_axis',(0.937280715583966,0.,-0.348575472737839));
#5284=DIRECTION('ref_axis',(-0.348575472737839,0.,-0.937280715583966));
#5285=DIRECTION('',(-0.348575472737839,0.,-0.937280715583966));
#5286=DIRECTION('',(0.348575472737839,0.,0.937280715583966));
#5287=DIRECTION('',(0.,-1.,0.));
#5288=DIRECTION('center_axis',(0.,1.,0.));
#5289=DIRECTION('ref_axis',(0.937280715583967,0.,-0.348575472737837));
#5290=DIRECTION('center_axis',(0.,1.,0.));
#5291=DIRECTION('ref_axis',(0.937280715583967,0.,-0.348575472737837));
#5292=DIRECTION('center_axis',(0.,-1.,0.));
#5293=DIRECTION('ref_axis',(0.937280715583967,0.,-0.348575472737837));
#5294=DIRECTION('center_axis',(0.,0.,1.));
#5295=DIRECTION('ref_axis',(1.,0.,0.));
#5296=DIRECTION('',(1.,0.,0.));
#5297=DIRECTION('',(0.,1.,0.));
#5298=DIRECTION('',(-1.,0.,0.));
#5299=DIRECTION('',(0.,1.,0.));
#5300=DIRECTION('center_axis',(0.,1.,0.));
#5301=DIRECTION('ref_axis',(3.30591220445092E-15,0.,1.));
#5302=DIRECTION('center_axis',(0.,1.,0.));
#5303=DIRECTION('ref_axis',(3.30591220445092E-15,0.,1.));
#5304=DIRECTION('center_axis',(0.,-1.,0.));
#5305=DIRECTION('ref_axis',(3.30591220445092E-15,0.,1.));
#5306=DIRECTION('',(0.,1.,0.));
#5307=DIRECTION('center_axis',(0.,0.,-1.));
#5308=DIRECTION('ref_axis',(-1.,0.,0.));
#5309=DIRECTION('',(-1.,0.,0.));
#5310=DIRECTION('',(1.,0.,0.));
#5311=DIRECTION('',(0.,-1.,0.));
#5312=DIRECTION('center_axis',(0.,1.,0.));
#5313=DIRECTION('ref_axis',(-3.30591220445092E-15,0.,-1.));
#5314=DIRECTION('center_axis',(0.,1.,0.));
#5315=DIRECTION('ref_axis',(-3.30591220445092E-15,0.,-1.));
#5316=DIRECTION('center_axis',(0.,-1.,0.));
#5317=DIRECTION('ref_axis',(-3.30591220445092E-15,0.,-1.));
#5318=DIRECTION('center_axis',(1.,0.,0.));
#5319=DIRECTION('ref_axis',(0.,0.,-1.));
#5320=DIRECTION('',(0.,0.,-1.));
#5321=DIRECTION('',(0.,1.,0.));
#5322=DIRECTION('',(0.,0.,1.));
#5323=DIRECTION('',(0.,0.,-1.));
#5324=DIRECTION('',(0.,1.,0.));
#5325=DIRECTION('center_axis',(0.,1.,0.));
#5326=DIRECTION('ref_axis',(1.,0.,0.));
#5327=DIRECTION('center_axis',(0.,1.,0.));
#5328=DIRECTION('ref_axis',(1.,0.,0.));
#5329=DIRECTION('center_axis',(0.,1.,0.));
#5330=DIRECTION('ref_axis',(1.,0.,0.));
#5331=DIRECTION('',(0.,1.,0.));
#5332=DIRECTION('center_axis',(0.,1.,0.));
#5333=DIRECTION('ref_axis',(1.,0.,0.));
#5334=DIRECTION('',(0.,0.,1.));
#5335=DIRECTION('center_axis',(-1.,0.,0.));
#5336=DIRECTION('ref_axis',(0.,0.,1.));
#5337=DIRECTION('',(0.,0.,1.));
#5338=DIRECTION('',(0.,0.,-1.));
#5339=DIRECTION('',(0.,-1.,0.));
#5340=DIRECTION('center_axis',(0.,1.,0.));
#5341=DIRECTION('ref_axis',(-1.,0.,0.));
#5342=DIRECTION('center_axis',(0.,1.,0.));
#5343=DIRECTION('ref_axis',(-1.,0.,0.));
#5344=DIRECTION('center_axis',(0.,-1.,0.));
#5345=DIRECTION('ref_axis',(-1.,0.,0.));
#5346=DIRECTION('center_axis',(1.,0.,-3.58291307663369E-16));
#5347=DIRECTION('ref_axis',(-3.58291307663369E-16,0.,-1.));
#5348=DIRECTION('',(-3.58291307663369E-16,0.,-1.));
#5349=DIRECTION('',(0.,1.,0.));
#5350=DIRECTION('',(3.58291307663369E-16,0.,1.));
#5351=DIRECTION('',(0.,1.,0.));
#5352=DIRECTION('center_axis',(0.,1.,0.));
#5353=DIRECTION('ref_axis',(1.,0.,5.42952343659796E-15));
#5354=DIRECTION('center_axis',(0.,1.,0.));
#5355=DIRECTION('ref_axis',(1.,0.,5.42952343659796E-15));
#5356=DIRECTION('center_axis',(0.,-1.,0.));
#5357=DIRECTION('ref_axis',(1.,0.,5.42952343659796E-15));
#5358=DIRECTION('',(0.,1.,0.));
#5359=DIRECTION('center_axis',(-1.,0.,1.79145653831684E-16));
#5360=DIRECTION('ref_axis',(1.79145653831684E-16,0.,1.));
#5361=DIRECTION('',(1.79145653831684E-16,0.,1.));
#5362=DIRECTION('',(-1.79145653831684E-16,0.,-1.));
#5363=DIRECTION('',(0.,-1.,0.));
#5364=DIRECTION('center_axis',(0.,1.,0.));
#5365=DIRECTION('ref_axis',(-1.,0.,-6.91030255567003E-15));
#5366=DIRECTION('center_axis',(0.,1.,0.));
#5367=DIRECTION('ref_axis',(-1.,0.,-6.91030255567003E-15));
#5368=DIRECTION('center_axis',(0.,-1.,0.));
#5369=DIRECTION('ref_axis',(-1.,0.,-6.91030255567003E-15));
#5370=DIRECTION('center_axis',(0.,1.,0.));
#5371=DIRECTION('ref_axis',(1.,0.,0.));
#5372=DIRECTION('',(0.,0.,-1.));
#5373=DIRECTION('center_axis',(0.,1.,0.));
#5374=DIRECTION('ref_axis',(-1.,0.,0.));
#5375=DIRECTION('center_axis',(1.,0.,0.));
#5376=DIRECTION('ref_axis',(0.,0.,-1.));
#5377=DIRECTION('',(0.,0.,-1.));
#5378=DIRECTION('',(0.,1.,0.));
#5379=DIRECTION('',(0.,0.,1.));
#5380=DIRECTION('',(0.,1.,0.));
#5381=DIRECTION('center_axis',(0.,1.,0.));
#5382=DIRECTION('ref_axis',(1.,0.,0.));
#5383=DIRECTION('center_axis',(0.,1.,0.));
#5384=DIRECTION('ref_axis',(1.,0.,0.));
#5385=DIRECTION('center_axis',(0.,-1.,0.));
#5386=DIRECTION('ref_axis',(1.,0.,0.));
#5387=DIRECTION('',(0.,1.,0.));
#5388=DIRECTION('center_axis',(-1.,0.,0.));
#5389=DIRECTION('ref_axis',(0.,0.,1.));
#5390=DIRECTION('',(0.,0.,1.));
#5391=DIRECTION('',(0.,0.,-1.));
#5392=DIRECTION('',(0.,-1.,0.));
#5393=DIRECTION('center_axis',(0.,1.,0.));
#5394=DIRECTION('ref_axis',(-1.,0.,0.));
#5395=DIRECTION('center_axis',(0.,1.,0.));
#5396=DIRECTION('ref_axis',(-1.,0.,0.));
#5397=DIRECTION('center_axis',(0.,-1.,0.));
#5398=DIRECTION('ref_axis',(-1.,0.,0.));
#5399=DIRECTION('center_axis',(1.,0.,0.));
#5400=DIRECTION('ref_axis',(0.,0.,-1.));
#5401=DIRECTION('',(0.,0.,-1.));
#5402=DIRECTION('',(0.,1.,0.));
#5403=DIRECTION('',(0.,0.,1.));
#5404=DIRECTION('',(0.,1.,0.));
#5405=DIRECTION('center_axis',(0.,1.,0.));
#5406=DIRECTION('ref_axis',(1.,0.,0.));
#5407=DIRECTION('center_axis',(0.,1.,0.));
#5408=DIRECTION('ref_axis',(1.,0.,0.));
#5409=DIRECTION('center_axis',(0.,-1.,0.));
#5410=DIRECTION('ref_axis',(1.,0.,0.));
#5411=DIRECTION('',(0.,1.,0.));
#5412=DIRECTION('center_axis',(-1.,0.,0.));
#5413=DIRECTION('ref_axis',(0.,0.,1.));
#5414=DIRECTION('',(0.,0.,1.));
#5415=DIRECTION('',(0.,0.,-1.));
#5416=DIRECTION('',(0.,-1.,0.));
#5417=DIRECTION('center_axis',(0.,1.,0.));
#5418=DIRECTION('ref_axis',(-1.,0.,0.));
#5419=DIRECTION('center_axis',(0.,1.,0.));
#5420=DIRECTION('ref_axis',(-1.,0.,0.));
#5421=DIRECTION('center_axis',(0.,-1.,0.));
#5422=DIRECTION('ref_axis',(-1.,0.,0.));
#5423=DIRECTION('center_axis',(1.,0.,0.));
#5424=DIRECTION('ref_axis',(0.,0.,-1.));
#5425=DIRECTION('',(0.,0.,-1.));
#5426=DIRECTION('',(0.,1.,0.));
#5427=DIRECTION('',(0.,0.,1.));
#5428=DIRECTION('',(0.,1.,0.));
#5429=DIRECTION('center_axis',(0.,1.,0.));
#5430=DIRECTION('ref_axis',(1.,0.,0.));
#5431=DIRECTION('center_axis',(0.,1.,0.));
#5432=DIRECTION('ref_axis',(1.,0.,0.));
#5433=DIRECTION('center_axis',(0.,-1.,0.));
#5434=DIRECTION('ref_axis',(1.,0.,0.));
#5435=DIRECTION('center_axis',(0.,1.,0.));
#5436=DIRECTION('ref_axis',(1.,0.,0.));
#5437=DIRECTION('center_axis',(0.,-1.,0.));
#5438=DIRECTION('ref_axis',(1.,0.,0.));
#5439=DIRECTION('',(0.,1.,0.));
#5440=DIRECTION('center_axis',(0.,1.,0.));
#5441=DIRECTION('ref_axis',(1.,0.,0.));
#5442=DIRECTION('center_axis',(-1.,0.,0.));
#5443=DIRECTION('ref_axis',(0.,0.,1.));
#5444=DIRECTION('',(0.,0.,1.));
#5445=DIRECTION('',(0.,0.,-1.));
#5446=DIRECTION('',(0.,-1.,0.));
#5447=DIRECTION('center_axis',(0.,1.,0.));
#5448=DIRECTION('ref_axis',(-1.,0.,0.));
#5449=DIRECTION('center_axis',(0.,1.,0.));
#5450=DIRECTION('ref_axis',(-1.,0.,0.));
#5451=DIRECTION('center_axis',(0.,-1.,0.));
#5452=DIRECTION('ref_axis',(-1.,0.,0.));
#5453=DIRECTION('center_axis',(1.,0.,0.));
#5454=DIRECTION('ref_axis',(0.,0.,-1.));
#5455=DIRECTION('',(0.,0.,-1.));
#5456=DIRECTION('',(0.,1.,0.));
#5457=DIRECTION('',(0.,0.,1.));
#5458=DIRECTION('',(0.,1.,0.));
#5459=DIRECTION('center_axis',(0.,1.,0.));
#5460=DIRECTION('ref_axis',(1.,0.,0.));
#5461=DIRECTION('center_axis',(0.,1.,0.));
#5462=DIRECTION('ref_axis',(1.,0.,0.));
#5463=DIRECTION('center_axis',(0.,-1.,0.));
#5464=DIRECTION('ref_axis',(1.,0.,0.));
#5465=DIRECTION('center_axis',(0.,1.,0.));
#5466=DIRECTION('ref_axis',(1.,0.,0.));
#5467=DIRECTION('',(0.,1.,0.));
#5468=DIRECTION('center_axis',(0.,1.,0.));
#5469=DIRECTION('ref_axis',(1.,0.,0.));
#5470=DIRECTION('',(0.,0.,1.));
#5471=DIRECTION('center_axis',(-1.,0.,0.));
#5472=DIRECTION('ref_axis',(0.,0.,1.));
#5473=DIRECTION('',(0.,0.,1.));
#5474=DIRECTION('',(0.,0.,-1.));
#5475=DIRECTION('',(0.,-1.,0.));
#5476=DIRECTION('center_axis',(0.,1.,0.));
#5477=DIRECTION('ref_axis',(-1.,0.,0.));
#5478=DIRECTION('center_axis',(0.,1.,0.));
#5479=DIRECTION('ref_axis',(-1.,0.,0.));
#5480=DIRECTION('center_axis',(0.,-1.,0.));
#5481=DIRECTION('ref_axis',(-1.,0.,0.));
#5482=DIRECTION('center_axis',(1.,0.,0.));
#5483=DIRECTION('ref_axis',(0.,0.,-1.));
#5484=DIRECTION('',(0.,0.,-1.));
#5485=DIRECTION('',(0.,1.,0.));
#5486=DIRECTION('',(0.,0.,1.));
#5487=DIRECTION('',(0.,1.,0.));
#5488=DIRECTION('center_axis',(0.,1.,0.));
#5489=DIRECTION('ref_axis',(1.,0.,0.));
#5490=DIRECTION('center_axis',(0.,1.,0.));
#5491=DIRECTION('ref_axis',(1.,0.,0.));
#5492=DIRECTION('center_axis',(0.,-1.,0.));
#5493=DIRECTION('ref_axis',(1.,0.,0.));
#5494=DIRECTION('center_axis',(0.,1.,0.));
#5495=DIRECTION('ref_axis',(1.,0.,0.));
#5496=DIRECTION('',(0.,1.,0.));
#5497=DIRECTION('center_axis',(0.,1.,0.));
#5498=DIRECTION('ref_axis',(1.,0.,0.));
#5499=DIRECTION('center_axis',(0.,1.,0.));
#5500=DIRECTION('ref_axis',(-1.,0.,0.));
#5501=DIRECTION('',(0.,0.,1.));
#5502=DIRECTION('center_axis',(-1.,0.,0.));
#5503=DIRECTION('ref_axis',(0.,0.,1.));
#5504=DIRECTION('',(0.,0.,1.));
#5505=DIRECTION('',(0.,-1.,0.));
#5506=DIRECTION('center_axis',(0.,1.,0.));
#5507=DIRECTION('ref_axis',(-1.,0.,0.));
#5508=DIRECTION('center_axis',(0.,1.,0.));
#5509=DIRECTION('ref_axis',(-1.,0.,0.));
#5510=DIRECTION('center_axis',(0.,-1.,0.));
#5511=DIRECTION('ref_axis',(-1.,0.,0.));
#5512=DIRECTION('center_axis',(1.,0.,0.));
#5513=DIRECTION('ref_axis',(0.,0.,-1.));
#5514=DIRECTION('',(0.,0.,-1.));
#5515=DIRECTION('',(0.,1.,0.));
#5516=DIRECTION('',(0.,0.,1.));
#5517=DIRECTION('',(0.,1.,0.));
#5518=DIRECTION('center_axis',(0.,1.,0.));
#5519=DIRECTION('ref_axis',(1.,0.,0.));
#5520=DIRECTION('center_axis',(0.,1.,0.));
#5521=DIRECTION('ref_axis',(1.,0.,0.));
#5522=DIRECTION('center_axis',(0.,-1.,0.));
#5523=DIRECTION('ref_axis',(1.,0.,0.));
#5524=DIRECTION('',(0.,1.,0.));
#5525=DIRECTION('center_axis',(-1.,0.,0.));
#5526=DIRECTION('ref_axis',(0.,0.,1.));
#5527=DIRECTION('',(0.,0.,1.));
#5528=DIRECTION('',(0.,0.,-1.));
#5529=DIRECTION('',(0.,-1.,0.));
#5530=DIRECTION('center_axis',(0.,1.,0.));
#5531=DIRECTION('ref_axis',(-1.,0.,0.));
#5532=DIRECTION('center_axis',(0.,1.,0.));
#5533=DIRECTION('ref_axis',(-1.,0.,0.));
#5534=DIRECTION('center_axis',(0.,-1.,0.));
#5535=DIRECTION('ref_axis',(-1.,0.,0.));
#5536=DIRECTION('center_axis',(1.,0.,0.));
#5537=DIRECTION('ref_axis',(0.,0.,-1.));
#5538=DIRECTION('',(0.,0.,-1.));
#5539=DIRECTION('',(0.,1.,0.));
#5540=DIRECTION('',(0.,0.,1.));
#5541=DIRECTION('',(0.,1.,0.));
#5542=DIRECTION('center_axis',(0.,1.,0.));
#5543=DIRECTION('ref_axis',(1.,0.,0.));
#5544=DIRECTION('center_axis',(0.,1.,0.));
#5545=DIRECTION('ref_axis',(1.,0.,0.));
#5546=DIRECTION('center_axis',(0.,-1.,0.));
#5547=DIRECTION('ref_axis',(1.,0.,0.));
#5548=DIRECTION('',(0.,1.,0.));
#5549=DIRECTION('center_axis',(-1.,0.,0.));
#5550=DIRECTION('ref_axis',(0.,0.,1.));
#5551=DIRECTION('',(0.,0.,1.));
#5552=DIRECTION('',(0.,0.,-1.));
#5553=DIRECTION('',(0.,-1.,0.));
#5554=DIRECTION('center_axis',(0.,1.,0.));
#5555=DIRECTION('ref_axis',(-1.,0.,0.));
#5556=DIRECTION('center_axis',(0.,1.,0.));
#5557=DIRECTION('ref_axis',(-1.,0.,0.));
#5558=DIRECTION('center_axis',(0.,-1.,0.));
#5559=DIRECTION('ref_axis',(-1.,0.,0.));
#5560=DIRECTION('center_axis',(1.,0.,0.));
#5561=DIRECTION('ref_axis',(0.,0.,-1.));
#5562=DIRECTION('',(0.,0.,-1.));
#5563=DIRECTION('',(0.,1.,0.));
#5564=DIRECTION('',(0.,0.,1.));
#5565=DIRECTION('',(0.,1.,0.));
#5566=DIRECTION('center_axis',(0.,1.,0.));
#5567=DIRECTION('ref_axis',(1.,0.,-4.8734641152224E-16));
#5568=DIRECTION('center_axis',(0.,1.,0.));
#5569=DIRECTION('ref_axis',(1.,0.,-4.8734641152224E-16));
#5570=DIRECTION('center_axis',(0.,-1.,0.));
#5571=DIRECTION('ref_axis',(1.,0.,-4.8734641152224E-16));
#5572=DIRECTION('',(0.,1.,0.));
#5573=DIRECTION('center_axis',(-1.,0.,-1.51363068770124E-17));
#5574=DIRECTION('ref_axis',(-1.51363068770124E-17,0.,1.));
#5575=DIRECTION('',(-1.51363068770124E-17,0.,1.));
#5576=DIRECTION('',(1.51363068770124E-17,0.,-1.));
#5577=DIRECTION('',(0.,-1.,0.));
#5578=DIRECTION('center_axis',(0.,1.,0.));
#5579=DIRECTION('ref_axis',(-1.,0.,0.));
#5580=DIRECTION('center_axis',(0.,1.,0.));
#5581=DIRECTION('ref_axis',(-1.,0.,0.));
#5582=DIRECTION('center_axis',(0.,-1.,0.));
#5583=DIRECTION('ref_axis',(-1.,0.,0.));
#5584=DIRECTION('center_axis',(1.,0.,-2.1195819874925E-16));
#5585=DIRECTION('ref_axis',(-2.1195819874925E-16,0.,-1.));
#5586=DIRECTION('',(-2.1195819874925E-16,0.,-1.));
#5587=DIRECTION('',(0.,1.,0.));
#5588=DIRECTION('',(2.1195819874925E-16,0.,1.));
#5589=DIRECTION('',(0.,1.,0.));
#5590=DIRECTION('center_axis',(0.,1.,0.));
#5591=DIRECTION('ref_axis',(1.,0.,0.));
#5592=DIRECTION('center_axis',(0.,1.,0.));
#5593=DIRECTION('ref_axis',(1.,0.,0.));
#5594=DIRECTION('center_axis',(0.,-1.,0.));
#5595=DIRECTION('ref_axis',(1.,0.,0.));
#5596=DIRECTION('',(0.,1.,0.));
#5597=DIRECTION('center_axis',(-1.,0.,0.));
#5598=DIRECTION('ref_axis',(0.,0.,1.));
#5599=DIRECTION('',(0.,0.,1.));
#5600=DIRECTION('',(0.,0.,-1.));
#5601=DIRECTION('',(0.,-1.,0.));
#5602=DIRECTION('center_axis',(0.,1.,0.));
#5603=DIRECTION('ref_axis',(-1.,0.,0.));
#5604=DIRECTION('center_axis',(0.,1.,0.));
#5605=DIRECTION('ref_axis',(-1.,0.,0.));
#5606=DIRECTION('center_axis',(0.,-1.,0.));
#5607=DIRECTION('ref_axis',(-1.,0.,0.));
#5608=DIRECTION('center_axis',(0.,0.,1.));
#5609=DIRECTION('ref_axis',(1.,0.,0.));
#5610=DIRECTION('',(1.,0.,0.));
#5611=DIRECTION('',(0.,1.,0.));
#5612=DIRECTION('',(-1.,0.,0.));
#5613=DIRECTION('',(0.,1.,0.));
#5614=DIRECTION('center_axis',(0.,1.,0.));
#5615=DIRECTION('ref_axis',(0.,0.,1.));
#5616=DIRECTION('center_axis',(0.,1.,0.));
#5617=DIRECTION('ref_axis',(0.,0.,1.));
#5618=DIRECTION('center_axis',(0.,-1.,0.));
#5619=DIRECTION('ref_axis',(0.,0.,1.));
#5620=DIRECTION('',(0.,1.,0.));
#5621=DIRECTION('center_axis',(0.,0.,-1.));
#5622=DIRECTION('ref_axis',(-1.,0.,0.));
#5623=DIRECTION('',(-1.,0.,0.));
#5624=DIRECTION('',(1.,0.,0.));
#5625=DIRECTION('',(0.,-1.,0.));
#5626=DIRECTION('center_axis',(0.,1.,0.));
#5627=DIRECTION('ref_axis',(0.,0.,-1.));
#5628=DIRECTION('center_axis',(0.,1.,0.));
#5629=DIRECTION('ref_axis',(0.,0.,-1.));
#5630=DIRECTION('center_axis',(0.,-1.,0.));
#5631=DIRECTION('ref_axis',(0.,0.,-1.));
#5632=DIRECTION('center_axis',(-0.707106781186548,0.,0.707106781186548));
#5633=DIRECTION('ref_axis',(0.707106781186548,0.,0.707106781186548));
#5634=DIRECTION('',(0.707106781186548,0.,0.707106781186548));
#5635=DIRECTION('',(0.,1.,0.));
#5636=DIRECTION('',(-0.707106781186548,0.,-0.707106781186548));
#5637=DIRECTION('',(0.,1.,0.));
#5638=DIRECTION('center_axis',(0.,1.,0.));
#5639=DIRECTION('ref_axis',(-0.707106781186548,0.,0.707106781186548));
#5640=DIRECTION('center_axis',(0.,1.,0.));
#5641=DIRECTION('ref_axis',(-0.707106781186548,0.,0.707106781186548));
#5642=DIRECTION('center_axis',(0.,-1.,0.));
#5643=DIRECTION('ref_axis',(-0.707106781186548,0.,0.707106781186548));
#5644=DIRECTION('',(0.,1.,0.));
#5645=DIRECTION('center_axis',(0.707106781186548,0.,-0.707106781186548));
#5646=DIRECTION('ref_axis',(-0.707106781186548,0.,-0.707106781186548));
#5647=DIRECTION('',(-0.707106781186548,0.,-0.707106781186548));
#5648=DIRECTION('',(0.707106781186548,0.,0.707106781186548));
#5649=DIRECTION('',(0.,-1.,0.));
#5650=DIRECTION('center_axis',(0.,1.,0.));
#5651=DIRECTION('ref_axis',(0.707106781186548,0.,-0.707106781186548));
#5652=DIRECTION('center_axis',(0.,1.,0.));
#5653=DIRECTION('ref_axis',(0.707106781186548,0.,-0.707106781186548));
#5654=DIRECTION('center_axis',(0.,-1.,0.));
#5655=DIRECTION('ref_axis',(0.707106781186548,0.,-0.707106781186548));
#5656=DIRECTION('center_axis',(0.,1.,0.));
#5657=DIRECTION('ref_axis',(0.,0.,1.));
#5658=DIRECTION('center_axis',(0.,1.,0.));
#5659=DIRECTION('ref_axis',(0.,0.,1.));
#5660=DIRECTION('center_axis',(0.,1.,0.));
#5661=DIRECTION('ref_axis',(0.,0.,1.));
#5662=DIRECTION('center_axis',(-0.173648177666927,0.,0.984807753012209));
#5663=DIRECTION('ref_axis',(-0.984807753012209,0.,-0.173648177666927));
#5664=DIRECTION('',(0.,1.,0.));
#5665=DIRECTION('',(0.,1.,0.));
#5666=DIRECTION('center_axis',(-0.984807753012208,0.,-0.173648177666931));
#5667=DIRECTION('ref_axis',(0.173648177666931,0.,-0.984807753012208));
#5668=DIRECTION('',(0.,-1.,0.));
#5669=DIRECTION('center_axis',(0.984807753012208,0.,0.17364817766693));
#5670=DIRECTION('ref_axis',(-0.17364817766693,0.,0.984807753012208));
#5671=DIRECTION('',(0.,1.,0.));
#5672=DIRECTION('center_axis',(-0.939692620785907,0.,0.342020143325672));
#5673=DIRECTION('ref_axis',(-0.342020143325672,0.,-0.939692620785907));
#5674=DIRECTION('center_axis',(0.76604444311898,0.,0.642787609686537));
#5675=DIRECTION('ref_axis',(-0.642787609686537,0.,0.76604444311898));
#5676=DIRECTION('center_axis',(0.173648177666927,0.,-0.984807753012209));
#5677=DIRECTION('ref_axis',(0.984807753012209,0.,0.173648177666927));
#5678=DIRECTION('center_axis',(-0.766044443118981,0.,-0.642787609686536));
#5679=DIRECTION('ref_axis',(0.642787609686536,0.,-0.766044443118981));
#5680=DIRECTION('center_axis',(0.939692620785907,0.,-0.342020143325672));
#5681=DIRECTION('ref_axis',(0.342020143325672,0.,0.939692620785907));
#5682=DIRECTION('center_axis',(0.,-1.,0.));
#5683=DIRECTION('ref_axis',(1.,0.,0.));
#5684=DIRECTION('center_axis',(0.,-1.,0.));
#5685=DIRECTION('ref_axis',(1.,0.,0.));
#5686=DIRECTION('center_axis',(0.,-1.,0.));
#5687=DIRECTION('ref_axis',(-0.977324427845894,0.,-0.21174740313802));
#5688=DIRECTION('center_axis',(0.,-1.,0.));
#5689=DIRECTION('ref_axis',(1.,0.,0.));
#5690=DIRECTION('center_axis',(0.,-1.,0.));
#5691=DIRECTION('ref_axis',(1.,0.,0.));
#5692=DIRECTION('center_axis',(0.5,-2.47611472236673E-17,-0.866025403784439));
#5693=DIRECTION('ref_axis',(-1.23805736118336E-17,-1.,2.14437825225424E-17));
#5694=DIRECTION('',(0.866025403784439,0.,0.5));
#5695=DIRECTION('',(0.,-1.,0.));
#5696=DIRECTION('',(-0.866025403784439,0.,-0.5));
#5697=DIRECTION('center_axis',(-0.866025403784439,0.,-0.5));
#5698=DIRECTION('ref_axis',(0.5,-2.186098367197E-15,-0.866025403784439));
#5699=DIRECTION('',(0.866025403784439,0.,0.5));
#5700=DIRECTION('center_axis',(-0.5,-1.48566883342004E-16,0.866025403784439));
#5701=DIRECTION('ref_axis',(-7.42834416710019E-17,1.,1.28662695135254E-16));
#5702=DIRECTION('',(0.,1.,0.));
#5703=DIRECTION('',(0.866025403784439,0.,0.5));
#5704=DIRECTION('center_axis',(-0.866025403784439,0.,-0.5));
#5705=DIRECTION('ref_axis',(-0.5,0.,0.866025403784439));
#5706=DIRECTION('center_axis',(0.965925826289068,-2.47611472236673E-17,
0.258819045102521));
#5707=DIRECTION('ref_axis',(-2.39174315918861E-17,-1.,-6.4086564800725E-18));
#5708=DIRECTION('',(-0.258819045102521,0.,0.965925826289068));
#5709=DIRECTION('',(0.,-1.,0.));
#5710=DIRECTION('',(0.258819045102521,0.,-0.965925826289068));
#5711=DIRECTION('center_axis',(0.258819045102521,0.,-0.965925826289068));
#5712=DIRECTION('ref_axis',(0.965925826289068,-2.186098367197E-15,0.258819045102521));
#5713=DIRECTION('',(-0.258819045102521,0.,0.965925826289068));
#5714=DIRECTION('center_axis',(-0.965925826289068,-1.48566883342004E-16,
-0.258819045102521));
#5715=DIRECTION('ref_axis',(-1.43504589551317E-16,1.,-3.8451938880435E-17));
#5716=DIRECTION('',(0.,1.,0.));
#5717=DIRECTION('',(-0.258819045102521,0.,0.965925826289068));
#5718=DIRECTION('center_axis',(0.258819045102521,0.,-0.965925826289068));
#5719=DIRECTION('ref_axis',(-0.965925826289068,0.,-0.258819045102521));
#5720=DIRECTION('center_axis',(0.573576436351046,-1.48566883342004E-16,
0.819152044288992));
#5721=DIRECTION('ref_axis',(-8.52144635070881E-17,-1.,-1.21698866203247E-16));
#5722=DIRECTION('',(-0.819152044288991,0.,0.573576436351046));
#5723=DIRECTION('',(0.,-1.,0.));
#5724=DIRECTION('',(0.819152044288992,0.,-0.573576436351046));
#5725=DIRECTION('center_axis',(0.819152044288992,0.,-0.573576436351046));
#5726=DIRECTION('ref_axis',(-0.573576436351046,-2.186098367197E-15,-0.819152044288992));
#5727=DIRECTION('',(-0.819152044288991,0.,0.573576436351046));
#5728=DIRECTION('center_axis',(-0.573576436351046,-2.47611472236673E-17,
-0.819152044288992));
#5729=DIRECTION('ref_axis',(-1.42024105845147E-17,1.,-2.02831443672078E-17));
#5730=DIRECTION('',(0.,1.,0.));
#5731=DIRECTION('',(-0.819152044288991,0.,0.573576436351046));
#5732=DIRECTION('center_axis',(0.819152044288992,0.,-0.573576436351046));
#5733=DIRECTION('ref_axis',(0.573576436351046,0.,0.819152044288992));
#5734=DIRECTION('center_axis',(-0.642787609686539,-1.48566883342004E-16,
0.766044443118979));
#5735=DIRECTION('ref_axis',(9.54969518219855E-17,-1.,-1.13808835415648E-16));
#5736=DIRECTION('',(0.,-1.,0.));
#5737=DIRECTION('',(0.766044443118979,0.,0.642787609686539));
#5738=DIRECTION('',(-0.766044443118979,0.,-0.642787609686539));
#5739=DIRECTION('center_axis',(0.766044443118979,0.,0.642787609686539));
#5740=DIRECTION('ref_axis',(-0.642787609686539,0.,0.766044443118979));
#5741=DIRECTION('',(-0.766044443118979,0.,-0.642787609686539));
#5742=DIRECTION('center_axis',(0.642787609686539,-2.47611472236673E-17,
-0.766044443118979));
#5743=DIRECTION('ref_axis',(1.59161586369976E-17,1.,-1.89681392359413E-17));
#5744=DIRECTION('',(0.,1.,0.));
#5745=DIRECTION('',(-0.766044443118979,0.,-0.642787609686539));
#5746=DIRECTION('center_axis',(0.766044443118979,0.,0.642787609686539));
#5747=DIRECTION('ref_axis',(0.642787609686539,-2.186098367197E-15,-0.766044443118978));
#5748=DIRECTION('center_axis',(-0.819152044288992,-1.48566883342004E-16,
0.573576436351046));
#5749=DIRECTION('ref_axis',(1.21698866203247E-16,-1.,-8.52144635070882E-17));
#5750=DIRECTION('',(0.573576436351046,0.,0.819152044288992));
#5751=DIRECTION('',(0.,-1.,0.));
#5752=DIRECTION('',(0.573576436351046,0.,0.819152044288992));
#5753=DIRECTION('center_axis',(0.573576436351046,0.,0.819152044288992));
#5754=DIRECTION('ref_axis',(0.819152044288992,-2.186098367197E-15,-0.573576436351046));
#5755=DIRECTION('',(0.573576436351046,0.,0.819152044288992));
#5756=DIRECTION('center_axis',(0.819152044288992,-2.47611472236673E-17,
-0.573576436351046));
#5757=DIRECTION('ref_axis',(2.02831443672078E-17,1.,-1.42024105845147E-17));
#5758=DIRECTION('',(0.,1.,0.));
#5759=DIRECTION('',(0.573576436351046,0.,0.819152044288992));
#5760=DIRECTION('center_axis',(0.573576436351046,0.,0.819152044288992));
#5761=DIRECTION('ref_axis',(-0.819152044288992,0.,0.573576436351046));
#5762=DIRECTION('center_axis',(-0.707106781186548,-2.47611472236673E-17,
-0.707106781186547));
#5763=DIRECTION('ref_axis',(1.75087751118136E-17,-1.,1.75087751118136E-17));
#5764=DIRECTION('',(-0.707106781186548,0.,0.707106781186548));
#5765=DIRECTION('',(0.,-1.,0.));
#5766=DIRECTION('',(-0.707106781186548,0.,0.707106781186548));
#5767=DIRECTION('center_axis',(-0.707106781186547,0.,0.707106781186548));
#5768=DIRECTION('ref_axis',(-0.707106781186548,-2.186098367197E-15,-0.707106781186547));
#5769=DIRECTION('',(-0.707106781186548,0.,0.707106781186548));
#5770=DIRECTION('center_axis',(0.707106781186548,-1.48566883342004E-16,
0.707106781186547));
#5771=DIRECTION('ref_axis',(1.05052650670882E-16,1.,1.05052650670882E-16));
#5772=DIRECTION('',(0.,1.,0.));
#5773=DIRECTION('',(-0.707106781186548,0.,0.707106781186548));
#5774=DIRECTION('center_axis',(-0.707106781186547,0.,0.707106781186548));
#5775=DIRECTION('ref_axis',(0.707106781186547,0.,0.707106781186547));
#5776=DIRECTION('center_axis',(0.,-2.47611472236673E-17,-1.));
#5777=DIRECTION('ref_axis',(0.,-1.,2.47611472236673E-17));
#5778=DIRECTION('',(-1.,0.,0.));
#5779=DIRECTION('',(0.,1.,0.));
#5780=DIRECTION('',(-1.,0.,0.));
#5781=DIRECTION('center_axis',(0.,-2.47611472236673E-17,-1.));
#5782=DIRECTION('ref_axis',(0.,-1.,2.47611472236673E-17));
#5783=DIRECTION('',(-1.,0.,0.));
#5784=DIRECTION('',(0.,-1.,0.));
#5785=DIRECTION('',(-1.,0.,0.));
#5786=DIRECTION('center_axis',(-1.,0.,0.));
#5787=DIRECTION('ref_axis',(0.,0.,1.));
#5788=DIRECTION('',(-1.,0.,0.));
#5789=DIRECTION('center_axis',(-1.,0.,0.));
#5790=DIRECTION('ref_axis',(0.,-2.186098367197E-15,-1.));
#5791=DIRECTION('',(-1.,0.,0.));
#5792=DIRECTION('center_axis',(-1.,0.,0.));
#5793=DIRECTION('ref_axis',(0.,-2.186098367197E-15,-1.));
#5794=DIRECTION('',(-1.,0.,0.));
#5795=DIRECTION('center_axis',(0.,-1.48566883342004E-16,1.));
#5796=DIRECTION('ref_axis',(0.,1.,1.48566883342004E-16));
#5797=DIRECTION('',(0.,-1.,0.));
#5798=DIRECTION('center_axis',(0.,-1.48566883342004E-16,1.));
#5799=DIRECTION('ref_axis',(0.,1.,1.48566883342004E-16));
#5800=DIRECTION('',(0.,1.,0.));
#5801=DIRECTION('',(-1.,0.,0.));
#5802=DIRECTION('center_axis',(-1.,0.,0.));
#5803=DIRECTION('ref_axis',(0.,0.,1.));
#5804=DIRECTION('center_axis',(0.,-1.,0.));
#5805=DIRECTION('ref_axis',(1.,0.,0.));
#5806=DIRECTION('center_axis',(0.,1.,0.));
#5807=DIRECTION('ref_axis',(0.,0.,1.));
#5808=DIRECTION('center_axis',(0.,1.,0.));
#5809=DIRECTION('ref_axis',(1.,0.,0.));
#5810=DIRECTION('center_axis',(0.,1.,0.));
#5811=DIRECTION('ref_axis',(1.,0.,0.));
#5812=DIRECTION('',(0.,-1.,0.));
#5813=DIRECTION('',(0.,-1.,0.));
#5814=CARTESIAN_POINT('',(0.,0.,0.));
#5815=CARTESIAN_POINT('Origin',(0.930945420512955,47.8,2.62544107364603));
#5816=CARTESIAN_POINT('',(-37.5768468497613,47.8,13.4490234043446));
#5817=CARTESIAN_POINT('',(-37.3883749720495,48.,13.3804252508612));
#5818=CARTESIAN_POINT('Ctrl Pts',(-37.5768468497613,47.8,13.4490234043446));
#5819=CARTESIAN_POINT('Ctrl Pts',(-37.5768468497613,47.8246604159014,13.4490234043446));
#5820=CARTESIAN_POINT('Ctrl Pts',(-37.5714109326775,47.853681999207,13.4470448923302));
#5821=CARTESIAN_POINT('Ctrl Pts',(-37.5536372236961,47.8992703613527,13.4405757913084));
#5822=CARTESIAN_POINT('Ctrl Pts',(-37.538143029521,47.9238949369634,13.4349363658248));
#5823=CARTESIAN_POINT('Ctrl Pts',(-37.5052670014505,47.958820922066,13.4229704701862));
#5824=CARTESIAN_POINT('Ctrl Pts',(-37.4820564702258,47.9752898924825,13.4145225276989));
#5825=CARTESIAN_POINT('Ctrl Pts',(-37.4390592532896,47.9942116234262,13.3988728205778));
#5826=CARTESIAN_POINT('Ctrl Pts',(-37.4116562888685,48.,13.3888989571979));
#5827=CARTESIAN_POINT('Ctrl Pts',(-37.3883749720495,48.,13.3804252508613));
#5828=CARTESIAN_POINT('',(-29.4907003655138,48.,-23.0370503811897));
#5829=CARTESIAN_POINT('Origin',(0.930945420512955,48.,2.62544107364603));
#5830=CARTESIAN_POINT('',(-29.6439097741083,47.8,-23.1656083394342));
#5831=CARTESIAN_POINT('Ctrl Pts',(-29.4907003655138,48.,-23.0370503811897));
#5832=CARTESIAN_POINT('Ctrl Pts',(-29.5096085031689,48.,-23.0529161925223));
#5833=CARTESIAN_POINT('Ctrl Pts',(-29.5318622930199,47.9942215587174,-23.0715893393786));
#5834=CARTESIAN_POINT('Ctrl Pts',(-29.566799955289,47.9753301940807,-23.1009055189028));
#5835=CARTESIAN_POINT('Ctrl Pts',(-29.5856657873486,47.9588746033966,-23.1167358316259));
#5836=CARTESIAN_POINT('Ctrl Pts',(-29.6124058846275,47.923967957191,-23.1391734373902));
#5837=CARTESIAN_POINT('Ctrl Pts',(-29.6250116163917,47.8993404528594,-23.1497509022643));
#5838=CARTESIAN_POINT('Ctrl Pts',(-29.6394832345667,47.8537327751549,-23.1618940317375));
#5839=CARTESIAN_POINT('Ctrl Pts',(-29.6439097741083,47.824682683143,-23.1656083394342));
#5840=CARTESIAN_POINT('Ctrl Pts',(-29.6439097741083,47.8,-23.1656083394342));
#5841=CARTESIAN_POINT('Origin',(0.930945420512955,47.8,2.62544107364603));
#5842=CARTESIAN_POINT('Origin',(-26.9412762785461,48.,-20.8978295701006));
#5843=CARTESIAN_POINT('',(-26.9412762785461,48.,-20.8978295701006));
#5844=CARTESIAN_POINT('',(-12.9717559008473,48.,-9.17601017344999));
#5845=CARTESIAN_POINT('',(-26.9412762785461,44.,-20.8978295701006));
#5846=CARTESIAN_POINT('',(-26.9412762785461,48.,-20.8978295701006));
#5847=CARTESIAN_POINT('',(-28.8778626778056,44.,-22.5228185034622));
#5848=CARTESIAN_POINT('',(-12.9717559008473,44.,-9.17601017344999));
#5849=CARTESIAN_POINT('',(-29.6439097741083,45.,-23.1656083394342));
#5850=CARTESIAN_POINT('Ctrl Pts',(-29.6439097741083,45.,-23.1656083394342));
#5851=CARTESIAN_POINT('Ctrl Pts',(-29.6439097741083,44.8765865859584,-23.1656083394342));
#5852=CARTESIAN_POINT('Ctrl Pts',(-29.6217770770453,44.7313361277789,-23.1470368014917));
#5853=CARTESIAN_POINT('Ctrl Pts',(-29.5494189874224,44.5032977420535,-23.0863211551764));
#5854=CARTESIAN_POINT('Ctrl Pts',(-29.4863903292253,44.3801602220683,-23.0334338313296));
#5855=CARTESIAN_POINT('Ctrl Pts',(-29.3526898404733,44.2056269901879,-22.9212458005296));
#5856=CARTESIAN_POINT('Ctrl Pts',(-29.2583606756258,44.1233490363341,-22.8420942330968));
#5857=CARTESIAN_POINT('Ctrl Pts',(-29.0836723470438,44.0288922073354,-22.6955133210127));
#5858=CARTESIAN_POINT('Ctrl Pts',(-28.9724033804044,44.,-22.6021475721441));
#5859=CARTESIAN_POINT('Ctrl Pts',(-28.8778626778056,44.,-22.5228185034622));
#5860=CARTESIAN_POINT('',(-29.6439097741083,48.,-23.1656083394342));
#5861=CARTESIAN_POINT('Origin',(0.930945420512955,48.,2.62544107364603));
#5862=CARTESIAN_POINT('',(-34.367285394459,48.,12.2808385695665));
#5863=CARTESIAN_POINT('',(-20.0339893689046,48.,7.0639454573386));
#5864=CARTESIAN_POINT('',(-33.376915386598,48.,15.0018578030697));
#5865=CARTESIAN_POINT('',(-33.8543235518951,48.,13.6901896490526));
#5866=CARTESIAN_POINT('',(-36.5042469967893,48.,16.1401134218592));
#5867=CARTESIAN_POINT('',(-16.2407618216759,48.,8.76480797562343));
#5868=CARTESIAN_POINT('',(-8.91462526100017,48.,41.1884380779678));
#5869=CARTESIAN_POINT('Origin',(0.930945420512955,48.,2.62544107364603));
#5870=CARTESIAN_POINT('',(-8.35635047186924,48.,38.0223044160186));
#5871=CARTESIAN_POINT('',(-5.70766442310946,48.,23.0008593818121));
#5872=CARTESIAN_POINT('',(-5.50469368753883,48.,38.5251284468164));
#5873=CARTESIAN_POINT('',(-6.87933571290128,48.,38.2827419689293));
#5874=CARTESIAN_POINT('',(-6.08260121076247,48.,41.8026048766949));
#5875=CARTESIAN_POINT('',(-2.33806050031563,48.,20.5662592227195));
#5876=CARTESIAN_POINT('',(29.4046951315622,48.,30.4334539007526));
#5877=CARTESIAN_POINT('Origin',(0.930945420512955,48.,2.62544107364603));
#5878=CARTESIAN_POINT('',(26.9418803431027,48.,28.3669069200982));
#5879=CARTESIAN_POINT('',(15.2572703663081,48.,18.5623549981195));
#5880=CARTESIAN_POINT('',(28.8031671195721,48.,26.1487117173927));
#5881=CARTESIAN_POINT('',(27.9059332595068,48.,27.2179933935227));
#5882=CARTESIAN_POINT('',(31.3525912065398,48.,28.2879325284818));
#5883=CARTESIAN_POINT('',(14.8336467418732,48.,14.4268923207421));
#5884=CARTESIAN_POINT('',(39.2502658130754,48.,-8.12954310356921));
#5885=CARTESIAN_POINT('Origin',(0.930945420512955,48.,2.62544107364603));
#5886=CARTESIAN_POINT('',(36.2291762354849,48.,-7.02995642227441));
#5887=CARTESIAN_POINT('',(21.8958802099305,48.,-1.81306331004656));
#5888=CARTESIAN_POINT('',(35.2388062276239,48.,-9.75097565577769));
#5889=CARTESIAN_POINT('',(35.716214392921,48.,-8.43930750176056));
#5890=CARTESIAN_POINT('',(38.3661378378152,48.,-10.8892312745671));
#5891=CARTESIAN_POINT('',(18.1026526627018,48.,-3.5139258283314));
#5892=CARTESIAN_POINT('',(10.7765161020261,48.,-35.9375559306757));
#5893=CARTESIAN_POINT('Origin',(0.930945420512955,48.,2.62544107364603));
#5894=CARTESIAN_POINT('',(10.2182413128952,48.,-32.7714222687266));
#5895=CARTESIAN_POINT('',(7.56955526413536,48.,-17.7499772345201));
#5896=CARTESIAN_POINT('',(7.36658452856474,48.,-33.2742462995244));
#5897=CARTESIAN_POINT('',(8.74122655392719,48.,-33.0318598216372));
#5898=CARTESIAN_POINT('',(7.94449205178838,48.,-36.5517227294029));
#5899=CARTESIAN_POINT('',(4.19995134134155,48.,-15.3153770754274));
#5900=CARTESIAN_POINT('',(-27.5428042905363,48.,-25.1825717534605));
#5901=CARTESIAN_POINT('Origin',(0.930945420512955,48.,2.62544107364603));
#5902=CARTESIAN_POINT('',(-25.0799895020768,48.,-23.1160247728061));
#5903=CARTESIAN_POINT('',(-13.3953795252822,48.,-13.3114728508275));
#5904=CARTESIAN_POINT('',(-26.0440424184808,48.,-21.9671112462306));
#5905=CARTESIAN_POINT('',(0.930945420512952,48.,25.625441073646));
#5906=CARTESIAN_POINT('Origin',(0.930945420512955,48.,2.62544107364603));
#5907=CARTESIAN_POINT('Origin',(0.930945420512955,47.8,2.62544107364603));
#5908=CARTESIAN_POINT('',(-8.94945345628678,47.8,41.3859585887068));
#5909=CARTESIAN_POINT('Ctrl Pts',(-8.94945345628678,47.8,41.3859585887068));
#5910=CARTESIAN_POINT('Ctrl Pts',(-8.94945345628678,47.8246604159014,41.3859585887068));
#5911=CARTESIAN_POINT('Ctrl Pts',(-8.94844893941108,47.853681999207,41.3802616904122));
#5912=CARTESIAN_POINT('Ctrl Pts',(-8.94516449074486,47.8992703613527,41.361634656404));
#5913=CARTESIAN_POINT('Ctrl Pts',(-8.94230127938892,47.9238949369634,41.3453965778954));
#5914=CARTESIAN_POINT('Ctrl Pts',(-8.9362260349557,47.958820922066,41.3109421545915));
#5915=CARTESIAN_POINT('Ctrl Pts',(-8.93193690214706,47.9752898924825,41.2866172736719));
#5916=CARTESIAN_POINT('Ctrl Pts',(-8.92399133760759,47.9942116234262,41.2415557379526));
#5917=CARTESIAN_POINT('Ctrl Pts',(-8.91892747445794,48.,41.2128371429349));
#5918=CARTESIAN_POINT('Ctrl Pts',(-8.91462526100017,48.,41.1884380779678));
#5919=CARTESIAN_POINT('',(-36.6921861587849,47.8,16.2085176826785));
#5920=CARTESIAN_POINT('Ctrl Pts',(-36.5042469967893,48.,16.1401134218592));
#5921=CARTESIAN_POINT('Ctrl Pts',(-36.5274412612825,48.,16.1485554437404));
#5922=CARTESIAN_POINT('Ctrl Pts',(-36.5547395757541,47.9942215587174,16.1584912176537));
#5923=CARTESIAN_POINT('Ctrl Pts',(-36.5975969630985,47.9753301940807,16.1740900309655));
#5924=CARTESIAN_POINT('Ctrl Pts',(-36.6207393320964,47.9588746033966,16.1825131644311));
#5925=CARTESIAN_POINT('Ctrl Pts',(-36.6535409173279,47.923967957191,16.1944519650921));
#5926=CARTESIAN_POINT('Ctrl Pts',(-36.6690041364986,47.8993404528594,16.2000801165962));
#5927=CARTESIAN_POINT('Ctrl Pts',(-36.6867562041913,47.8537327751549,16.206541340833));
#5928=CARTESIAN_POINT('Ctrl Pts',(-36.6921861587849,47.824682683143,16.2085176826785));
#5929=CARTESIAN_POINT('Ctrl Pts',(-36.6921861587849,47.8,16.2085176826785));
#5930=CARTESIAN_POINT('Origin',(0.930945420512955,47.8,2.62544107364603));
#5931=CARTESIAN_POINT('Origin',(-33.376915386598,48.,15.0018578030697));
#5932=CARTESIAN_POINT('',(-33.376915386598,44.,15.0018578030697));
#5933=CARTESIAN_POINT('',(-33.376915386598,48.,15.0018578030697));
#5934=CARTESIAN_POINT('',(-35.7524902833874,44.,15.8664963547711));
#5935=CARTESIAN_POINT('',(-16.2407618216759,44.,8.76480797562343));
#5936=CARTESIAN_POINT('',(-36.6921861587849,45.,16.2085176826785));
#5937=CARTESIAN_POINT('Ctrl Pts',(-36.6921861587849,45.,16.2085176826785));
#5938=CARTESIAN_POINT('Ctrl Pts',(-36.6921861587849,44.8765865859584,16.2085176826785));
#5939=CARTESIAN_POINT('Ctrl Pts',(-36.6650363866078,44.7313361277789,16.1986359737389));
#5940=CARTESIAN_POINT('Ctrl Pts',(-36.5762760496802,44.5032977420535,16.1663298531138));
#5941=CARTESIAN_POINT('Ctrl Pts',(-36.4989599545922,44.3801602220683,16.1381890958721));
#5942=CARTESIAN_POINT('Ctrl Pts',(-36.3349520255428,44.2056269901879,16.0784950915145));
#5943=CARTESIAN_POINT('Ctrl Pts',(-36.2192401749729,44.1233490363341,16.0363794221552));
#5944=CARTESIAN_POINT('Ctrl Pts',(-36.0049532171071,44.0288922073354,15.9583853479006));
#5945=CARTESIAN_POINT('Ctrl Pts',(-35.8684616234238,44.,15.9087064705723));
#5946=CARTESIAN_POINT('Ctrl Pts',(-35.7524902833874,44.,15.8664963547711));
#5947=CARTESIAN_POINT('',(-36.6921861587849,48.,16.2085176826785));
#5948=CARTESIAN_POINT('Origin',(0.930945420512955,47.8,2.62544107364603));
#5949=CARTESIAN_POINT('',(29.5583388139874,47.8,30.5623762580082));
#5950=CARTESIAN_POINT('Ctrl Pts',(29.5583388139874,47.8,30.5623762580082));
#5951=CARTESIAN_POINT('Ctrl Pts',(29.5583388139874,47.8246604159014,30.5623762580082));
#5952=CARTESIAN_POINT('Ctrl Pts',(29.5539074137793,47.853681999207,30.558657871728));
#5953=CARTESIAN_POINT('Ctrl Pts',(29.5394181534642,47.8992703613527,30.5464999387416));
#5954=CARTESIAN_POINT('Ctrl Pts',(29.526787170645,47.9238949369634,30.5359012857166));
#5955=CARTESIAN_POINT('Ctrl Pts',(29.4999863870077,47.958820922066,30.5134127580513));
#5956=CARTESIAN_POINT('Ctrl Pts',(29.4810649885917,47.9752898924825,30.497535819619));
#5957=CARTESIAN_POINT('Ctrl Pts',(29.446013336195,47.9942116234262,30.4681239910208));
#5958=CARTESIAN_POINT('Ctrl Pts',(29.4236742349235,48.,30.4493792593831));
#5959=CARTESIAN_POINT('Ctrl Pts',(29.4046951315622,48.,30.4334539007526));
#5960=CARTESIAN_POINT('',(-6.11733096416362,47.8,41.9995670957587));
#5961=CARTESIAN_POINT('Ctrl Pts',(-6.08260121076247,48.,41.8026048766949));
#5962=CARTESIAN_POINT('Ctrl Pts',(-6.08688733760062,48.,41.8269127099087));
#5963=CARTESIAN_POINT('Ctrl Pts',(-6.09193186222125,47.9942215587174,41.8555216306783));
#5964=CARTESIAN_POINT('Ctrl Pts',(-6.09985158729656,47.9753301940807,41.9004366235143));
#5965=CARTESIAN_POINT('Ctrl Pts',(-6.1041281242348,47.9588746033966,41.9246900697031));
#5966=CARTESIAN_POINT('Ctrl Pts',(-6.11018961218738,47.923967957191,41.9590664761284));
#5967=CARTESIAN_POINT('Ctrl Pts',(-6.11304709959386,47.8993404528594,41.9752720925065));
#5968=CARTESIAN_POINT('Ctrl Pts',(-6.11632754911157,47.8537327751549,41.9938764462165));
#5969=CARTESIAN_POINT('Ctrl Pts',(-6.11733096416362,47.824682683143,41.9995670957587));
#5970=CARTESIAN_POINT('Ctrl Pts',(-6.11733096416362,47.8,41.9995670957587));
#5971=CARTESIAN_POINT('Origin',(0.930945420512955,47.8,2.62544107364603));
#5972=CARTESIAN_POINT('Origin',(-5.50469368753883,48.,38.5251284468164));
#5973=CARTESIAN_POINT('',(-5.50469368753883,44.,38.5251284468164));
#5974=CARTESIAN_POINT('',(-5.50469368753883,48.,38.5251284468164));
#5975=CARTESIAN_POINT('',(-5.94368218506879,44.,41.0147559318794));
#5976=CARTESIAN_POINT('',(-2.33806050031563,44.,20.5662592227195));
#5977=CARTESIAN_POINT('',(-6.11733096416362,45.,41.9995670957587));
#5978=CARTESIAN_POINT('Ctrl Pts',(-6.11733096416362,45.,41.9995670957587));
#5979=CARTESIAN_POINT('Ctrl Pts',(-6.11733096416362,44.8765865859584,41.9995670957587));
#5980=CARTESIAN_POINT('Ctrl Pts',(-6.11231388904956,44.7313361277789,41.9711138488767));
#5981=CARTESIAN_POINT('Ctrl Pts',(-6.0959116417448,44.5032977420535,41.8780920819363));
#5982=CARTESIAN_POINT('Ctrl Pts',(-6.08162420485386,44.3801602220683,41.7970640008478));
#5983=CARTESIAN_POINT('Ctrl Pts',(-6.05131676455649,44.2056269901879,41.6251819656902));
#5984=CARTESIAN_POINT('Ctrl Pts',(-6.02993407883408,44.1233490363341,41.503914728898));
#5985=CARTESIAN_POINT('Ctrl Pts',(-5.99033544955033,44.0288922073354,41.2793397425594));
#5986=CARTESIAN_POINT('Ctrl Pts',(-5.96511282250645,44.,41.1362951163624));
#5987=CARTESIAN_POINT('Ctrl Pts',(-5.94368218506879,44.,41.0147559318794));
#5988=CARTESIAN_POINT('',(-6.11733096416362,48.,41.9995670957587));
#5989=CARTESIAN_POINT('Origin',(0.930945420512955,47.8,2.62544107364603));
#5990=CARTESIAN_POINT('',(39.4387376907872,47.8,-8.19814125705256));
#5991=CARTESIAN_POINT('Ctrl Pts',(39.4387376907872,47.8,-8.19814125705256));
#5992=CARTESIAN_POINT('Ctrl Pts',(39.4387376907872,47.8246604159014,-8.19814125705256));
#5993=CARTESIAN_POINT('Ctrl Pts',(39.4333017737034,47.853681999207,-8.19616274503812));
#5994=CARTESIAN_POINT('Ctrl Pts',(39.415528064722,47.8992703613527,-8.1896936440164));
#5995=CARTESIAN_POINT('Ctrl Pts',(39.4000338705469,47.9238949369634,-8.18405421853272));
#5996=CARTESIAN_POINT('Ctrl Pts',(39.3671578424764,47.958820922066,-8.17208832289414));
#5997=CARTESIAN_POINT('Ctrl Pts',(39.3439473112517,47.9752898924825,-8.16364038040686));
#5998=CARTESIAN_POINT('Ctrl Pts',(39.3009500943155,47.9942116234262,-8.14799067328579));
#5999=CARTESIAN_POINT('Ctrl Pts',(39.2735471298944,48.,-8.13801680990585));
#6000=CARTESIAN_POINT('Ctrl Pts',(39.2502658130754,48.,-8.12954310356921));
#6001=CARTESIAN_POINT('',(31.5058006151342,47.8,28.4164904867262));
#6002=CARTESIAN_POINT('Ctrl Pts',(31.3525912065398,48.,28.2879325284818));
#6003=CARTESIAN_POINT('Ctrl Pts',(31.3714993441948,48.,28.3037983398144));
#6004=CARTESIAN_POINT('Ctrl Pts',(31.3937531340458,47.9942215587174,28.3224714866706));
#6005=CARTESIAN_POINT('Ctrl Pts',(31.4286907963149,47.9753301940807,28.3517876661948));
#6006=CARTESIAN_POINT('Ctrl Pts',(31.4475566283746,47.9588746033966,28.367617978918));
#6007=CARTESIAN_POINT('Ctrl Pts',(31.4742967256534,47.923967957191,28.3900555846823));
#6008=CARTESIAN_POINT('Ctrl Pts',(31.4869024574177,47.8993404528594,28.4006330495564));
#6009=CARTESIAN_POINT('Ctrl Pts',(31.5013740755926,47.8537327751549,28.4127761790295));
#6010=CARTESIAN_POINT('Ctrl Pts',(31.5058006151342,47.824682683143,28.4164904867262));
#6011=CARTESIAN_POINT('Ctrl Pts',(31.5058006151342,47.8,28.4164904867262));
#6012=CARTESIAN_POINT('Origin',(0.930945420512955,47.8,2.62544107364603));
#6013=CARTESIAN_POINT('Origin',(28.8031671195721,48.,26.1487117173927));
#6014=CARTESIAN_POINT('',(28.8031671195721,44.,26.1487117173927));
#6015=CARTESIAN_POINT('',(28.8031671195721,48.,26.1487117173927));
#6016=CARTESIAN_POINT('',(30.7397535188316,44.,27.7737006507543));
#6017=CARTESIAN_POINT('',(14.8336467418732,44.,14.4268923207421));
#6018=CARTESIAN_POINT('',(31.5058006151342,45.,28.4164904867262));
#6019=CARTESIAN_POINT('Ctrl Pts',(31.5058006151342,45.,28.4164904867262));
#6020=CARTESIAN_POINT('Ctrl Pts',(31.5058006151342,44.8765865859584,28.4164904867262));
#6021=CARTESIAN_POINT('Ctrl Pts',(31.4836679180712,44.7313361277789,28.3979189487837));
#6022=CARTESIAN_POINT('Ctrl Pts',(31.4113098284483,44.5032977420535,28.3372033024685));
#6023=CARTESIAN_POINT('Ctrl Pts',(31.3482811702512,44.3801602220683,28.2843159786217));
#6024=CARTESIAN_POINT('Ctrl Pts',(31.2145806814992,44.2056269901879,28.1721279478217));
#6025=CARTESIAN_POINT('Ctrl Pts',(31.1202515166517,44.1233490363341,28.0929763803889));
#6026=CARTESIAN_POINT('Ctrl Pts',(30.9455631880698,44.0288922073354,27.9463954683048));
#6027=CARTESIAN_POINT('Ctrl Pts',(30.8342942214303,44.,27.8530297194361));
#6028=CARTESIAN_POINT('Ctrl Pts',(30.7397535188316,44.,27.7737006507543));
#6029=CARTESIAN_POINT('',(31.5058006151342,48.,28.4164904867262));
#6030=CARTESIAN_POINT('Origin',(0.930945420512955,47.8,2.62544107364603));
#6031=CARTESIAN_POINT('',(10.8113442973127,47.8,-36.1350764414148));
#6032=CARTESIAN_POINT('Ctrl Pts',(10.8113442973127,47.8,-36.1350764414148));
#6033=CARTESIAN_POINT('Ctrl Pts',(10.8113442973127,47.8246604159014,-36.1350764414148));
#6034=CARTESIAN_POINT('Ctrl Pts',(10.810339780437,47.853681999207,-36.1293795431201));
#6035=CARTESIAN_POINT('Ctrl Pts',(10.8070553317708,47.8992703613527,-36.1107525091119));
#6036=CARTESIAN_POINT('Ctrl Pts',(10.8041921204148,47.9238949369634,-36.0945144306033));
#6037=CARTESIAN_POINT('Ctrl Pts',(10.7981168759816,47.958820922066,-36.0600600072994));
#6038=CARTESIAN_POINT('Ctrl Pts',(10.793827743173,47.9752898924825,-36.0357351263798));
#6039=CARTESIAN_POINT('Ctrl Pts',(10.7858821786335,47.9942116234262,-35.9906735906605));
#6040=CARTESIAN_POINT('Ctrl Pts',(10.7808183154839,48.,-35.9619549956429));
#6041=CARTESIAN_POINT('Ctrl Pts',(10.7765161020261,48.,-35.9375559306757));
#6042=CARTESIAN_POINT('',(38.5540769998108,47.8,-10.9576355353864));
#6043=CARTESIAN_POINT('Ctrl Pts',(38.3661378378152,48.,-10.8892312745671));
#6044=CARTESIAN_POINT('Ctrl Pts',(38.3893321023084,48.,-10.8976732964483));
#6045=CARTESIAN_POINT('Ctrl Pts',(38.41663041678,47.9942215587174,-10.9076090703617));
#6046=CARTESIAN_POINT('Ctrl Pts',(38.4594878041244,47.9753301940807,-10.9232078836734));
#6047=CARTESIAN_POINT('Ctrl Pts',(38.4826301731223,47.9588746033966,-10.9316310171391));
#6048=CARTESIAN_POINT('Ctrl Pts',(38.5154317583538,47.923967957191,-10.9435698178001));
#6049=CARTESIAN_POINT('Ctrl Pts',(38.5308949775245,47.8993404528594,-10.9491979693041));
#6050=CARTESIAN_POINT('Ctrl Pts',(38.5486470452172,47.8537327751549,-10.955659193541));
#6051=CARTESIAN_POINT('Ctrl Pts',(38.5540769998108,47.824682683143,-10.9576355353864));
#6052=CARTESIAN_POINT('Ctrl Pts',(38.5540769998108,47.8,-10.9576355353864));
#6053=CARTESIAN_POINT('Origin',(0.930945420512955,47.8,2.62544107364603));
#6054=CARTESIAN_POINT('Origin',(35.2388062276239,48.,-9.75097565577769));
#6055=CARTESIAN_POINT('',(35.2388062276239,44.,-9.75097565577769));
#6056=CARTESIAN_POINT('',(35.2388062276239,48.,-9.75097565577769));
#6057=CARTESIAN_POINT('',(37.6143811244133,44.,-10.615614207479));
#6058=CARTESIAN_POINT('',(18.1026526627018,44.,-3.5139258283314));
#6059=CARTESIAN_POINT('',(38.5540769998108,45.,-10.9576355353864));
#6060=CARTESIAN_POINT('Ctrl Pts',(38.5540769998108,45.,-10.9576355353864));
#6061=CARTESIAN_POINT('Ctrl Pts',(38.5540769998108,44.8765865859584,-10.9576355353864));
#6062=CARTESIAN_POINT('Ctrl Pts',(38.5269272276337,44.7313361277789,-10.9477538264469));
#6063=CARTESIAN_POINT('Ctrl Pts',(38.4381668907061,44.5032977420535,-10.9154477058218));
#6064=CARTESIAN_POINT('Ctrl Pts',(38.360850795618,44.3801602220683,-10.8873069485801));
#6065=CARTESIAN_POINT('Ctrl Pts',(38.1968428665687,44.2056269901879,-10.8276129442224));
#6066=CARTESIAN_POINT('Ctrl Pts',(38.0811310159988,44.1233490363341,-10.7854972748631));
#6067=CARTESIAN_POINT('Ctrl Pts',(37.866844058133,44.0288922073354,-10.7075032006086));
#6068=CARTESIAN_POINT('Ctrl Pts',(37.7303524644497,44.,-10.6578243232803));
#6069=CARTESIAN_POINT('Ctrl Pts',(37.6143811244133,44.,-10.615614207479));
#6070=CARTESIAN_POINT('',(38.5540769998108,48.,-10.9576355353864));
#6071=CARTESIAN_POINT('Origin',(0.930945420512955,47.8,2.62544107364603));
#6072=CARTESIAN_POINT('',(-27.6964479729615,47.8,-25.3114941107162));
#6073=CARTESIAN_POINT('Ctrl Pts',(-27.6964479729615,47.8,-25.3114941107162));
#6074=CARTESIAN_POINT('Ctrl Pts',(-27.6964479729615,47.8246604159014,-25.3114941107162));
#6075=CARTESIAN_POINT('Ctrl Pts',(-27.6920165727534,47.853681999207,-25.307775724436));
#6076=CARTESIAN_POINT('Ctrl Pts',(-27.6775273124383,47.8992703613527,-25.2956177914495));
#6077=CARTESIAN_POINT('Ctrl Pts',(-27.6648963296191,47.9238949369634,-25.2850191384245));
#6078=CARTESIAN_POINT('Ctrl Pts',(-27.6380955459818,47.958820922066,-25.2625306107592));
#6079=CARTESIAN_POINT('Ctrl Pts',(-27.6191741475658,47.9752898924825,-25.246653672327));
#6080=CARTESIAN_POINT('Ctrl Pts',(-27.584122495169,47.9942116234262,-25.2172418437287));
#6081=CARTESIAN_POINT('Ctrl Pts',(-27.5617833938976,48.,-25.198497112091));
#6082=CARTESIAN_POINT('Ctrl Pts',(-27.5428042905363,48.,-25.1825717534605));
#6083=CARTESIAN_POINT('',(7.97922180518954,47.8,-36.7486849484666));
#6084=CARTESIAN_POINT('Ctrl Pts',(7.94449205178838,48.,-36.5517227294029));
#6085=CARTESIAN_POINT('Ctrl Pts',(7.94877817862654,48.,-36.5760305626167));
#6086=CARTESIAN_POINT('Ctrl Pts',(7.95382270324717,47.9942215587174,-36.6046394833863));
#6087=CARTESIAN_POINT('Ctrl Pts',(7.96174242832248,47.9753301940807,-36.6495544762222));
#6088=CARTESIAN_POINT('Ctrl Pts',(7.96601896526072,47.9588746033966,-36.673807922411));
#6089=CARTESIAN_POINT('Ctrl Pts',(7.9720804532133,47.923967957191,-36.7081843288363));
#6090=CARTESIAN_POINT('Ctrl Pts',(7.97493794061978,47.8993404528594,-36.7243899452145));
#6091=CARTESIAN_POINT('Ctrl Pts',(7.97821839013749,47.8537327751549,-36.7429942989244));
#6092=CARTESIAN_POINT('Ctrl Pts',(7.97922180518954,47.824682683143,-36.7486849484666));
#6093=CARTESIAN_POINT('Ctrl Pts',(7.97922180518954,47.8,-36.7486849484666));
#6094=CARTESIAN_POINT('Origin',(0.930945420512955,47.8,2.62544107364603));
#6095=CARTESIAN_POINT('Origin',(-29.6498103038855,48.,-26.9505597221501));
#6096=CARTESIAN_POINT('',(-27.6964479729615,45.,-25.3114941107162));
#6097=CARTESIAN_POINT('',(-27.6964479729615,48.,-25.3114941107162));
#6098=CARTESIAN_POINT('',(-26.9281847706794,44.,-24.6668447410342));
#6099=CARTESIAN_POINT('Ctrl Pts',(-26.9281847706794,44.,-24.6668447410342));
#6100=CARTESIAN_POINT('Ctrl Pts',(-27.0230923255059,44.,-24.746481635285));
#6101=CARTESIAN_POINT('Ctrl Pts',(-27.1348024421353,44.0289426533485,-24.8402175529476));
#6102=CARTESIAN_POINT('Ctrl Pts',(-27.310075182845,44.1235561877067,-24.9872888450325));
#6103=CARTESIAN_POINT('Ctrl Pts',(-27.4046859868704,44.2059013991786,-25.0666767357956));
#6104=CARTESIAN_POINT('Ctrl Pts',(-27.5386918771169,44.3805320385134,-25.179121028877));
#6105=CARTESIAN_POINT('Ctrl Pts',(-27.6018462641495,44.5036535140888,-25.2321138517433));
#6106=CARTESIAN_POINT('Ctrl Pts',(-27.6742915129636,44.731592980458,-25.2929026333038));
#6107=CARTESIAN_POINT('Ctrl Pts',(-27.6964479729615,44.8766993223927,-25.3114941107162));
#6108=CARTESIAN_POINT('Ctrl Pts',(-27.6964479729615,45.,-25.3114941107162));
#6109=CARTESIAN_POINT('',(-25.0799895020768,44.,-23.1160247728061));
#6110=CARTESIAN_POINT('',(-13.3953795252822,44.,-13.3114728508275));
#6111=CARTESIAN_POINT('',(-25.0799895020768,48.,-23.1160247728061));
#6112=CARTESIAN_POINT('Origin',(0.930945420512955,45.,2.62544107364603));
#6113=CARTESIAN_POINT('',(7.97922180518954,45.,-36.7486849484666));
#6114=CARTESIAN_POINT('',(7.8055730260947,44.,-35.7638737845873));
#6115=CARTESIAN_POINT('Ctrl Pts',(7.97922180518954,45.,-36.7486849484666));
#6116=CARTESIAN_POINT('Ctrl Pts',(7.97922180518954,44.8765865859584,-36.7486849484666));
#6117=CARTESIAN_POINT('Ctrl Pts',(7.97420473007547,44.7313361277789,-36.7202317015846));
#6118=CARTESIAN_POINT('Ctrl Pts',(7.95780248277072,44.5032977420535,-36.6272099346443));
#6119=CARTESIAN_POINT('Ctrl Pts',(7.94351504587978,44.3801602220683,-36.5461818535557));
#6120=CARTESIAN_POINT('Ctrl Pts',(7.91320760558241,44.2056269901879,-36.3742998183981));
#6121=CARTESIAN_POINT('Ctrl Pts',(7.89182491985999,44.1233490363341,-36.253032581606));
#6122=CARTESIAN_POINT('Ctrl Pts',(7.85222629057625,44.0288922073354,-36.0284575952673));
#6123=CARTESIAN_POINT('Ctrl Pts',(7.82700366353236,44.,-35.8854129690703));
#6124=CARTESIAN_POINT('Ctrl Pts',(7.8055730260947,44.,-35.7638737845873));
#6125=CARTESIAN_POINT('Origin',(0.930945420512955,44.,2.62544107364603));
#6126=CARTESIAN_POINT('Origin',(0.930945420512955,45.,2.62544107364603));
#6127=CARTESIAN_POINT('Origin',(0.930945420512955,44.,2.62544107364603));
#6128=CARTESIAN_POINT('',(7.36658452856474,44.,-33.2742462995244));
#6129=CARTESIAN_POINT('',(4.19995134134155,44.,-15.3153770754274));
#6130=CARTESIAN_POINT('',(10.2182413128952,44.,-32.7714222687266));
#6131=CARTESIAN_POINT('',(8.74122655392719,44.,-33.0318598216372));
#6132=CARTESIAN_POINT('',(10.6371931677755,44.,-35.1474163066047));
#6133=CARTESIAN_POINT('',(7.56955526413536,44.,-17.7499772345201));
#6134=CARTESIAN_POINT('Origin',(0.930945420512955,44.,2.62544107364603));
#6135=CARTESIAN_POINT('',(36.2291762354849,44.,-7.02995642227441));
#6136=CARTESIAN_POINT('',(35.716214392921,44.,-8.43930750176056));
#6137=CARTESIAN_POINT('',(38.4963233589679,44.,-7.85513049192447));
#6138=CARTESIAN_POINT('',(21.8958802099305,44.,-1.81306331004656));
#6139=CARTESIAN_POINT('Origin',(0.930945420512955,44.,2.62544107364603));
#6140=CARTESIAN_POINT('',(26.9418803431027,44.,28.3669069200982));
#6141=CARTESIAN_POINT('',(27.9059332595068,44.,27.2179933935227));
#6142=CARTESIAN_POINT('',(28.7900756117053,44.,29.9177268883262));
#6143=CARTESIAN_POINT('',(15.2572703663081,44.,18.5623549981195));
#6144=CARTESIAN_POINT('Origin',(0.930945420512955,44.,2.62544107364603));
#6145=CARTESIAN_POINT('',(-8.35635047186924,44.,38.0223044160186));
#6146=CARTESIAN_POINT('',(-6.87933571290128,44.,38.2827419689293));
#6147=CARTESIAN_POINT('',(-8.7753023267496,44.,40.3982984538968));
#6148=CARTESIAN_POINT('',(-5.70766442310946,44.,23.0008593818121));
#6149=CARTESIAN_POINT('Origin',(0.930945420512955,44.,2.62544107364603));
#6150=CARTESIAN_POINT('',(-34.367285394459,44.,12.2808385695665));
#6151=CARTESIAN_POINT('',(-33.8543235518951,44.,13.6901896490526));
#6152=CARTESIAN_POINT('',(-36.634432517942,44.,13.1060126392165));
#6153=CARTESIAN_POINT('',(-20.0339893689046,44.,7.0639454573386));
#6154=CARTESIAN_POINT('Origin',(0.930945420512955,44.,2.62544107364603));
#6155=CARTESIAN_POINT('',(-26.0440424184808,44.,-21.9671112462306));
#6156=CARTESIAN_POINT('',(-19.069054579487,44.,2.62544107364603));
#6157=CARTESIAN_POINT('Origin',(0.930945420512955,44.,2.62544107364603));
#6158=CARTESIAN_POINT('Origin',(0.930945420512955,45.,2.62544107364603));
#6159=CARTESIAN_POINT('',(-37.5768468497613,45.,13.4490234043446));
#6160=CARTESIAN_POINT('Ctrl Pts',(-36.634432517942,44.,13.1060126392165));
#6161=CARTESIAN_POINT('Ctrl Pts',(-36.7508538688549,44.,13.1483865455819));
#6162=CARTESIAN_POINT('Ctrl Pts',(-36.8878866131125,44.0289426533485,13.1982623856114));
#6163=CARTESIAN_POINT('Ctrl Pts',(-37.1028904585802,44.1235561877067,13.2765173856145));
#6164=CARTESIAN_POINT('Ctrl Pts',(-37.2189477907466,44.2059013991786,13.3187587999914));
#6165=CARTESIAN_POINT('Ctrl Pts',(-37.383330350189,44.3805320385134,13.3785891586609));
#6166=CARTESIAN_POINT('Ctrl Pts',(-37.4608006745258,44.5036535140888,13.4067860507584));
#6167=CARTESIAN_POINT('Ctrl Pts',(-37.5496679280293,44.731592980458,13.4391310858347));
#6168=CARTESIAN_POINT('Ctrl Pts',(-37.5768468497613,44.8766993223927,13.4490234043446));
#6169=CARTESIAN_POINT('Ctrl Pts',(-37.5768468497613,45.,13.4490234043446));
#6170=CARTESIAN_POINT('Origin',(0.930945420512955,45.,2.62544107364603));
#6171=CARTESIAN_POINT('Origin',(-39.9730004731944,48.,14.3211520000034));
#6172=CARTESIAN_POINT('',(-37.5768468497613,48.,13.4490234043446));
#6173=CARTESIAN_POINT('',(-34.367285394459,48.,12.2808385695665));
#6174=CARTESIAN_POINT('Origin',(0.930945420512955,45.,2.62544107364603));
#6175=CARTESIAN_POINT('',(-8.94945345628678,45.,41.3859585887068));
#6176=CARTESIAN_POINT('Ctrl Pts',(-8.7753023267496,44.,40.3982984538968));
#6177=CARTESIAN_POINT('Ctrl Pts',(-8.79681612283609,44.,40.520309254513));
#6178=CARTESIAN_POINT('Ctrl Pts',(-8.82213875046417,44.0289426533485,40.6639210122051));
#6179=CARTESIAN_POINT('Ctrl Pts',(-8.86186985522226,44.1235561877067,40.889247304293));
#6180=CARTESIAN_POINT('Ctrl Pts',(-8.88331638336327,44.2059013991786,41.010876609433));
#6181=CARTESIAN_POINT('Ctrl Pts',(-8.91369305255912,44.3805320385134,41.183151261184));
#6182=CARTESIAN_POINT('Ctrl Pts',(-8.92800898986327,44.5036535140888,41.2643409761478));
#6183=CARTESIAN_POINT('Ctrl Pts',(-8.94443099455268,44.731592980458,41.3574747927845));
#6184=CARTESIAN_POINT('Ctrl Pts',(-8.94945345628678,44.8766993223927,41.3859585887068));
#6185=CARTESIAN_POINT('Ctrl Pts',(-8.94945345628678,45.,41.3859585887068));
#6186=CARTESIAN_POINT('Origin',(0.930945420512955,45.,2.62544107364603));
#6187=CARTESIAN_POINT('Origin',(-9.39224474879602,48.,43.8971527957995));
#6188=CARTESIAN_POINT('',(-8.94945345628678,48.,41.3859585887068));
#6189=CARTESIAN_POINT('',(-8.35635047186924,48.,38.0223044160186));
#6190=CARTESIAN_POINT('Origin',(0.930945420512955,45.,2.62544107364603));
#6191=CARTESIAN_POINT('',(29.5583388139874,45.,30.5623762580082));
#6192=CARTESIAN_POINT('Ctrl Pts',(28.7900756117053,44.,29.9177268883262));
#6193=CARTESIAN_POINT('Ctrl Pts',(28.8849831665318,44.,29.9973637825771));
#6194=CARTESIAN_POINT('Ctrl Pts',(28.9966932831613,44.0289426533485,30.0910997002396));
#6195=CARTESIAN_POINT('Ctrl Pts',(29.1719660238709,44.1235561877067,30.2381709923245));
#6196=CARTESIAN_POINT('Ctrl Pts',(29.2665768278963,44.2059013991786,30.3175588830876));
#6197=CARTESIAN_POINT('Ctrl Pts',(29.4005827181428,44.3805320385134,30.4300031761691));
#6198=CARTESIAN_POINT('Ctrl Pts',(29.4637371051754,44.5036535140888,30.4829959990354));
#6199=CARTESIAN_POINT('Ctrl Pts',(29.5361823539895,44.731592980458,30.5437847805958));
#6200=CARTESIAN_POINT('Ctrl Pts',(29.5583388139874,44.8766993223927,30.5623762580082));
#6201=CARTESIAN_POINT('Ctrl Pts',(29.5583388139874,45.,30.5623762580082));
#6202=CARTESIAN_POINT('Origin',(0.930945420512955,45.,2.62544107364603));
#6203=CARTESIAN_POINT('Origin',(31.5117011449114,48.,32.2014418694421));
#6204=CARTESIAN_POINT('',(29.5583388139874,48.,30.5623762580082));
#6205=CARTESIAN_POINT('',(26.9418803431027,48.,28.3669069200982));
#6206=CARTESIAN_POINT('Origin',(0.930945420512955,45.,2.62544107364603));
#6207=CARTESIAN_POINT('',(39.4387376907872,45.,-8.19814125705256));
#6208=CARTESIAN_POINT('Ctrl Pts',(38.4963233589679,44.,-7.85513049192446));
#6209=CARTESIAN_POINT('Ctrl Pts',(38.6127447098809,44.,-7.89750439828985));
#6210=CARTESIAN_POINT('Ctrl Pts',(38.7497774541384,44.0289426533485,-7.94738023831941));
#6211=CARTESIAN_POINT('Ctrl Pts',(38.9647812996061,44.1235561877067,-8.02563523832243));
#6212=CARTESIAN_POINT('Ctrl Pts',(39.0808386317725,44.2059013991786,-8.06787665269935));
#6213=CARTESIAN_POINT('Ctrl Pts',(39.2452211912149,44.3805320385134,-8.12770701136887));
#6214=CARTESIAN_POINT('Ctrl Pts',(39.3226915155517,44.5036535140888,-8.1559039034664));
#6215=CARTESIAN_POINT('Ctrl Pts',(39.4115587690552,44.731592980458,-8.18824893854267));
#6216=CARTESIAN_POINT('Ctrl Pts',(39.4387376907872,44.8766993223927,-8.19814125705256));
#6217=CARTESIAN_POINT('Ctrl Pts',(39.4387376907872,45.,-8.19814125705256));
#6218=CARTESIAN_POINT('Origin',(0.930945420512955,45.,2.62544107364603));
#6219=CARTESIAN_POINT('Origin',(41.8348913142204,48.,-9.07026985271134));
#6220=CARTESIAN_POINT('',(39.4387376907872,48.,-8.19814125705256));
#6221=CARTESIAN_POINT('',(36.2291762354849,48.,-7.02995642227441));
#6222=CARTESIAN_POINT('Origin',(0.930945420512955,45.,2.62544107364603));
#6223=CARTESIAN_POINT('',(10.8113442973127,45.,-36.1350764414148));
#6224=CARTESIAN_POINT('Ctrl Pts',(10.6371931677755,44.,-35.1474163066047));
#6225=CARTESIAN_POINT('Ctrl Pts',(10.658706963862,44.,-35.2694271072209));
#6226=CARTESIAN_POINT('Ctrl Pts',(10.6840295914901,44.0289426533485,-35.413038864913));
#6227=CARTESIAN_POINT('Ctrl Pts',(10.7237606962482,44.1235561877067,-35.6383651570009));
#6228=CARTESIAN_POINT('Ctrl Pts',(10.7452072243892,44.2059013991786,-35.7599944621409));
#6229=CARTESIAN_POINT('Ctrl Pts',(10.775583893585,44.3805320385134,-35.9322691138919));
#6230=CARTESIAN_POINT('Ctrl Pts',(10.7898998308892,44.5036535140888,-36.0134588288557));
#6231=CARTESIAN_POINT('Ctrl Pts',(10.8063218355786,44.731592980458,-36.1065926454924));
#6232=CARTESIAN_POINT('Ctrl Pts',(10.8113442973127,44.8766993223928,-36.1350764414148));
#6233=CARTESIAN_POINT('Ctrl Pts',(10.8113442973127,45.,-36.1350764414148));
#6234=CARTESIAN_POINT('Origin',(0.930945420512955,45.,2.62544107364603));
#6235=CARTESIAN_POINT('Origin',(0.930945420512955,43.,2.62544107364603));
#6236=CARTESIAN_POINT('',(0.930945420512953,43.,20.625441073646));
#6237=CARTESIAN_POINT('Origin',(0.930945420512953,43.,25.625441073646));
#6238=CARTESIAN_POINT('',(-17.069054579487,43.,2.62544107364603));
#6239=CARTESIAN_POINT('Origin',(0.930945420512955,43.,2.62544107364603));
#6240=CARTESIAN_POINT('Origin',(0.930945420512955,43.,2.62544107364603));
#6241=CARTESIAN_POINT('Origin',(0.930945420512955,0.,2.62544107364603));
#6242=CARTESIAN_POINT('',(-17.0146386234864,2.,1.22686561277354));
#6243=CARTESIAN_POINT('',(-17.069054579487,2.,2.62544107364603));
#6244=CARTESIAN_POINT('Origin',(0.930945420512955,2.,2.62544107364603));
#6245=CARTESIAN_POINT('',(-16.3490546358135,2.,-2.41455873323474));
#6246=CARTESIAN_POINT('Origin',(0.930945420512955,2.,2.62544107364603));
#6247=CARTESIAN_POINT('',(-13.7672919754867,2.,-7.76502655061605));
#6248=CARTESIAN_POINT('Origin',(0.930945420512955,2.,2.62544107364603));
#6249=CARTESIAN_POINT('',(-13.6648712173565,2.,-7.90841561199833));
#6250=CARTESIAN_POINT('Origin',(0.930945420512955,2.,2.62544107364603));
#6251=CARTESIAN_POINT('',(-9.86905474041959,2.,-11.7745588056546));
#6252=CARTESIAN_POINT('Origin',(0.930945420512955,2.,2.62544107364603));
#6253=CARTESIAN_POINT('',(-8.7361721043292,2.,-12.5583278511266));
#6254=CARTESIAN_POINT('Origin',(0.930945420512955,2.,2.62544107364603));
#6255=CARTESIAN_POINT('',(-3.94019537424084,2.,-14.7029168219448));
#6256=CARTESIAN_POINT('Origin',(0.930945420512955,2.,2.62544107364603));
#6257=CARTESIAN_POINT('',(-2.93537779350146,2.,-14.9544208372102));
#6258=CARTESIAN_POINT('Origin',(0.930945420512955,2.,2.62544107364603));
#6259=CARTESIAN_POINT('',(0.530945414552491,2.,-15.3701139329447));
#6260=CARTESIAN_POINT('Origin',(0.930945420512955,2.,2.62544107364603));
#6261=CARTESIAN_POINT('',(1.33094542647342,2.,-15.3701139329447));
#6262=CARTESIAN_POINT('Origin',(0.930945420512955,2.,2.62544107364603));
#6263=CARTESIAN_POINT('',(5.22026351221943,2.,-14.8560276949718));
#6264=CARTESIAN_POINT('Origin',(0.930945420512955,2.,2.62544107364603));
#6265=CARTESIAN_POINT('',(6.24162747185763,2.,-14.5732988845464));
#6266=CARTESIAN_POINT('Origin',(0.930945420512955,2.,2.62544107364603));
#6267=CARTESIAN_POINT('',(12.8235556142901,2.,-10.8862510031765));
#6268=CARTESIAN_POINT('Origin',(0.930945420512955,2.,2.62544107364603));
#6269=CARTESIAN_POINT('',(15.8381885364713,2.,-7.46287408210282));
#6270=CARTESIAN_POINT('Origin',(0.930945420512955,2.,2.62544107364603));
#6271=CARTESIAN_POINT('',(16.7087952052682,2.,-6.03824498770789));
#6272=CARTESIAN_POINT('Origin',(0.930945420512955,2.,2.62544107364603));
#6273=CARTESIAN_POINT('',(17.3769981473889,2.,-4.69079769397331));
#6274=CARTESIAN_POINT('Origin',(0.930945420512955,2.,2.62544107364603));
#6275=CARTESIAN_POINT('',(18.7271102111434,2.,-0.0757658315587662));
#6276=CARTESIAN_POINT('Origin',(0.930945420512955,2.,2.62544107364603));
#6277=CARTESIAN_POINT('',(18.8788613238247,2.,1.25711555402347));
#6278=CARTESIAN_POINT('Origin',(0.930945420512955,2.,2.62544107364603));
#6279=CARTESIAN_POINT('',(18.8788613238247,2.,3.99376659326859));
#6280=CARTESIAN_POINT('Origin',(0.930945420512955,2.,2.62544107364603));
#6281=CARTESIAN_POINT('',(17.8391736657431,2.,8.79891802000294));
#6282=CARTESIAN_POINT('Origin',(0.930945420512955,2.,2.62544107364603));
#6283=CARTESIAN_POINT('',(7.04433166673942,2.,19.5554885810941));
#6284=CARTESIAN_POINT('Origin',(0.930945420512955,2.,2.62544107364603));
#6285=CARTESIAN_POINT('',(5.45613587726357,2.,20.0473425579885));
#6286=CARTESIAN_POINT('Origin',(0.930945420512955,2.,2.62544107364603));
#6287=CARTESIAN_POINT('',(1.33094542647342,2.,20.6209960802367));
#6288=CARTESIAN_POINT('Origin',(0.930945420512955,2.,2.62544107364603));
#6289=CARTESIAN_POINT('',(0.530945414552491,2.,20.6209960802367));
#6290=CARTESIAN_POINT('Origin',(0.930945420512955,2.,2.62544107364603));
#6291=CARTESIAN_POINT('',(-1.74426708970757,2.,20.4255320291766));
#6292=CARTESIAN_POINT('Origin',(0.930945420512955,2.,2.62544107364603));
#6293=CARTESIAN_POINT('',(-3.06343442952379,2.,20.1766498529188));
#6294=CARTESIAN_POINT('Origin',(0.930945420512955,2.,2.62544107364603));
#6295=CARTESIAN_POINT('Origin',(0.930945420512955,2.,2.62544107364603));
#6296=CARTESIAN_POINT('',(-17.069054579487,11.7426058313814,2.62544107364603));
#6297=CARTESIAN_POINT('',(-17.069054579487,0.,2.62544107364603));
#6298=CARTESIAN_POINT('',(-16.9955412203088,13.3677448151115,4.2505800573761));
#6299=CARTESIAN_POINT('Ctrl Pts',(-17.069054579487,11.7426058313814,2.62544107364603));
#6300=CARTESIAN_POINT('Ctrl Pts',(-17.069054579487,11.7426058313814,2.82961625405064));
#6301=CARTESIAN_POINT('Ctrl Pts',(-17.0652246013382,11.783433039226,3.04732507319102));
#6302=CARTESIAN_POINT('Ctrl Pts',(-17.0513798773236,11.9493191175332,3.44769313226085));
#6303=CARTESIAN_POINT('Ctrl Pts',(-17.0415619408702,12.0743718476717,3.63036169773852));
#6304=CARTESIAN_POINT('Ctrl Pts',(-17.0231090501293,12.362824516647,3.91881436671388));
#6305=CARTESIAN_POINT('Ctrl Pts',(-17.0132735943141,12.5454929387773,4.0438668435152));
#6306=CARTESIAN_POINT('Ctrl Pts',(-16.9993887736737,12.9458605203975,4.20975273046713));
#6307=CARTESIAN_POINT('Ctrl Pts',(-16.9955412203088,13.1635691737283,4.2505800573761));
#6308=CARTESIAN_POINT('Ctrl Pts',(-16.9955412203088,13.3677448151115,4.2505800573761));
#6309=CARTESIAN_POINT('',(-16.9955412203088,31.302665432424,4.2505800573761));
#6310=CARTESIAN_POINT('',(-16.9955412203088,0.,4.2505800573761));
#6311=CARTESIAN_POINT('',(-17.069054579487,32.9278044161541,2.62544107364603));
#6312=CARTESIAN_POINT('Ctrl Pts',(-16.9955412203088,31.3026654324241,4.2505800573761));
#6313=CARTESIAN_POINT('Ctrl Pts',(-16.9955412203088,31.5068410738072,4.2505800573761));
#6314=CARTESIAN_POINT('Ctrl Pts',(-16.9993887736737,31.724549727138,4.20975273046713));
#6315=CARTESIAN_POINT('Ctrl Pts',(-17.0132735943141,32.1249173087582,4.0438668435152));
#6316=CARTESIAN_POINT('Ctrl Pts',(-17.0231090501293,32.3075857308885,3.91881436671388));
#6317=CARTESIAN_POINT('Ctrl Pts',(-17.0415619408702,32.5960383998639,3.63036169773852));
#6318=CARTESIAN_POINT('Ctrl Pts',(-17.0513798773236,32.7210911300023,3.44769313226085));
#6319=CARTESIAN_POINT('Ctrl Pts',(-17.0652246013382,32.8869772083095,3.04732507319102));
#6320=CARTESIAN_POINT('Ctrl Pts',(-17.069054579487,32.9278044161541,2.82961625405064));
#6321=CARTESIAN_POINT('Ctrl Pts',(-17.069054579487,32.9278044161541,2.62544107364603));
#6322=CARTESIAN_POINT('',(-17.069054579487,0.,2.62544107364603));
#6323=CARTESIAN_POINT('',(-16.9955412203088,31.302665432424,1.00030208991596));
#6324=CARTESIAN_POINT('Ctrl Pts',(-17.069054579487,32.9278044161541,2.62544107364603));
#6325=CARTESIAN_POINT('Ctrl Pts',(-17.069054579487,32.9278044161541,2.42126589324142));
#6326=CARTESIAN_POINT('Ctrl Pts',(-17.0652246013382,32.8869772083095,2.20355707410104));
#6327=CARTESIAN_POINT('Ctrl Pts',(-17.0513798773236,32.7210911300023,1.80318901503121));
#6328=CARTESIAN_POINT('Ctrl Pts',(-17.0415619408702,32.5960383998639,1.62052044955354));
#6329=CARTESIAN_POINT('Ctrl Pts',(-17.0231090501293,32.3075857308885,1.33206778057818));
#6330=CARTESIAN_POINT('Ctrl Pts',(-17.0132735943141,32.1249173087582,1.20701530377686));
#6331=CARTESIAN_POINT('Ctrl Pts',(-16.9993887736737,31.724549727138,1.04112941682493));
#6332=CARTESIAN_POINT('Ctrl Pts',(-16.9955412203088,31.5068410738072,1.00030208991596));
#6333=CARTESIAN_POINT('Ctrl Pts',(-16.9955412203088,31.302665432424,1.00030208991596));
#6334=CARTESIAN_POINT('',(-16.9955412203088,13.3677448151115,1.00030208991596));
#6335=CARTESIAN_POINT('',(-16.9955412203088,0.,1.00030208991596));
#6336=CARTESIAN_POINT('Ctrl Pts',(-16.9955412203088,13.3677448151115,1.00030208991596));
#6337=CARTESIAN_POINT('Ctrl Pts',(-16.9955412203088,13.1635691737283,1.00030208991596));
#6338=CARTESIAN_POINT('Ctrl Pts',(-16.9993887736737,12.9458605203975,1.04112941682493));
#6339=CARTESIAN_POINT('Ctrl Pts',(-17.0132735943141,12.5454929387773,1.20701530377686));
#6340=CARTESIAN_POINT('Ctrl Pts',(-17.0231090501293,12.362824516647,1.33206778057817));
#6341=CARTESIAN_POINT('Ctrl Pts',(-17.0415619408702,12.0743718476717,1.62052044955354));
#6342=CARTESIAN_POINT('Ctrl Pts',(-17.0513798773236,11.9493191175332,1.80318901503121));
#6343=CARTESIAN_POINT('Ctrl Pts',(-17.0652246013382,11.783433039226,2.20355707410104));
#6344=CARTESIAN_POINT('Ctrl Pts',(-17.069054579487,11.7426058313814,2.42126589324142));
#6345=CARTESIAN_POINT('Ctrl Pts',(-17.069054579487,11.7426058313814,2.62544107364603));
#6346=CARTESIAN_POINT('',(18.8574320613347,31.302665432424,4.2505800573761));
#6347=CARTESIAN_POINT('',(18.8574320613347,13.3677448151115,4.2505800573761));
#6348=CARTESIAN_POINT('',(18.8574320613347,0.,4.2505800573761));
#6349=CARTESIAN_POINT('',(18.8574320613347,13.3677448151115,1.00030208991596));
#6350=CARTESIAN_POINT('Ctrl Pts',(18.8574320613347,13.3677448151115,4.2505800573761));
#6351=CARTESIAN_POINT('Ctrl Pts',(18.8574320613347,13.1635691737283,4.2505800573761));
#6352=CARTESIAN_POINT('Ctrl Pts',(18.8612796146996,12.9458605203975,4.20975273046713));
#6353=CARTESIAN_POINT('Ctrl Pts',(18.87516443534,12.5454929387773,4.0438668435152));
#6354=CARTESIAN_POINT('Ctrl Pts',(18.8849998911552,12.362824516647,3.91881436671388));
#6355=CARTESIAN_POINT('Ctrl Pts',(18.9034527818961,12.0743718476717,3.63036169773852));
#6356=CARTESIAN_POINT('Ctrl Pts',(18.9132707183495,11.9493191175332,3.44769313226085));
#6357=CARTESIAN_POINT('Ctrl Pts',(18.9271154423641,11.783433039226,3.04732507319102));
#6358=CARTESIAN_POINT('Ctrl Pts',(18.930945420513,11.7426058313814,2.82961625405064));
#6359=CARTESIAN_POINT('Ctrl Pts',(18.930945420513,11.7426058313814,2.42126589324142));
#6360=CARTESIAN_POINT('Ctrl Pts',(18.9271154423641,11.783433039226,2.20355707410104));
#6361=CARTESIAN_POINT('Ctrl Pts',(18.9132707183495,11.9493191175332,1.80318901503121));
#6362=CARTESIAN_POINT('Ctrl Pts',(18.9034527818961,12.0743718476717,1.62052044955354));
#6363=CARTESIAN_POINT('Ctrl Pts',(18.8849998911552,12.362824516647,1.33206778057817));
#6364=CARTESIAN_POINT('Ctrl Pts',(18.87516443534,12.5454929387773,1.20701530377686));
#6365=CARTESIAN_POINT('Ctrl Pts',(18.8612796146996,12.9458605203975,1.04112941682493));
#6366=CARTESIAN_POINT('Ctrl Pts',(18.8574320613347,13.1635691737283,1.00030208991596));
#6367=CARTESIAN_POINT('Ctrl Pts',(18.8574320613347,13.3677448151115,1.00030208991596));
#6368=CARTESIAN_POINT('',(18.8574320613347,31.302665432424,1.00030208991596));
#6369=CARTESIAN_POINT('',(18.8574320613347,0.,1.00030208991596));
#6370=CARTESIAN_POINT('Ctrl Pts',(18.8574320613347,31.302665432424,1.00030208991596));
#6371=CARTESIAN_POINT('Ctrl Pts',(18.8574320613347,31.5068410738072,1.00030208991596));
#6372=CARTESIAN_POINT('Ctrl Pts',(18.8612796146996,31.724549727138,1.04112941682493));
#6373=CARTESIAN_POINT('Ctrl Pts',(18.87516443534,32.1249173087582,1.20701530377686));
#6374=CARTESIAN_POINT('Ctrl Pts',(18.8849998911552,32.3075857308885,1.33206778057818));
#6375=CARTESIAN_POINT('Ctrl Pts',(18.9034527818961,32.5960383998639,1.62052044955354));
#6376=CARTESIAN_POINT('Ctrl Pts',(18.9132707183495,32.7210911300023,1.80318901503121));
#6377=CARTESIAN_POINT('Ctrl Pts',(18.9271154423641,32.8869772083095,2.20355707410104));
#6378=CARTESIAN_POINT('Ctrl Pts',(18.930945420513,32.9278044161541,2.42126589324142));
#6379=CARTESIAN_POINT('Ctrl Pts',(18.930945420513,32.9278044161541,2.82961625405064));
#6380=CARTESIAN_POINT('Ctrl Pts',(18.9271154423641,32.8869772083095,3.04732507319102));
#6381=CARTESIAN_POINT('Ctrl Pts',(18.9132707183495,32.7210911300023,3.44769313226085));
#6382=CARTESIAN_POINT('Ctrl Pts',(18.9034527818961,32.5960383998639,3.63036169773851));
#6383=CARTESIAN_POINT('Ctrl Pts',(18.8849998911552,32.3075857308885,3.91881436671388));
#6384=CARTESIAN_POINT('Ctrl Pts',(18.87516443534,32.1249173087582,4.0438668435152));
#6385=CARTESIAN_POINT('Ctrl Pts',(18.8612796146996,31.724549727138,4.20975273046713));
#6386=CARTESIAN_POINT('Ctrl Pts',(18.8574320613347,31.5068410738072,4.2505800573761));
#6387=CARTESIAN_POINT('Ctrl Pts',(18.8574320613347,31.302665432424,4.2505800573761));
#6388=CARTESIAN_POINT('',(14.4861464994405,31.302665432424,-9.21755363672352));
#6389=CARTESIAN_POINT('',(14.4861464994405,13.3677448151115,-9.21755363672352));
#6390=CARTESIAN_POINT('',(14.4861464994405,0.,-9.21755363672352));
#6391=CARTESIAN_POINT('',(12.1347064139739,13.3677448151115,-11.4627007343215));
#6392=CARTESIAN_POINT('Ctrl Pts',(14.4861464994405,13.3677448151115,-9.21755363672352));
#6393=CARTESIAN_POINT('Ctrl Pts',(14.4861464994405,13.1635888302251,-9.21755363672352));
#6394=CARTESIAN_POINT('Ctrl Pts',(14.4593319648208,12.9458707905635,-9.2484658414486));
#6395=CARTESIAN_POINT('Ctrl Pts',(14.3491034343358,12.5454301680927,-9.3728897860613));
#6396=CARTESIAN_POINT('Ctrl Pts',(14.2655503810352,12.3627011330618,-9.46625748727568));
#6397=CARTESIAN_POINT('Ctrl Pts',(14.0698269935623,12.0742080103195,-9.67864915695841));
#6398=CARTESIAN_POINT('Ctrl Pts',(13.9445902675461,11.9491773364772,-9.81180632225118));
#6399=CARTESIAN_POINT('Ctrl Pts',(13.6647633754775,11.7833748796013,-10.0981572884941));
#6400=CARTESIAN_POINT('Ctrl Pts',(13.510031238866,11.7426058313814,-10.2512139029424));
#6401=CARTESIAN_POINT('Ctrl Pts',(13.2146294986334,11.7426058313814,-10.5333158570962));
#6402=CARTESIAN_POINT('Ctrl Pts',(13.0543660098928,11.7834931227026,-10.6810570756459));
#6403=CARTESIAN_POINT('Ctrl Pts',(12.7548820765489,11.9494941459431,-10.9478688299561));
#6404=CARTESIAN_POINT('Ctrl Pts',(12.6157897326641,12.0745989356964,-11.0670886800513));
#6405=CARTESIAN_POINT('Ctrl Pts',(12.3941568688683,12.3630407885096,-11.2531647047696));
#6406=CARTESIAN_POINT('Ctrl Pts',(12.2967781584956,12.545618647354,-11.3325243471103));
#6407=CARTESIAN_POINT('Ctrl Pts',(12.1669775164489,12.9458691899305,-11.4372235133129));
#6408=CARTESIAN_POINT('Ctrl Pts',(12.1347064139739,13.1635547418065,-11.4627007343215));
#6409=CARTESIAN_POINT('Ctrl Pts',(12.1347064139739,13.3677448151115,-11.4627007343215));
#6410=CARTESIAN_POINT('',(12.1347064139739,31.302665432424,-11.4627007343215));
#6411=CARTESIAN_POINT('',(12.1347064139739,0.,-11.4627007343215));
#6412=CARTESIAN_POINT('Ctrl Pts',(12.1347064139739,31.302665432424,-11.4627007343215));
#6413=CARTESIAN_POINT('Ctrl Pts',(12.1347064139739,31.506855505729,-11.4627007343215));
#6414=CARTESIAN_POINT('Ctrl Pts',(12.1669775164489,31.724541057605,-11.4372235133129));
#6415=CARTESIAN_POINT('Ctrl Pts',(12.2967781584956,32.1247916001815,-11.3325243471103));
#6416=CARTESIAN_POINT('Ctrl Pts',(12.3941568688683,32.3073694590259,-11.2531647047696));
#6417=CARTESIAN_POINT('Ctrl Pts',(12.6157897326641,32.5958113118391,-11.0670886800513));
#6418=CARTESIAN_POINT('Ctrl Pts',(12.7548820765489,32.7209161015924,-10.9478688299561));
#6419=CARTESIAN_POINT('Ctrl Pts',(13.0543660098928,32.8869171248329,-10.6810570756459));
#6420=CARTESIAN_POINT('Ctrl Pts',(13.2146294986334,32.9278044161541,-10.5333158570962));
#6421=CARTESIAN_POINT('Ctrl Pts',(13.510031238866,32.9278044161541,-10.2512139029424));
#6422=CARTESIAN_POINT('Ctrl Pts',(13.6647633754775,32.8870353679342,-10.0981572884941));
#6423=CARTESIAN_POINT('Ctrl Pts',(13.9445902675461,32.7212329110584,-9.81180632225118));
#6424=CARTESIAN_POINT('Ctrl Pts',(14.0698269935623,32.596202237216,-9.67864915695841));
#6425=CARTESIAN_POINT('Ctrl Pts',(14.2655503810352,32.3077091144737,-9.46625748727568));
#6426=CARTESIAN_POINT('Ctrl Pts',(14.3491034343358,32.1249800794428,-9.37288978606129));
#6427=CARTESIAN_POINT('Ctrl Pts',(14.4593319648208,31.724539456972,-9.2484658414486));
#6428=CARTESIAN_POINT('Ctrl Pts',(14.4861464994405,31.5068214173104,-9.21755363672352));
#6429=CARTESIAN_POINT('Ctrl Pts',(14.4861464994405,31.302665432424,-9.21755363672352));
#6430=CARTESIAN_POINT('',(-1.55638687549487,31.302665432424,-15.2018744295147));
#6431=CARTESIAN_POINT('',(-1.55638687549487,13.3677448151115,-15.2018744295147));
#6432=CARTESIAN_POINT('',(-1.55638687549487,0.,-15.2018744295147));
#6433=CARTESIAN_POINT('',(-4.9528048638263,13.3677448151115,-14.3857753023671));
#6434=CARTESIAN_POINT('Ctrl Pts',(-1.55638687549487,13.3677448151115,-15.2018744295147));
#6435=CARTESIAN_POINT('Ctrl Pts',(-1.55638687549487,13.1586902907322,-15.2018744295147));
#6436=CARTESIAN_POINT('Ctrl Pts',(-1.60415628875205,12.9382469396462,-15.1953918282345));
#6437=CARTESIAN_POINT('Ctrl Pts',(-1.7900355628838,12.5383540538392,-15.1679590602683));
#6438=CARTESIAN_POINT('Ctrl Pts',(-1.92778701674996,12.3587540104716,-15.1467762597217));
#6439=CARTESIAN_POINT('Ctrl Pts',(-2.24051647962438,12.0721400291301,-15.0937039914254));
#6440=CARTESIAN_POINT('Ctrl Pts',(-2.43907760824582,11.947719660591,-15.0576136072529));
#6441=CARTESIAN_POINT('Ctrl Pts',(-2.86614316290115,11.7829417429288,-14.9708538871173));
#6442=CARTESIAN_POINT('Ctrl Pts',(-3.09461873266649,11.7426058313814,-14.9200015144622));
#6443=CARTESIAN_POINT('Ctrl Pts',(-3.51499928477358,11.7426058313814,-14.8181654358351));
#6444=CARTESIAN_POINT('Ctrl Pts',(-3.73717571716643,11.7815410292385,-14.7600065856393));
#6445=CARTESIAN_POINT('Ctrl Pts',(-4.14625758187878,11.9455928991781,-14.6449716287008));
#6446=CARTESIAN_POINT('Ctrl Pts',(-4.3331677098183,12.0708458915105,-14.5883067646335));
#6447=CARTESIAN_POINT('Ctrl Pts',(-4.62311958277415,12.3607888753982,-14.4969007878746));
#6448=CARTESIAN_POINT('Ctrl Pts',(-4.74718362293741,12.5422515600669,-14.4557302881257));
#6449=CARTESIAN_POINT('Ctrl Pts',(-4.91198323872006,12.942719058252,-14.4000618294742));
#6450=CARTESIAN_POINT('Ctrl Pts',(-4.95280486382631,13.1617178191516,-14.3857753023671));
#6451=CARTESIAN_POINT('Ctrl Pts',(-4.95280486382631,13.3677448151115,-14.3857753023671));
#6452=CARTESIAN_POINT('',(-4.9528048638263,31.302665432424,-14.3857753023671));
#6453=CARTESIAN_POINT('',(-4.9528048638263,0.,-14.3857753023671));
#6454=CARTESIAN_POINT('Ctrl Pts',(-4.95280486382631,31.302665432424,-14.3857753023671));
#6455=CARTESIAN_POINT('Ctrl Pts',(-4.95280486382631,31.5058025496476,-14.3857753023671));
#6456=CARTESIAN_POINT('Ctrl Pts',(-4.91310918380494,31.721944871353,-14.3996642213915));
#6457=CARTESIAN_POINT('Ctrl Pts',(-4.75251137944645,32.1181044884798,-14.4539471889733));
#6458=CARTESIAN_POINT('Ctrl Pts',(-4.63153052404139,32.2981174782492,-14.4941395160909));
#6459=CARTESIAN_POINT('Ctrl Pts',(-4.34455253872141,32.5912232908003,-14.5848256984909));
#6460=CARTESIAN_POINT('Ctrl Pts',(-4.15617161228868,32.7195928518696,-14.6420818703039));
#6461=CARTESIAN_POINT('Ctrl Pts',(-3.74280144919359,32.8878158635357,-14.7585227596941));
#6462=CARTESIAN_POINT('Ctrl Pts',(-3.51780479272325,32.9278044161541,-14.8174858089429));
#6463=CARTESIAN_POINT('Ctrl Pts',(-3.08966627895309,32.9278044161541,-14.921201233296));
#6464=CARTESIAN_POINT('Ctrl Pts',(-2.8561338529826,32.8855877694344,-14.9730615380105));
#6465=CARTESIAN_POINT('Ctrl Pts',(-2.42104182721789,32.713618734745,-15.0610918000914));
#6466=CARTESIAN_POINT('Ctrl Pts',(-2.21951137046496,32.5838947580918,-15.0974611822286));
#6467=CARTESIAN_POINT('Ctrl Pts',(-1.91172073901455,32.2918012631591,-15.1493000075297));
#6468=CARTESIAN_POINT('Ctrl Pts',(-1.77970904301316,32.1146340854017,-15.1695141197766));
#6469=CARTESIAN_POINT('Ctrl Pts',(-1.60187027550182,31.7221028877687,-15.1956958920384));
#6470=CARTESIAN_POINT('Ctrl Pts',(-1.55638687549487,31.506597347119,-15.2018744295147));
#6471=CARTESIAN_POINT('Ctrl Pts',(-1.55638687549487,31.302665432424,-15.2018744295147));
#6472=CARTESIAN_POINT('',(-12.9371921090193,31.302665432424,14.1004034466553));
#6473=CARTESIAN_POINT('',(-12.9371921090193,13.3677448151115,14.1004034466553));
#6474=CARTESIAN_POINT('',(-12.9371921090193,0.,14.1004034466553));
#6475=CARTESIAN_POINT('',(-10.6099829333448,13.3677448151115,16.4387307879437));
#6476=CARTESIAN_POINT('Ctrl Pts',(-12.9371921090193,13.3677448151115,14.1004034466553));
#6477=CARTESIAN_POINT('Ctrl Pts',(-12.9371921090193,13.1638491917112,14.1004034466553));
#6478=CARTESIAN_POINT('Ctrl Pts',(-12.9112636750919,12.9463985654469,14.1319671268574));
#6479=CARTESIAN_POINT('Ctrl Pts',(-12.8045189636266,12.5465289970148,14.2591813422514));
#6480=CARTESIAN_POINT('Ctrl Pts',(-12.723540110223,12.3641163948285,14.3547153105729));
#6481=CARTESIAN_POINT('Ctrl Pts',(-12.5325823359537,12.0746330645826,14.5734419717554));
#6482=CARTESIAN_POINT('Ctrl Pts',(-12.4095027214917,11.9490291952702,14.711526274319));
#6483=CARTESIAN_POINT('Ctrl Pts',(-12.1342039391156,11.7830334143851,15.008610470973));
#6484=CARTESIAN_POINT('Ctrl Pts',(-11.9818463301298,11.7426058313814,15.167462108877));
#6485=CARTESIAN_POINT('Ctrl Pts',(-11.6894588811095,11.7426058313814,15.461676596839));
#6486=CARTESIAN_POINT('Ctrl Pts',(-11.5296895816497,11.7839411422347,15.6167740491719));
#6487=CARTESIAN_POINT('Ctrl Pts',(-11.2301073863137,11.9514616882197,15.8976282246505));
#6488=CARTESIAN_POINT('Ctrl Pts',(-11.0904243126074,12.0776309437526,16.0235329234145));
#6489=CARTESIAN_POINT('Ctrl Pts',(-10.8694215743444,12.3667171492223,16.2185490792003));
#6490=CARTESIAN_POINT('Ctrl Pts',(-10.7724116342291,12.5479690949186,16.30164942511));
#6491=CARTESIAN_POINT('Ctrl Pts',(-10.6425819284493,12.9463756284155,16.411691688134));
#6492=CARTESIAN_POINT('Ctrl Pts',(-10.6099829333448,13.1635752790299,16.4387307879437));
#6493=CARTESIAN_POINT('Ctrl Pts',(-10.6099829333448,13.3677448151115,16.4387307879437));
#6494=CARTESIAN_POINT('',(-10.6099829333448,31.302665432424,16.4387307879437));
#6495=CARTESIAN_POINT('',(-10.6099829333448,0.,16.4387307879437));
#6496=CARTESIAN_POINT('Ctrl Pts',(-10.6099829333448,31.302665432424,16.4387307879437));
#6497=CARTESIAN_POINT('Ctrl Pts',(-10.6099829333448,31.5068349685057,16.4387307879437));
#6498=CARTESIAN_POINT('Ctrl Pts',(-10.6425819284493,31.72403461912,16.4116916881339));
#6499=CARTESIAN_POINT('Ctrl Pts',(-10.7724116342291,32.1224411526169,16.30164942511));
#6500=CARTESIAN_POINT('Ctrl Pts',(-10.8694215743444,32.3036930983132,16.2185490792003));
#6501=CARTESIAN_POINT('Ctrl Pts',(-11.0904243126074,32.5927793037829,16.0235329234145));
#6502=CARTESIAN_POINT('Ctrl Pts',(-11.2301073863137,32.7189485593158,15.8976282246505));
#6503=CARTESIAN_POINT('Ctrl Pts',(-11.5296895816497,32.8864691053008,15.6167740491719));
#6504=CARTESIAN_POINT('Ctrl Pts',(-11.6894588811095,32.9278044161541,15.461676596839));
#6505=CARTESIAN_POINT('Ctrl Pts',(-11.9818463301298,32.9278044161541,15.167462108877));
#6506=CARTESIAN_POINT('Ctrl Pts',(-12.1342039391156,32.8873768331504,15.008610470973));
#6507=CARTESIAN_POINT('Ctrl Pts',(-12.4095027214917,32.7213810522653,14.711526274319));
#6508=CARTESIAN_POINT('Ctrl Pts',(-12.5325823359537,32.595777182953,14.5734419717554));
#6509=CARTESIAN_POINT('Ctrl Pts',(-12.723540110223,32.3062938527071,14.3547153105729));
#6510=CARTESIAN_POINT('Ctrl Pts',(-12.8045189636266,32.1238812505207,14.2591813422514));
#6511=CARTESIAN_POINT('Ctrl Pts',(-12.9112636750919,31.7240116820886,14.1319671268574));
#6512=CARTESIAN_POINT('Ctrl Pts',(-12.9371921090193,31.5065610558244,14.1004034466553));
#6513=CARTESIAN_POINT('Ctrl Pts',(-12.9371921090193,31.302665432424,14.1004034466553));
#6514=CARTESIAN_POINT('',(2.03608984532695,31.302665432424,20.5914828135592));
#6515=CARTESIAN_POINT('',(2.03608984532695,13.3677448151115,20.5914828135592));
#6516=CARTESIAN_POINT('',(2.03608984532696,0.,20.5914828135592));
#6517=CARTESIAN_POINT('',(5.55369528422314,13.3677448151115,20.0217103201703));
#6518=CARTESIAN_POINT('Ctrl Pts',(2.03608984532695,13.3677448151115,20.5914828135592));
#6519=CARTESIAN_POINT('Ctrl Pts',(2.03608984532695,13.1648556929035,20.5914828135592));
#6520=CARTESIAN_POINT('Ctrl Pts',(2.07857799629957,12.9491879544591,20.5890221204349));
#6521=CARTESIAN_POINT('Ctrl Pts',(2.24911061921914,12.5544045542885,20.5773141007695));
#6522=CARTESIAN_POINT('Ctrl Pts',(2.37713820575388,12.3752882258247,20.5678443745407));
#6523=CARTESIAN_POINT('Ctrl Pts',(2.68094769532435,12.0808849952058,20.5408752334181));
#6524=CARTESIAN_POINT('Ctrl Pts',(2.88129613906072,11.9515405561997,20.5208095442269));
#6525=CARTESIAN_POINT('Ctrl Pts',(3.31664947668384,11.782482945213,20.4679884487135));
#6526=CARTESIAN_POINT('Ctrl Pts',(3.55156516015634,11.7426058313814,20.435022848347));
#6527=CARTESIAN_POINT('Ctrl Pts',(3.99582006901507,11.7426058313814,20.3640690294476));
#6528=CARTESIAN_POINT('Ctrl Pts',(4.23708842330343,11.7850987253817,20.3206764618793));
#6529=CARTESIAN_POINT('Ctrl Pts',(4.68403344762518,11.9585552677669,20.2312999640107));
#6530=CARTESIAN_POINT('Ctrl Pts',(4.8897656019079,12.0894766471777,20.1855115812594));
#6531=CARTESIAN_POINT('Ctrl Pts',(5.19957749891109,12.3826743666735,20.1126153519748));
#6532=CARTESIAN_POINT('Ctrl Pts',(5.33097064449285,12.5584529241732,20.0796139100561));
#6533=CARTESIAN_POINT('Ctrl Pts',(5.50818097629859,12.9489611098877,20.0339816842998));
#6534=CARTESIAN_POINT('Ctrl Pts',(5.55369528422314,13.1638700199275,20.0217103201703));
#6535=CARTESIAN_POINT('Ctrl Pts',(5.55369528422314,13.3677448151115,20.0217103201703));
#6536=CARTESIAN_POINT('',(5.55369528422314,31.302665432424,20.0217103201703));
#6537=CARTESIAN_POINT('',(5.55369528422314,0.,20.0217103201703));
#6538=CARTESIAN_POINT('Ctrl Pts',(5.55369528422315,31.302665432424,20.0217103201703));
#6539=CARTESIAN_POINT('Ctrl Pts',(5.55369528422315,31.506540227608,20.0217103201703));
#6540=CARTESIAN_POINT('Ctrl Pts',(5.50818097629859,31.7214491376478,20.0339816842998));
#6541=CARTESIAN_POINT('Ctrl Pts',(5.33097064449285,32.1119573233623,20.0796139100561));
#6542=CARTESIAN_POINT('Ctrl Pts',(5.19957749891109,32.287735880862,20.1126153519748));
#6543=CARTESIAN_POINT('Ctrl Pts',(4.8897656019079,32.5809336003578,20.1855115812594));
#6544=CARTESIAN_POINT('Ctrl Pts',(4.68403344762518,32.7118549797686,20.2312999640107));
#6545=CARTESIAN_POINT('Ctrl Pts',(4.23708842330343,32.8853115221538,20.3206764618793));
#6546=CARTESIAN_POINT('Ctrl Pts',(3.99582006901507,32.9278044161541,20.3640690294476));
#6547=CARTESIAN_POINT('Ctrl Pts',(3.55156516015634,32.9278044161541,20.435022848347));
#6548=CARTESIAN_POINT('Ctrl Pts',(3.31664947668384,32.8879273023225,20.4679884487135));
#6549=CARTESIAN_POINT('Ctrl Pts',(2.88129613906072,32.7188696913358,20.5208095442269));
#6550=CARTESIAN_POINT('Ctrl Pts',(2.68094769532436,32.5895252523297,20.5408752334181));
#6551=CARTESIAN_POINT('Ctrl Pts',(2.37713820575388,32.2951220217108,20.5678443745407));
#6552=CARTESIAN_POINT('Ctrl Pts',(2.24911061921913,32.116005693247,20.5773141007695));
#6553=CARTESIAN_POINT('Ctrl Pts',(2.07857799629957,31.7212222930764,20.5890221204349));
#6554=CARTESIAN_POINT('Ctrl Pts',(2.03608984532695,31.5055545546321,20.5914828135592));
#6555=CARTESIAN_POINT('Ctrl Pts',(2.03608984532695,31.302665432424,20.5914828135592));
#6556=CARTESIAN_POINT('',(13.7339533765495,31.302665432424,15.2778316492513));
#6557=CARTESIAN_POINT('',(13.7339533765495,13.3677448151115,15.2778316492513));
#6558=CARTESIAN_POINT('',(13.7339533765495,0.,15.2778316492513));
#6559=CARTESIAN_POINT('',(15.8255933476447,13.3677448151115,12.7323428307024));
#6560=CARTESIAN_POINT('Ctrl Pts',(13.7339533765496,13.3677448151115,15.2778316492513));
#6561=CARTESIAN_POINT('Ctrl Pts',(13.7339533765496,13.1635697812291,15.2778316492513));
#6562=CARTESIAN_POINT('Ctrl Pts',(13.7637671013993,12.9463292289281,15.2478777494487));
#6563=CARTESIAN_POINT('Ctrl Pts',(13.8823622695286,12.5477756913962,15.1261619110445));
#6564=CARTESIAN_POINT('Ctrl Pts',(13.9709190939136,12.3664199272529,15.0343213104466));
#6565=CARTESIAN_POINT('Ctrl Pts',(14.1720765369305,12.0773995237883,14.8194781391888));
#6566=CARTESIAN_POINT('Ctrl Pts',(14.2988815169328,11.9513189265614,14.6811566590937));
#6567=CARTESIAN_POINT('Ctrl Pts',(14.5698814516487,11.7839141197296,14.373692760186));
#6568=CARTESIAN_POINT('Ctrl Pts',(14.713933159047,11.7426058313814,14.2044154456487));
#6569=CARTESIAN_POINT('Ctrl Pts',(14.9766765782333,11.7426058313814,13.8842076263605));
#6570=CARTESIAN_POINT('Ctrl Pts',(15.1130916280366,11.7830505402989,13.7118127221433));
#6571=CARTESIAN_POINT('Ctrl Pts',(15.358621886369,11.9490047758344,13.390340477373));
#6572=CARTESIAN_POINT('Ctrl Pts',(15.4678893900877,12.0745471731746,13.2413964566496));
#6573=CARTESIAN_POINT('Ctrl Pts',(15.6371010555485,12.363945071808,13.0057026702901));
#6574=CARTESIAN_POINT('Ctrl Pts',(15.7086269436083,12.5464050398382,12.9029417014311));
#6575=CARTESIAN_POINT('Ctrl Pts',(15.8027870177521,12.9463501200401,12.7662111546344));
#6576=CARTESIAN_POINT('Ctrl Pts',(15.8255933476447,13.1638292950504,12.7323428307024));
#6577=CARTESIAN_POINT('Ctrl Pts',(15.8255933476447,13.3677448151115,12.7323428307024));
#6578=CARTESIAN_POINT('',(15.8255933476447,31.302665432424,12.7323428307024));
#6579=CARTESIAN_POINT('',(15.8255933476447,0.,12.7323428307024));
#6580=CARTESIAN_POINT('Ctrl Pts',(15.8255933476447,31.302665432424,12.7323428307024));
#6581=CARTESIAN_POINT('Ctrl Pts',(15.8255933476447,31.5065809524851,12.7323428307024));
#6582=CARTESIAN_POINT('Ctrl Pts',(15.8027870177521,31.7240601274955,12.7662111546344));
#6583=CARTESIAN_POINT('Ctrl Pts',(15.7086269436083,32.1240052076974,12.9029417014311));
#6584=CARTESIAN_POINT('Ctrl Pts',(15.6371010555485,32.3064651757275,13.0057026702901));
#6585=CARTESIAN_POINT('Ctrl Pts',(15.4678893900877,32.595863074361,13.2413964566496));
#6586=CARTESIAN_POINT('Ctrl Pts',(15.358621886369,32.7214054717011,13.390340477373));
#6587=CARTESIAN_POINT('Ctrl Pts',(15.1130916280366,32.8873597072366,13.7118127221433));
#6588=CARTESIAN_POINT('Ctrl Pts',(14.9766765782333,32.9278044161541,13.8842076263605));
#6589=CARTESIAN_POINT('Ctrl Pts',(14.713933159047,32.9278044161541,14.2044154456487));
#6590=CARTESIAN_POINT('Ctrl Pts',(14.5698814516487,32.8864961278059,14.373692760186));
#6591=CARTESIAN_POINT('Ctrl Pts',(14.2988815169328,32.7190913209741,14.6811566590937));
#6592=CARTESIAN_POINT('Ctrl Pts',(14.1720765369305,32.5930107237472,14.8194781391888));
#6593=CARTESIAN_POINT('Ctrl Pts',(13.9709190939136,32.3039903202826,15.0343213104466));
#6594=CARTESIAN_POINT('Ctrl Pts',(13.8823622695286,32.1226345561393,15.1261619110445));
#6595=CARTESIAN_POINT('Ctrl Pts',(13.7637671013993,31.7240810186074,15.2478777494487));
#6596=CARTESIAN_POINT('Ctrl Pts',(13.7339533765495,31.5068404663064,15.2778316492513));
#6597=CARTESIAN_POINT('Ctrl Pts',(13.7339533765495,31.302665432424,15.2778316492513));
#6598=CARTESIAN_POINT('',(-14.6617094437817,12.906408235917,-6.36728455782907));
#6599=CARTESIAN_POINT('',(-14.6617094437817,30.8413288532296,-6.36728455782907));
#6600=CARTESIAN_POINT('',(-14.6617094437817,0.,-6.36728455782907));
#6601=CARTESIAN_POINT('',(-12.7827845549487,30.8413288532296,-9.03361592767808));
#6602=CARTESIAN_POINT('Ctrl Pts',(-14.6617094437817,30.8413288532296,-6.36728455782907));
#6603=CARTESIAN_POINT('Ctrl Pts',(-14.6617094437817,31.0459284822682,-6.36728455782907));
#6604=CARTESIAN_POINT('Ctrl Pts',(-14.6410226721303,31.2638792256302,-6.40345159646328));
#6605=CARTESIAN_POINT('Ctrl Pts',(-14.5558517990622,31.6642037925769,-6.54877305922033));
#6606=CARTESIAN_POINT('Ctrl Pts',(-14.4912168478282,31.8466014027052,-6.6577734654245));
#6607=CARTESIAN_POINT('Ctrl Pts',(-14.3389602976275,32.1347385620589,-6.90615139845459));
#6608=CARTESIAN_POINT('Ctrl Pts',(-14.2410264440718,32.259695600087,-7.06227699939302));
#6609=CARTESIAN_POINT('Ctrl Pts',(-14.0203281110917,32.4255671181922,-7.39952932548821));
#6610=CARTESIAN_POINT('Ctrl Pts',(-13.8973974247971,32.4664678369597,-7.58055402458585));
#6611=CARTESIAN_POINT('Ctrl Pts',(-13.6614065143076,32.4664678369597,-7.91519534577246));
#6612=CARTESIAN_POINT('Ctrl Pts',(-13.5326526561506,32.4258447718726,-8.09111291987927));
#6613=CARTESIAN_POINT('Ctrl Pts',(-13.2903569496234,32.2601148141487,-8.4106251510271));
#6614=CARTESIAN_POINT('Ctrl Pts',(-13.1769759928789,32.1349984849503,-8.55433689124861));
#6615=CARTESIAN_POINT('Ctrl Pts',(-12.9957765776673,31.8462541260438,-8.77926166875099));
#6616=CARTESIAN_POINT('Ctrl Pts',(-12.9158883662158,31.6635075492976,-8.87551857863296));
#6617=CARTESIAN_POINT('Ctrl Pts',(-12.8093164962404,31.2630837519021,-9.00263190942132));
#6618=CARTESIAN_POINT('Ctrl Pts',(-12.7827845549487,31.0454066819928,-9.03361592767808));
#6619=CARTESIAN_POINT('Ctrl Pts',(-12.7827845549487,30.8413288532296,-9.03361592767808));
#6620=CARTESIAN_POINT('',(-12.7827845549487,12.906408235917,-9.03361592767808));
#6621=CARTESIAN_POINT('',(-12.7827845549487,0.,-9.03361592767808));
#6622=CARTESIAN_POINT('Ctrl Pts',(-12.7827845549487,12.906408235917,-9.03361592767808));
#6623=CARTESIAN_POINT('Ctrl Pts',(-12.7827845549487,12.7023448929466,-9.03361592767808));
#6624=CARTESIAN_POINT('Ctrl Pts',(-12.8093127476046,12.484682283142,-9.00263626180871));
#6625=CARTESIAN_POINT('Ctrl Pts',(-12.91587083135,12.0842805656819,-8.87553961206515));
#6626=CARTESIAN_POINT('Ctrl Pts',(-12.9957490442544,11.9015416085829,-8.77929506385226));
#6627=CARTESIAN_POINT('Ctrl Pts',(-13.1769395719977,11.6127818568281,-8.55438288404793));
#6628=CARTESIAN_POINT('Ctrl Pts',(-13.290325753262,11.4876496202543,-8.41066555182084));
#6629=CARTESIAN_POINT('Ctrl Pts',(-13.532635515691,11.3218980355411,-8.09113626008261));
#6630=CARTESIAN_POINT('Ctrl Pts',(-13.6613981646771,11.2812692521869,-7.91520718576824));
#6631=CARTESIAN_POINT('Ctrl Pts',(-13.8973974247971,11.2812692521869,-7.58055402458585));
#6632=CARTESIAN_POINT('Ctrl Pts',(-14.0203281110917,11.3221699709544,-7.39952932548821));
#6633=CARTESIAN_POINT('Ctrl Pts',(-14.2410264440718,11.4880414890596,-7.06227699939301));
#6634=CARTESIAN_POINT('Ctrl Pts',(-14.3389602976275,11.6129985270877,-6.9061513984546));
#6635=CARTESIAN_POINT('Ctrl Pts',(-14.4912168478282,11.9011356864414,-6.65777346542451));
#6636=CARTESIAN_POINT('Ctrl Pts',(-14.5558517990622,12.0835332965698,-6.54877305922033));
#6637=CARTESIAN_POINT('Ctrl Pts',(-14.6410226721303,12.4838578635164,-6.40345159646328));
#6638=CARTESIAN_POINT('Ctrl Pts',(-14.6617094437817,12.7018086068785,-6.36728455782908));
#6639=CARTESIAN_POINT('Ctrl Pts',(-14.6617094437817,12.906408235917,-6.36728455782908));
#6640=CARTESIAN_POINT('Origin',(-10.4583564627266,0.,1.53392784857193));
#6641=CARTESIAN_POINT('',(-10.4583564627266,0.,1.53392784857193));
#6642=CARTESIAN_POINT('',(-6.91931644232548,0.,4.72433446507054));
#6643=CARTESIAN_POINT('',(-7.04537968701345,0.,4.61068980221528));
#6644=CARTESIAN_POINT('',(-10.4583564627266,2.,1.53392784857193));
#6645=CARTESIAN_POINT('',(-10.4583564627266,0.,1.53392784857193));
#6646=CARTESIAN_POINT('',(-6.91931644232548,2.,4.72433446507054));
#6647=CARTESIAN_POINT('',(-7.04537968701345,2.,4.61068980221528));
#6648=CARTESIAN_POINT('',(-6.91931644232548,0.,4.72433446507054));
#6649=CARTESIAN_POINT('Origin',(-6.69939153316605,0.,4.48037714283665));
#6650=CARTESIAN_POINT('',(-6.47946662400663,0.,4.23641982060276));
#6651=CARTESIAN_POINT('Origin',(-6.69939153316605,0.,4.48037714283665));
#6652=CARTESIAN_POINT('',(-6.47946662400663,2.,4.23641982060276));
#6653=CARTESIAN_POINT('Origin',(-6.69939153316605,2.,4.48037714283665));
#6654=CARTESIAN_POINT('',(-6.47946662400663,0.,4.23641982060276));
#6655=CARTESIAN_POINT('Origin',(-6.47946662400663,0.,4.23641982060276));
#6656=CARTESIAN_POINT('',(-10.0185066444077,0.,1.04601320410415));
#6657=CARTESIAN_POINT('',(-4.83600985849405,0.,5.7179784659968));
#6658=CARTESIAN_POINT('',(-10.0185066444077,2.,1.04601320410415));
#6659=CARTESIAN_POINT('',(-4.83600985849405,2.,5.7179784659968));
#6660=CARTESIAN_POINT('',(-10.0185066444077,0.,1.04601320410415));
#6661=CARTESIAN_POINT('Origin',(-10.2384315535671,0.,1.28997052633804));
#6662=CARTESIAN_POINT('Origin',(-10.2384315535671,0.,1.28997052633804));
#6663=CARTESIAN_POINT('Origin',(-10.2384315535671,2.,1.28997052633804));
#6664=CARTESIAN_POINT('Origin',(18.8788613238247,0.,9.49254671747709));
#6665=CARTESIAN_POINT('',(18.8788613238247,0.,9.49254671747709));
#6666=CARTESIAN_POINT('',(18.8788613238247,0.,0.291310943455549));
#6667=CARTESIAN_POINT('',(18.8788613238247,0.,6.05899389556156));
#6668=CARTESIAN_POINT('',(18.8788613238247,2.,9.49254671747709));
#6669=CARTESIAN_POINT('',(18.8788613238247,0.,9.49254671747709));
#6670=CARTESIAN_POINT('',(18.8788613238247,2.,9.49254671747709));
#6671=CARTESIAN_POINT('',(18.8788613238247,2.,6.05899389556156));
#6672=CARTESIAN_POINT('',(18.8788613238247,2.,0.291310943455549));
#6673=CARTESIAN_POINT('',(18.8788613238247,2.,9.49254671747709));
#6674=CARTESIAN_POINT('',(18.8788613238247,0.,0.291310943455549));
#6675=CARTESIAN_POINT('Origin',(18.3590174947839,0.,0.291310943455549));
#6676=CARTESIAN_POINT('',(17.8391736657431,0.,0.291310943455549));
#6677=CARTESIAN_POINT('Origin',(18.3590174947839,0.,0.291310943455549));
#6678=CARTESIAN_POINT('Origin',(18.3590174947839,2.,0.291310943455549));
#6679=CARTESIAN_POINT('',(17.8391736657431,2.,0.291310943455549));
#6680=CARTESIAN_POINT('Origin',(18.3590174947839,2.,0.291310943455549));
#6681=CARTESIAN_POINT('',(17.8391736657431,0.,0.291310943455549));
#6682=CARTESIAN_POINT('Origin',(18.3590174947839,2.,4.89192883046632));
#6683=CARTESIAN_POINT('Origin',(17.8391736657431,0.,0.291310943455549));
#6684=CARTESIAN_POINT('',(17.8391736657431,0.,9.49254671747709));
#6685=CARTESIAN_POINT('',(17.8391736657431,0.,1.45837600855079));
#6686=CARTESIAN_POINT('',(17.8391736657431,2.,1.45837600855079));
#6687=CARTESIAN_POINT('',(17.8391736657431,2.,9.49254671747709));
#6688=CARTESIAN_POINT('',(17.8391736657431,2.,0.291310943455549));
#6689=CARTESIAN_POINT('',(17.8391736657431,0.,9.49254671747709));
#6690=CARTESIAN_POINT('Origin',(18.3590174947839,0.,9.49254671747709));
#6691=CARTESIAN_POINT('Origin',(18.3590174947839,0.,9.49254671747709));
#6692=CARTESIAN_POINT('Origin',(18.3590174947839,2.,9.49254671747709));
#6693=CARTESIAN_POINT('Origin',(18.3590174947839,2.,4.89192883046632));
#6694=CARTESIAN_POINT('Origin',(3.33094545627574,0.,-3.7745590217214));
#6695=CARTESIAN_POINT('',(3.33094545627574,0.,-3.7745590217214));
#6696=CARTESIAN_POINT('',(3.33094545627574,0.,-9.77455911112837));
#6697=CARTESIAN_POINT('',(3.33094545627574,0.,-0.574558974037686));
#6698=CARTESIAN_POINT('',(3.33094545627574,2.,-3.7745590217214));
#6699=CARTESIAN_POINT('',(3.33094545627574,0.,-3.7745590217214));
#6700=CARTESIAN_POINT('',(3.33094545627574,2.,-9.77455911112837));
#6701=CARTESIAN_POINT('',(3.33094545627574,2.,-0.574558974037686));
#6702=CARTESIAN_POINT('',(3.33094545627574,0.,-9.77455911112837));
#6703=CARTESIAN_POINT('Origin',(2.93094545031528,0.,-9.77455911112837));
#6704=CARTESIAN_POINT('',(2.53094544435481,0.,-9.77455911112837));
#6705=CARTESIAN_POINT('Origin',(2.93094545031528,0.,-9.77455911112837));
#6706=CARTESIAN_POINT('',(2.53094544435481,2.,-9.77455911112837));
#6707=CARTESIAN_POINT('Origin',(2.93094545031528,2.,-9.77455911112837));
#6708=CARTESIAN_POINT('',(2.53094544435481,0.,-9.77455911112837));
#6709=CARTESIAN_POINT('Origin',(2.53094544435481,0.,-9.77455911112837));
#6710=CARTESIAN_POINT('',(2.53094544435481,0.,-3.7745590217214));
#6711=CARTESIAN_POINT('',(2.53094544435481,0.,-3.57455901874117));
#6712=CARTESIAN_POINT('',(2.53094544435481,2.,-3.7745590217214));
#6713=CARTESIAN_POINT('',(2.53094544435481,2.,-3.57455901874117));
#6714=CARTESIAN_POINT('',(2.53094544435481,0.,-3.7745590217214));
#6715=CARTESIAN_POINT('Origin',(2.93094545031528,0.,-3.7745590217214));
#6716=CARTESIAN_POINT('Origin',(2.93094545031528,0.,-3.7745590217214));
#6717=CARTESIAN_POINT('Origin',(2.93094545031528,2.,-3.7745590217214));
#6718=CARTESIAN_POINT('Origin',(15.046512205943,0.,7.60873211784334));
#6719=CARTESIAN_POINT('',(15.0465122059431,0.,7.60873211784334));
#6720=CARTESIAN_POINT('',(15.046512205943,0.,-1.93413597408817));
#6721=CARTESIAN_POINT('',(15.046512205943,0.,5.11708659574469));
#6722=CARTESIAN_POINT('',(15.0465122059431,2.,7.60873211784334));
#6723=CARTESIAN_POINT('',(15.0465122059431,0.,7.60873211784334));
#6724=CARTESIAN_POINT('',(15.046512205943,2.,-1.93413597408817));
#6725=CARTESIAN_POINT('',(15.046512205943,2.,5.11708659574469));
#6726=CARTESIAN_POINT('',(15.046512205943,0.,-1.93413597408817));
#6727=CARTESIAN_POINT('Origin',(14.4665303962692,0.,-1.93413597408817));
#6728=CARTESIAN_POINT('',(13.8865485865954,0.,-1.93413597408817));
#6729=CARTESIAN_POINT('Origin',(14.4665303962692,0.,-1.93413597408817));
#6730=CARTESIAN_POINT('',(13.8865485865954,2.,-1.93413597408817));
#6731=CARTESIAN_POINT('Origin',(14.4665303962692,2.,-1.93413597408817));
#6732=CARTESIAN_POINT('',(13.8865485865954,0.,-1.93413597408817));
#6733=CARTESIAN_POINT('Origin',(13.8865485865954,0.,-1.93413597408817));
#6734=CARTESIAN_POINT('',(13.8865485865954,0.,7.60873211784334));
#6735=CARTESIAN_POINT('',(13.8865485865954,0.,0.345652549778929));
#6736=CARTESIAN_POINT('',(13.8865485865954,2.,7.60873211784334));
#6737=CARTESIAN_POINT('',(13.8865485865954,2.,0.345652549778929));
#6738=CARTESIAN_POINT('',(13.8865485865954,0.,7.60873211784334));
#6739=CARTESIAN_POINT('Origin',(14.4665303962692,0.,7.60873211784334));
#6740=CARTESIAN_POINT('Origin',(14.4665303962692,0.,7.60873211784334));
#6741=CARTESIAN_POINT('Origin',(14.4665303962692,2.,7.60873211784334));
#6742=CARTESIAN_POINT('Origin',(0.930945420512955,2.,18.0254413031239));
#6743=CARTESIAN_POINT('',(1.33094542647342,2.,21.0254413478274));
#6744=CARTESIAN_POINT('',(1.33094542647342,2.,21.0254413478274));
#6745=CARTESIAN_POINT('',(0.530945414552491,2.,21.0254413478274));
#6746=CARTESIAN_POINT('Origin',(0.930945420512955,2.,21.0254413478274));
#6747=CARTESIAN_POINT('',(0.530945414552491,2.,15.0254412584204));
#6748=CARTESIAN_POINT('Origin',(1.33094542647342,0.,21.0254413478274));
#6749=CARTESIAN_POINT('',(1.33094542647342,0.,21.0254413478274));
#6750=CARTESIAN_POINT('',(1.33094542647342,0.,15.0254412584204));
#6751=CARTESIAN_POINT('',(1.33094542647342,0.,11.8254412107367));
#6752=CARTESIAN_POINT('',(1.33094542647342,0.,21.0254413478274));
#6753=CARTESIAN_POINT('',(1.33094542647342,2.,15.0254412584204));
#6754=CARTESIAN_POINT('',(1.33094542647342,2.,11.8254412107367));
#6755=CARTESIAN_POINT('',(1.33094542647342,0.,15.0254412584204));
#6756=CARTESIAN_POINT('Origin',(0.930945420512955,0.,15.0254412584204));
#6757=CARTESIAN_POINT('',(0.530945414552491,0.,15.0254412584204));
#6758=CARTESIAN_POINT('Origin',(0.930945420512955,0.,15.0254412584204));
#6759=CARTESIAN_POINT('',(0.530945414552491,2.,15.0254412584204));
#6760=CARTESIAN_POINT('Origin',(0.930945420512955,2.,15.0254412584204));
#6761=CARTESIAN_POINT('',(0.530945414552491,0.,15.0254412584204));
#6762=CARTESIAN_POINT('Origin',(0.530945414552491,0.,15.0254412584204));
#6763=CARTESIAN_POINT('',(0.530945414552491,0.,21.0254413478274));
#6764=CARTESIAN_POINT('',(0.530945414552491,0.,8.82544116603323));
#6765=CARTESIAN_POINT('',(0.530945414552491,2.,8.82544116603323));
#6766=CARTESIAN_POINT('',(0.530945414552491,0.,21.0254413478274));
#6767=CARTESIAN_POINT('Origin',(0.930945420512955,0.,21.0254413478274));
#6768=CARTESIAN_POINT('Origin',(0.930945420512955,0.,21.0254413478274));
#6769=CARTESIAN_POINT('Origin',(-10.3086474955229,0.,11.8650339896819));
#6770=CARTESIAN_POINT('',(-10.3086474955229,0.,11.8650339896819));
#6771=CARTESIAN_POINT('',(-10.3086474955229,0.,5.38584815761016));
#6772=CARTESIAN_POINT('',(-10.3086474955229,0.,7.24523753166397));
#6773=CARTESIAN_POINT('',(-10.3086474955229,2.,11.8650339896819));
#6774=CARTESIAN_POINT('',(-10.3086474955229,0.,11.8650339896819));
#6775=CARTESIAN_POINT('',(-10.3086474955229,2.,5.38584815761016));
#6776=CARTESIAN_POINT('',(-10.3086474955229,2.,7.24523753166397));
#6777=CARTESIAN_POINT('',(-10.3086474955229,0.,5.38584815761016));
#6778=CARTESIAN_POINT('Origin',(-11.069054579487,0.,5.38584815761016));
#6779=CARTESIAN_POINT('',(-11.8294616634512,0.,5.38584815761016));
#6780=CARTESIAN_POINT('Origin',(-11.069054579487,0.,5.38584815761016));
#6781=CARTESIAN_POINT('',(-11.8294616634512,2.,5.38584815761016));
#6782=CARTESIAN_POINT('Origin',(-11.069054579487,2.,5.38584815761016));
#6783=CARTESIAN_POINT('',(-11.8294616634512,0.,5.38584815761016));
#6784=CARTESIAN_POINT('Origin',(-11.8294616634512,0.,5.38584815761016));
#6785=CARTESIAN_POINT('',(-11.8294616634512,0.,11.8650339896819));
#6786=CARTESIAN_POINT('',(-11.8294616634512,0.,4.00564461562809));
#6787=CARTESIAN_POINT('',(-11.8294616634512,2.,11.8650339896819));
#6788=CARTESIAN_POINT('',(-11.8294616634512,2.,4.00564461562809));
#6789=CARTESIAN_POINT('',(-11.8294616634512,0.,11.8650339896819));
#6790=CARTESIAN_POINT('Origin',(-11.069054579487,0.,11.8650339896819));
#6791=CARTESIAN_POINT('Origin',(-11.069054579487,0.,11.8650339896819));
#6792=CARTESIAN_POINT('Origin',(-11.069054579487,2.,11.8650339896819));
#6793=CARTESIAN_POINT('Origin',(-6.26905468677541,0.,1.42544340346383));
#6794=CARTESIAN_POINT('',(-6.26905468677541,0.,1.42544340346383));
#6795=CARTESIAN_POINT('',(-6.26905468677541,0.,-4.57324590122184));
#6796=CARTESIAN_POINT('',(-6.26905468677541,0.,2.02544223855493));
#6797=CARTESIAN_POINT('',(-6.26905468677541,2.,1.42544340346383));
#6798=CARTESIAN_POINT('',(-6.26905468677541,0.,1.42544340346383));
#6799=CARTESIAN_POINT('',(-6.26905468677541,2.,-4.57324590122184));
#6800=CARTESIAN_POINT('',(-6.26905468677541,2.,2.02544223855493));
#6801=CARTESIAN_POINT('',(-6.26905468677541,0.,-4.57324590122184));
#6802=CARTESIAN_POINT('Origin',(-6.80692858359833,0.,-4.57324590122184));
#6803=CARTESIAN_POINT('',(-7.34480248042125,0.,-4.57324590122184));
#6804=CARTESIAN_POINT('Origin',(-6.80692858359833,0.,-4.57324590122184));
#6805=CARTESIAN_POINT('',(-7.34480248042125,2.,-4.57324590122184));
#6806=CARTESIAN_POINT('Origin',(-6.80692858359833,2.,-4.57324590122184));
#6807=CARTESIAN_POINT('',(-7.34480248042125,0.,-4.57324590122184));
#6808=CARTESIAN_POINT('Origin',(-7.34480248042125,0.,-4.57324590122184));
#6809=CARTESIAN_POINT('',(-7.34480248042125,0.,1.42544340346383));
#6810=CARTESIAN_POINT('',(-7.34480248042125,0.,-0.973902413787907));
#6811=CARTESIAN_POINT('',(-7.34480248042125,2.,1.42544340346383));
#6812=CARTESIAN_POINT('',(-7.34480248042125,2.,-0.973902413787907));
#6813=CARTESIAN_POINT('',(-7.34480248042125,0.,1.42544340346383));
#6814=CARTESIAN_POINT('Origin',(-6.80692858359833,0.,1.42544340346383));
#6815=CARTESIAN_POINT('Origin',(-6.80692858359833,0.,1.42544340346383));
#6816=CARTESIAN_POINT('Origin',(-6.80692858359833,2.,1.42544340346383));
#6817=CARTESIAN_POINT('Origin',(-8.7361721043292,0.,-5.31337788082628));
#6818=CARTESIAN_POINT('',(-8.7361721043292,0.,-5.31337788082628));
#6819=CARTESIAN_POINT('',(-8.7361721043292,0.,-12.8081176083088));
#6820=CARTESIAN_POINT('',(-8.7361721043292,0.,-1.34396840359012));
#6821=CARTESIAN_POINT('',(-8.7361721043292,2.,-5.31337788082628));
#6822=CARTESIAN_POINT('',(-8.7361721043292,0.,-5.31337788082628));
#6823=CARTESIAN_POINT('',(-8.7361721043292,2.,-1.34396840359012));
#6824=CARTESIAN_POINT('',(-8.7361721043292,2.,-12.8081176083088));
#6825=CARTESIAN_POINT('',(-8.7361721043292,2.,-5.31337788082628));
#6826=CARTESIAN_POINT('',(-8.7361721043292,0.,-12.8081176083088));
#6827=CARTESIAN_POINT('Origin',(-9.3026134223744,0.,-12.8081176083088));
#6828=CARTESIAN_POINT('',(-9.86905474041959,0.,-12.8081176083088));
#6829=CARTESIAN_POINT('Origin',(-9.3026134223744,0.,-12.8081176083088));
#6830=CARTESIAN_POINT('',(-9.86905474041959,2.,-12.8081176083088));
#6831=CARTESIAN_POINT('Origin',(-9.3026134223744,2.,-12.8081176083088));
#6832=CARTESIAN_POINT('',(-9.86905474041959,0.,-12.8081176083088));
#6833=CARTESIAN_POINT('Origin',(-9.3026134223744,2.,-9.06074774456753));
#6834=CARTESIAN_POINT('',(-9.86905474041959,2.,-12.8081176083088));
#6835=CARTESIAN_POINT('Origin',(-9.86905474041959,0.,-12.8081176083088));
#6836=CARTESIAN_POINT('',(-9.86905474041959,0.,-5.31337788082628));
#6837=CARTESIAN_POINT('',(-9.86905474041959,0.,-5.09133826733138));
#6838=CARTESIAN_POINT('',(-9.86905474041959,2.,-5.31337788082628));
#6839=CARTESIAN_POINT('',(-9.86905474041959,2.,-5.09133826733138));
#6840=CARTESIAN_POINT('',(-9.86905474041959,0.,-5.31337788082628));
#6841=CARTESIAN_POINT('Origin',(-9.3026134223744,0.,-5.31337788082628));
#6842=CARTESIAN_POINT('Origin',(-9.3026134223744,0.,-5.31337788082628));
#6843=CARTESIAN_POINT('Origin',(-9.3026134223744,2.,-5.31337788082628));
#6844=CARTESIAN_POINT('Origin',(-13.6631714419768,0.,7.95370300220513));
#6845=CARTESIAN_POINT('',(-13.6631714419768,0.,7.95370300220513));
#6846=CARTESIAN_POINT('',(-13.6631714419768,0.,6.20944248116856));
#6847=CARTESIAN_POINT('',(-13.6631714419768,0.,5.28957203792558));
#6848=CARTESIAN_POINT('',(-13.6631714419768,2.,7.95370300220513));
#6849=CARTESIAN_POINT('',(-13.6631714419768,0.,7.95370300220513));
#6850=CARTESIAN_POINT('',(-13.6631714419768,2.,6.20944248116856));
#6851=CARTESIAN_POINT('',(-13.6631714419768,2.,5.28957203792558));
#6852=CARTESIAN_POINT('',(-13.6631714419768,0.,6.20944248116856));
#6853=CARTESIAN_POINT('Origin',(-14.5576640168673,0.,6.20944248116856));
#6854=CARTESIAN_POINT('',(-15.4521565917579,0.,6.20944248116856));
#6855=CARTESIAN_POINT('Origin',(-14.5576640168673,0.,6.20944248116856));
#6856=CARTESIAN_POINT('',(-15.4521565917579,2.,6.20944248116856));
#6857=CARTESIAN_POINT('Origin',(-14.5576640168673,2.,6.20944248116856));
#6858=CARTESIAN_POINT('',(-15.4521565917579,0.,6.20944248116856));
#6859=CARTESIAN_POINT('Origin',(-15.4521565917579,0.,6.20944248116856));
#6860=CARTESIAN_POINT('',(-15.4521565917579,0.,7.95370300220513));
#6861=CARTESIAN_POINT('',(-15.4521565917579,0.,4.4174417774073));
#6862=CARTESIAN_POINT('',(-15.4521565917579,2.,7.95370300220513));
#6863=CARTESIAN_POINT('',(-15.4521565917579,2.,4.4174417774073));
#6864=CARTESIAN_POINT('',(-15.4521565917579,0.,7.95370300220513));
#6865=CARTESIAN_POINT('Origin',(-14.5576640168673,0.,7.95370300220513));
#6866=CARTESIAN_POINT('Origin',(-14.5576640168673,0.,7.95370300220513));
#6867=CARTESIAN_POINT('Origin',(-14.5576640168673,2.,7.95370300220513));
#6868=CARTESIAN_POINT('Origin',(-2.39256499835588,2.,16.3172085774318));
#6869=CARTESIAN_POINT('',(-3.06343442952379,2.,20.2529759069502));
#6870=CARTESIAN_POINT('Origin',(-2.39256499835588,2.,20.2529759069502));
#6871=CARTESIAN_POINT('',(-3.06343442952379,2.,12.3814412479133));
#6872=CARTESIAN_POINT('Origin',(-1.72169556718797,0.,20.2529759069502));
#6873=CARTESIAN_POINT('',(-1.72169556718797,0.,20.2529759069502));
#6874=CARTESIAN_POINT('',(-1.72169556718797,0.,12.3814412479133));
#6875=CARTESIAN_POINT('',(-1.72169556718797,0.,11.4392084902981));
#6876=CARTESIAN_POINT('',(-1.72169556718797,2.,20.2529759069502));
#6877=CARTESIAN_POINT('',(-1.72169556718797,0.,20.2529759069502));
#6878=CARTESIAN_POINT('',(-1.72169556718797,2.,12.3814412479133));
#6879=CARTESIAN_POINT('',(-1.72169556718797,2.,11.4392084902981));
#6880=CARTESIAN_POINT('',(-1.72169556718797,0.,12.3814412479133));
#6881=CARTESIAN_POINT('Origin',(-2.39256499835588,0.,12.3814412479133));
#6882=CARTESIAN_POINT('',(-3.06343442952379,0.,12.3814412479133));
#6883=CARTESIAN_POINT('Origin',(-2.39256499835588,0.,12.3814412479133));
#6884=CARTESIAN_POINT('',(-3.06343442952379,2.,12.3814412479133));
#6885=CARTESIAN_POINT('Origin',(-2.39256499835588,2.,12.3814412479133));
#6886=CARTESIAN_POINT('',(-3.06343442952379,0.,12.3814412479133));
#6887=CARTESIAN_POINT('Origin',(-3.06343442952379,0.,12.3814412479133));
#6888=CARTESIAN_POINT('',(-3.06343442952379,0.,20.2529759069502));
#6889=CARTESIAN_POINT('',(-3.06343442952379,0.,7.50344116077969));
#6890=CARTESIAN_POINT('',(-3.06343442952379,2.,7.50344116077969));
#6891=CARTESIAN_POINT('',(-3.06343442952379,0.,20.2529759069502));
#6892=CARTESIAN_POINT('Origin',(-2.39256499835588,0.,20.2529759069502));
#6893=CARTESIAN_POINT('Origin',(-2.39256499835588,0.,20.2529759069502));
#6894=CARTESIAN_POINT('Origin',(-2.39256499835588,2.,20.2529759069502));
#6895=CARTESIAN_POINT('Origin',(13.6391227394028,0.,14.3611594402742));
#6896=CARTESIAN_POINT('',(13.6391227407991,0.,14.3611594517727));
#6897=CARTESIAN_POINT('',(12.5457051159397,0.,5.35643774589573));
#6898=CARTESIAN_POINT('',(12.844631598108,0.,7.8182142174324));
#6899=CARTESIAN_POINT('',(13.6391227407991,2.,14.3611594517727));
#6900=CARTESIAN_POINT('',(13.6391227407991,0.,14.3611594517727));
#6901=CARTESIAN_POINT('',(12.5457051159397,2.,5.35643774589573));
#6902=CARTESIAN_POINT('',(12.844631598108,2.,7.8182142174324));
#6903=CARTESIAN_POINT('',(12.5457051159397,0.,5.35643774589573));
#6904=CARTESIAN_POINT('Origin',(12.0000638722782,0.,5.42269340288957));
#6905=CARTESIAN_POINT('',(11.4544226286168,0.,5.48894905988341));
#6906=CARTESIAN_POINT('Origin',(12.0000638722782,0.,5.42269340288957));
#6907=CARTESIAN_POINT('',(11.4544226286168,2.,5.48894905988341));
#6908=CARTESIAN_POINT('Origin',(12.0000638722782,2.,5.42269340288957));
#6909=CARTESIAN_POINT('',(11.4544226286168,0.,5.48894905988341));
#6910=CARTESIAN_POINT('Origin',(11.4544226286168,0.,5.48894905988341));
#6911=CARTESIAN_POINT('',(12.54784025208,0.,14.4936707542619));
#6912=CARTESIAN_POINT('',(11.2066402990536,0.,3.44836468423084));
#6913=CARTESIAN_POINT('',(12.54784025208,2.,14.4936707542619));
#6914=CARTESIAN_POINT('',(11.2066402990536,2.,3.44836468423084));
#6915=CARTESIAN_POINT('',(12.54784025208,0.,14.4936707542619));
#6916=CARTESIAN_POINT('Origin',(13.0934814957414,0.,14.4274150972681));
#6917=CARTESIAN_POINT('Origin',(13.0934814957414,0.,14.4274150972681));
#6918=CARTESIAN_POINT('Origin',(13.0934814957414,2.,14.4274150972681));
#6919=CARTESIAN_POINT('Origin',(1.33094542647342,0.,-4.17455902768187));
#6920=CARTESIAN_POINT('',(1.33094542647342,0.,-4.17455902768187));
#6921=CARTESIAN_POINT('',(1.33094542647342,0.,-15.6025181123193));
#6922=CARTESIAN_POINT('',(1.33094542647342,0.,-0.774558977017918));
#6923=CARTESIAN_POINT('',(1.33094542647342,2.,-4.17455902768187));
#6924=CARTESIAN_POINT('',(1.33094542647342,0.,-4.17455902768187));
#6925=CARTESIAN_POINT('',(1.33094542647342,2.,-0.774558977017918));
#6926=CARTESIAN_POINT('',(1.33094542647342,2.,-15.6025181123193));
#6927=CARTESIAN_POINT('',(1.33094542647342,2.,-4.17455902768187));
#6928=CARTESIAN_POINT('',(1.33094542647342,0.,-15.6025181123193));
#6929=CARTESIAN_POINT('Origin',(0.930945420512955,0.,-15.6025181123193));
#6930=CARTESIAN_POINT('',(0.530945414552491,0.,-15.6025181123193));
#6931=CARTESIAN_POINT('Origin',(0.930945420512955,0.,-15.6025181123193));
#6932=CARTESIAN_POINT('',(0.530945414552491,2.,-15.6025181123193));
#6933=CARTESIAN_POINT('Origin',(0.930945420512955,2.,-15.6025181123193));
#6934=CARTESIAN_POINT('',(0.530945414552491,0.,-15.6025181123193));
#6935=CARTESIAN_POINT('Origin',(0.930945420512955,2.,-9.88853857000058));
#6936=CARTESIAN_POINT('',(0.530945414552491,2.,-15.6025181123193));
#6937=CARTESIAN_POINT('Origin',(0.530945414552491,0.,-15.6025181123193));
#6938=CARTESIAN_POINT('',(0.530945414552491,0.,-4.17455902768187));
#6939=CARTESIAN_POINT('',(0.530945414552491,0.,-6.48853851933663));
#6940=CARTESIAN_POINT('',(0.530945414552491,2.,-4.17455902768187));
#6941=CARTESIAN_POINT('',(0.530945414552491,2.,-6.48853851933663));
#6942=CARTESIAN_POINT('',(0.530945414552491,0.,-4.17455902768187));
#6943=CARTESIAN_POINT('Origin',(0.930945420512955,0.,-4.17455902768187));
#6944=CARTESIAN_POINT('Origin',(0.930945420512955,0.,-4.17455902768187));
#6945=CARTESIAN_POINT('Origin',(0.930945420512955,2.,-4.17455902768187));
#6946=CARTESIAN_POINT('Origin',(17.3257296532889,0.,-5.02871589094686));
#6947=CARTESIAN_POINT('',(17.3257296532889,0.,-5.02871589094686));
#6948=CARTESIAN_POINT('',(13.637634203606,0.,-11.0637811722461));
#6949=CARTESIAN_POINT('',(16.7996107620793,0.,-5.88963771292611));
#6950=CARTESIAN_POINT('',(17.3257296532889,2.,-5.02871589094686));
#6951=CARTESIAN_POINT('',(17.3257296532889,0.,-5.02871589094686));
#6952=CARTESIAN_POINT('',(17.3257296532889,2.,-5.02871589094685));
#6953=CARTESIAN_POINT('',(16.7996107620793,2.,-5.88963771292611));
#6954=CARTESIAN_POINT('',(13.637634203606,2.,-11.0637811722461));
#6955=CARTESIAN_POINT('',(17.3257296532889,2.,-5.02871589094685));
#6956=CARTESIAN_POINT('',(13.637634203606,0.,-11.0637811722461));
#6957=CARTESIAN_POINT('Origin',(13.2613801110958,0.,-10.833848115712));
#6958=CARTESIAN_POINT('',(12.8851260185856,0.,-10.603915059178));
#6959=CARTESIAN_POINT('Origin',(13.2613801110958,0.,-10.833848115712));
#6960=CARTESIAN_POINT('Origin',(13.2613801110958,2.,-10.833848115712));
#6961=CARTESIAN_POINT('',(12.8851260185856,2.,-10.603915059178));
#6962=CARTESIAN_POINT('Origin',(13.2613801110958,2.,-10.833848115712));
#6963=CARTESIAN_POINT('',(12.8851260185856,0.,-10.603915059178));
#6964=CARTESIAN_POINT('Origin',(15.1054278359372,2.,-7.81631547506244));
#6965=CARTESIAN_POINT('Origin',(12.8851260185856,0.,-10.603915059178));
#6966=CARTESIAN_POINT('',(16.5732214682684,0.,-4.5688497778788));
#6967=CARTESIAN_POINT('',(14.2030548522174,0.,-8.44730424050766));
#6968=CARTESIAN_POINT('',(16.5732214682684,2.,-4.5688497778788));
#6969=CARTESIAN_POINT('',(14.2030548522174,2.,-8.44730424050766));
#6970=CARTESIAN_POINT('',(16.5732214682684,0.,-4.5688497778788));
#6971=CARTESIAN_POINT('Origin',(16.9494755607786,0.,-4.79878283441283));
#6972=CARTESIAN_POINT('Origin',(16.9494755607786,0.,-4.79878283441283));
#6973=CARTESIAN_POINT('Origin',(16.9494755607786,2.,-4.79878283441283));
#6974=CARTESIAN_POINT('Origin',(16.9494755607786,2.,-4.79878283441283));
#6975=CARTESIAN_POINT('Origin',(15.1054278359372,2.,-7.81631547506244));
#6976=CARTESIAN_POINT('Origin',(3.21329839569914,0.,8.2960293934385));
#6977=CARTESIAN_POINT('',(3.21329839569914,0.,8.2960293934385));
#6978=CARTESIAN_POINT('',(7.26035727953442,0.,9.30779411439732));
#6979=CARTESIAN_POINT('',(1.47212189916535,0.,7.86073526930505));
#6980=CARTESIAN_POINT('',(3.21329839569914,2.,8.2960293934385));
#6981=CARTESIAN_POINT('',(3.21329839569914,0.,8.2960293934385));
#6982=CARTESIAN_POINT('',(7.26035727953442,2.,9.30779411439732));
#6983=CARTESIAN_POINT('',(1.47212189916535,2.,7.86073526930505));
#6984=CARTESIAN_POINT('',(7.26035727953442,0.,9.30779411439732));
#6985=CARTESIAN_POINT('Origin',(7.35447492799571,0.,8.93132352055218));
#6986=CARTESIAN_POINT('',(7.44859257645699,0.,8.55485292670704));
#6987=CARTESIAN_POINT('Origin',(7.35447492799571,0.,8.93132352055218));
#6988=CARTESIAN_POINT('',(7.44859257645699,2.,8.55485292670704));
#6989=CARTESIAN_POINT('Origin',(7.35447492799571,2.,8.93132352055218));
#6990=CARTESIAN_POINT('',(7.44859257645699,0.,8.55485292670704));
#6991=CARTESIAN_POINT('Origin',(7.44859257645699,0.,8.55485292670704));
#6992=CARTESIAN_POINT('',(3.40153369262171,0.,7.54308820574821));
#6993=CARTESIAN_POINT('',(3.68388663800556,0.,7.61367644209418));
#6994=CARTESIAN_POINT('',(3.40153369262171,2.,7.54308820574821));
#6995=CARTESIAN_POINT('',(3.68388663800556,2.,7.61367644209418));
#6996=CARTESIAN_POINT('',(3.40153369262171,0.,7.54308820574821));
#6997=CARTESIAN_POINT('Origin',(3.30741604416042,0.,7.91955879959336));
#6998=CARTESIAN_POINT('Origin',(3.30741604416042,0.,7.91955879959336));
#6999=CARTESIAN_POINT('Origin',(3.30741604416042,2.,7.91955879959336));
#7000=CARTESIAN_POINT('Origin',(-7.6205362550122,0.,-12.4099942312692));
#7001=CARTESIAN_POINT('',(-7.62053625677719,0.,-12.4099942360151));
#7002=CARTESIAN_POINT('',(-5.92731149533876,0.,-7.85710098859172));
#7003=CARTESIAN_POINT('',(-4.64487635977033,0.,-4.40877540184107));
#7004=CARTESIAN_POINT('',(-7.62053625677719,2.,-12.4099942360151));
#7005=CARTESIAN_POINT('',(-7.62053625677719,0.,-12.4099942360151));
#7006=CARTESIAN_POINT('',(-5.92731149533876,2.,-7.85710098859172));
#7007=CARTESIAN_POINT('',(-4.64487635977033,2.,-4.40877540184107));
#7008=CARTESIAN_POINT('',(-5.92731149533876,0.,-7.85710098859172));
#7009=CARTESIAN_POINT('Origin',(-5.60882183109544,0.,-7.97554755793841));
#7010=CARTESIAN_POINT('',(-5.29033216685212,0.,-8.09399412728509));
#7011=CARTESIAN_POINT('Origin',(-5.60882183109544,0.,-7.97554755793841));
#7012=CARTESIAN_POINT('',(-5.29033216685212,2.,-8.09399412728509));
#7013=CARTESIAN_POINT('Origin',(-5.60882183109544,2.,-7.97554755793841));
#7014=CARTESIAN_POINT('',(-5.29033216685212,0.,-8.09399412728509));
#7015=CARTESIAN_POINT('Origin',(-5.29033216685212,0.,-8.09399412728509));
#7016=CARTESIAN_POINT('',(-6.98355692652557,0.,-12.6468873699626));
#7017=CARTESIAN_POINT('',(-3.16128465144698,0.,-2.36922191919571));
#7018=CARTESIAN_POINT('',(-6.98355692652557,2.,-12.6468873699626));
#7019=CARTESIAN_POINT('',(-3.16128465144698,2.,-2.36922191919571));
#7020=CARTESIAN_POINT('',(-6.98355692652557,0.,-12.6468873699626));
#7021=CARTESIAN_POINT('Origin',(-7.30204659076888,0.,-12.5284408006159));
#7022=CARTESIAN_POINT('Origin',(-7.30204659076888,0.,-12.5284408006159));
#7023=CARTESIAN_POINT('Origin',(-7.30204659076888,2.,-12.5284408006159));
#7024=CARTESIAN_POINT('Origin',(-3.60039100697987,0.,-1.50589534788633));
#7025=CARTESIAN_POINT('',(-3.60039100697987,0.,-1.50589534788633));
#7026=CARTESIAN_POINT('',(5.86228185396625,0.,-1.50589534788633));
#7027=CARTESIAN_POINT('',(-1.33472279323346,0.,-1.50589534788633));
#7028=CARTESIAN_POINT('',(-3.60039100697987,2.,-1.50589534788633));
#7029=CARTESIAN_POINT('',(-3.60039100697987,0.,-1.50589534788633));
#7030=CARTESIAN_POINT('',(5.86228185396625,2.,-1.50589534788633));
#7031=CARTESIAN_POINT('',(-1.33472279323346,2.,-1.50589534788633));
#7032=CARTESIAN_POINT('',(5.86228185396625,0.,-1.50589534788633));
#7033=CARTESIAN_POINT('Origin',(5.86228185396625,0.,-1.77455899191908));
#7034=CARTESIAN_POINT('',(5.86228185396625,0.,-2.04322263595183));
#7035=CARTESIAN_POINT('Origin',(5.86228185396625,0.,-1.77455899191908));
#7036=CARTESIAN_POINT('',(5.86228185396625,2.,-2.04322263595183));
#7037=CARTESIAN_POINT('Origin',(5.86228185396625,2.,-1.77455899191908));
#7038=CARTESIAN_POINT('',(5.86228185396625,0.,-2.04322263595183));
#7039=CARTESIAN_POINT('Origin',(5.86228185396625,0.,-2.04322263595183));
#7040=CARTESIAN_POINT('',(-3.60039100697987,0.,-2.04322263595183));
#7041=CARTESIAN_POINT('',(3.3966136372396,0.,-2.04322263595183));
#7042=CARTESIAN_POINT('',(-3.60039100697987,2.,-2.04322263595183));
#7043=CARTESIAN_POINT('',(3.3966136372396,2.,-2.04322263595183));
#7044=CARTESIAN_POINT('',(-3.60039100697987,0.,-2.04322263595183));
#7045=CARTESIAN_POINT('Origin',(-3.60039100697987,0.,-1.77455899191908));
#7046=CARTESIAN_POINT('Origin',(-3.60039100697987,0.,-1.77455899191908));
#7047=CARTESIAN_POINT('Origin',(-3.60039100697987,2.,-1.77455899191908));
#7048=CARTESIAN_POINT('Origin',(6.24162747185763,0.,-6.28524103134283));
#7049=CARTESIAN_POINT('',(6.24162747185763,0.,-6.28524103134283));
#7050=CARTESIAN_POINT('',(6.24162747185763,0.,-15.0918361325002));
#7051=CARTESIAN_POINT('',(6.24162747185763,0.,-1.8298999788484));
#7052=CARTESIAN_POINT('',(6.24162747185763,2.,-6.28524103134283));
#7053=CARTESIAN_POINT('',(6.24162747185763,0.,-6.28524103134283));
#7054=CARTESIAN_POINT('',(6.24162747185763,2.,-1.8298999788484));
#7055=CARTESIAN_POINT('',(6.24162747185763,2.,-15.0918361325002));
#7056=CARTESIAN_POINT('',(6.24162747185763,2.,-6.28524103134283));
#7057=CARTESIAN_POINT('',(6.24162747185763,0.,-15.0918361325002));
#7058=CARTESIAN_POINT('Origin',(5.73094549203853,0.,-15.0918361325002));
#7059=CARTESIAN_POINT('',(5.22026351221943,0.,-15.0918361325002));
#7060=CARTESIAN_POINT('Origin',(5.73094549203853,0.,-15.0918361325002));
#7061=CARTESIAN_POINT('',(5.22026351221943,2.,-15.0918361325002));
#7062=CARTESIAN_POINT('Origin',(5.73094549203853,2.,-15.0918361325002));
#7063=CARTESIAN_POINT('',(5.22026351221943,0.,-15.0918361325002));
#7064=CARTESIAN_POINT('Origin',(5.73094549203853,2.,-10.6885385819215));
#7065=CARTESIAN_POINT('',(5.22026351221943,2.,-15.0918361325002));
#7066=CARTESIAN_POINT('Origin',(5.22026351221943,0.,-15.0918361325002));
#7067=CARTESIAN_POINT('',(5.22026351221943,0.,-6.28524103134283));
#7068=CARTESIAN_POINT('',(5.22026351221943,0.,-6.23319752942708));
#7069=CARTESIAN_POINT('',(5.22026351221943,2.,-6.28524103134283));
#7070=CARTESIAN_POINT('',(5.22026351221943,2.,-6.23319752942708));
#7071=CARTESIAN_POINT('',(5.22026351221943,0.,-6.28524103134283));
#7072=CARTESIAN_POINT('Origin',(5.73094549203853,0.,-6.28524103134283));
#7073=CARTESIAN_POINT('Origin',(5.73094549203853,0.,-6.28524103134283));
#7074=CARTESIAN_POINT('Origin',(5.73094549203853,2.,-6.28524103134283));
#7075=CARTESIAN_POINT('Origin',(6.10772177380575,0.,6.33432341223451));
#7076=CARTESIAN_POINT('',(6.10772177380576,0.,6.33432341223452));
#7077=CARTESIAN_POINT('',(6.10772177380575,0.,1.37646704953085));
#7078=CARTESIAN_POINT('',(6.10772177380575,0.,4.47988224294027));
#7079=CARTESIAN_POINT('',(6.10772177380576,2.,6.33432341223452));
#7080=CARTESIAN_POINT('',(6.10772177380576,0.,6.33432341223452));
#7081=CARTESIAN_POINT('',(6.10772177380575,2.,1.37646704953085));
#7082=CARTESIAN_POINT('',(6.10772177380575,2.,4.47988224294027));
#7083=CARTESIAN_POINT('',(6.10772177380575,0.,1.37646704953085));
#7084=CARTESIAN_POINT('Origin',(5.65786817565907,0.,1.37646704953084));
#7085=CARTESIAN_POINT('',(5.20801457751238,0.,1.37646704953085));
#7086=CARTESIAN_POINT('Origin',(5.65786817565907,0.,1.37646704953084));
#7087=CARTESIAN_POINT('',(5.20801457751238,2.,1.37646704953085));
#7088=CARTESIAN_POINT('Origin',(5.65786817565907,2.,1.37646704953084));
#7089=CARTESIAN_POINT('',(5.20801457751238,0.,1.37646704953085));
#7090=CARTESIAN_POINT('Origin',(5.20801457751238,0.,1.37646704953085));
#7091=CARTESIAN_POINT('',(5.20801457751238,0.,6.33432341223451));
#7092=CARTESIAN_POINT('',(5.20801457751238,0.,2.00095406158844));
#7093=CARTESIAN_POINT('',(5.20801457751238,2.,6.33432341223451));
#7094=CARTESIAN_POINT('',(5.20801457751238,2.,2.00095406158844));
#7095=CARTESIAN_POINT('',(5.20801457751238,0.,6.33432341223451));
#7096=CARTESIAN_POINT('Origin',(5.65786817565907,0.,6.33432341223452));
#7097=CARTESIAN_POINT('Origin',(5.65786817565907,0.,6.33432341223452));
#7098=CARTESIAN_POINT('Origin',(5.65786817565907,2.,6.33432341223452));
#7099=CARTESIAN_POINT('Origin',(6.1945637205934,2.,15.8699622899865));
#7100=CARTESIAN_POINT('',(7.04433166673942,2.,19.6268311045268));
#7101=CARTESIAN_POINT('',(7.04433166673942,2.,19.6268311045268));
#7102=CARTESIAN_POINT('Origin',(6.1945637205934,2.,19.6268311045268));
#7103=CARTESIAN_POINT('Origin',(7.04433166673942,0.,19.6268311045268));
#7104=CARTESIAN_POINT('',(7.04433166673942,0.,19.6268311045268));
#7105=CARTESIAN_POINT('',(7.04433166673942,0.,12.1130934754462));
#7106=CARTESIAN_POINT('',(7.04433166673942,0.,11.1261360890864));
#7107=CARTESIAN_POINT('',(7.04433166673942,0.,19.6268311045268));
#7108=CARTESIAN_POINT('',(7.04433166673942,2.,12.1130934754462));
#7109=CARTESIAN_POINT('',(7.04433166673942,2.,11.1261360890864));
#7110=CARTESIAN_POINT('',(7.04433166673942,0.,12.1130934754462));
#7111=CARTESIAN_POINT('Origin',(6.1945637205934,0.,12.1130934754462));
#7112=CARTESIAN_POINT('',(5.34479577444738,0.,12.1130934754462));
#7113=CARTESIAN_POINT('Origin',(6.1945637205934,0.,12.1130934754462));
#7114=CARTESIAN_POINT('',(5.34479577444738,2.,12.1130934754462));
#7115=CARTESIAN_POINT('Origin',(6.1945637205934,2.,12.1130934754462));
#7116=CARTESIAN_POINT('',(5.34479577444738,0.,12.1130934754462));
#7117=CARTESIAN_POINT('Origin',(5.34479577444738,0.,12.1130934754462));
#7118=CARTESIAN_POINT('',(5.34479577444738,0.,19.6268311045268));
#7119=CARTESIAN_POINT('',(5.34479577444738,0.,7.36926727454611));
#7120=CARTESIAN_POINT('',(5.34479577444738,2.,19.6268311045268));
#7121=CARTESIAN_POINT('',(5.34479577444738,2.,7.36926727454611));
#7122=CARTESIAN_POINT('',(5.34479577444738,0.,19.6268311045268));
#7123=CARTESIAN_POINT('Origin',(6.1945637205934,0.,19.6268311045268));
#7124=CARTESIAN_POINT('Origin',(6.1945637205934,0.,19.6268311045268));
#7125=CARTESIAN_POINT('Origin',(6.1945637205934,2.,19.6268311045268));
#7126=CARTESIAN_POINT('Origin',(-6.37305695661882,0.,15.4227160025412));
#7127=CARTESIAN_POINT('',(-6.37305695661882,0.,15.4227160025412));
#7128=CARTESIAN_POINT('',(-6.37305695661882,0.,8.44567391839493));
#7129=CARTESIAN_POINT('',(-6.37305695661882,0.,9.02407853809363));
#7130=CARTESIAN_POINT('',(-6.37305695661882,2.,15.4227160025412));
#7131=CARTESIAN_POINT('',(-6.37305695661882,0.,15.4227160025412));
#7132=CARTESIAN_POINT('',(-6.37305695661882,2.,8.44567391839493));
#7133=CARTESIAN_POINT('',(-6.37305695661882,2.,9.02407853809363));
#7134=CARTESIAN_POINT('',(-6.37305695661882,0.,8.44567391839493));
#7135=CARTESIAN_POINT('Origin',(-7.08865101653126,0.,8.44567391839493));
#7136=CARTESIAN_POINT('',(-7.8042450764437,0.,8.44567391839493));
#7137=CARTESIAN_POINT('Origin',(-7.08865101653126,0.,8.44567391839493));
#7138=CARTESIAN_POINT('',(-7.8042450764437,2.,8.44567391839493));
#7139=CARTESIAN_POINT('Origin',(-7.08865101653126,2.,8.44567391839493));
#7140=CARTESIAN_POINT('',(-7.8042450764437,0.,8.44567391839493));
#7141=CARTESIAN_POINT('Origin',(-7.8042450764437,0.,8.44567391839493));
#7142=CARTESIAN_POINT('',(-7.8042450764437,0.,15.4227160025412));
#7143=CARTESIAN_POINT('',(-7.8042450764437,0.,5.53555749602048));
#7144=CARTESIAN_POINT('',(-7.8042450764437,2.,15.4227160025412));
#7145=CARTESIAN_POINT('',(-7.8042450764437,2.,5.53555749602048));
#7146=CARTESIAN_POINT('',(-7.8042450764437,0.,15.4227160025412));
#7147=CARTESIAN_POINT('Origin',(-7.08865101653126,0.,15.4227160025412));
#7148=CARTESIAN_POINT('Origin',(-7.08865101653126,0.,15.4227160025412));
#7149=CARTESIAN_POINT('Origin',(-7.08865101653126,2.,15.4227160025412));
#7150=CARTESIAN_POINT('Origin',(-12.2690547761824,0.,1.02544104980417));
#7151=CARTESIAN_POINT('',(-12.2690547761824,0.,1.02544104980417));
#7152=CARTESIAN_POINT('',(-12.2690547761824,0.,-7.37455907536558));
#7153=CARTESIAN_POINT('',(-12.2690547761824,0.,1.8254410617251));
#7154=CARTESIAN_POINT('',(-12.2690547761824,2.,1.02544104980417));
#7155=CARTESIAN_POINT('',(-12.2690547761824,0.,1.02544104980417));
#7156=CARTESIAN_POINT('',(-12.2690547761824,2.,-7.37455907536558));
#7157=CARTESIAN_POINT('',(-12.2690547761824,2.,1.8254410617251));
#7158=CARTESIAN_POINT('',(-12.2690547761824,0.,-7.37455907536558));
#7159=CARTESIAN_POINT('Origin',(-13.0690547881033,0.,-7.37455907536558));
#7160=CARTESIAN_POINT('',(-13.8690548000242,0.,-7.37455907536558));
#7161=CARTESIAN_POINT('Origin',(-13.0690547881033,0.,-7.37455907536558));
#7162=CARTESIAN_POINT('Origin',(-13.0690547881033,2.,-7.37455907536558));
#7163=CARTESIAN_POINT('Origin',(-13.0690547881033,2.,-7.37455907536558));
#7164=CARTESIAN_POINT('',(-13.8690548000242,2.,-7.37455907536558));
#7165=CARTESIAN_POINT('Origin',(-13.0690547881033,2.,-7.37455907536558));
#7166=CARTESIAN_POINT('',(-13.8690548000242,0.,-7.37455907536558));
#7167=CARTESIAN_POINT('Origin',(-13.0690547881033,2.,-3.17455901278071));
#7168=CARTESIAN_POINT('Origin',(-13.8690548000242,0.,-7.37455907536558));
#7169=CARTESIAN_POINT('',(-13.8690548000242,0.,1.02544104980417));
#7170=CARTESIAN_POINT('',(-13.8690548000242,0.,-2.37455900085978));
#7171=CARTESIAN_POINT('',(-13.8690548000242,2.,1.02544104980417));
#7172=CARTESIAN_POINT('',(-13.8690548000242,2.,-2.37455900085978));
#7173=CARTESIAN_POINT('',(-13.8690548000242,0.,1.02544104980417));
#7174=CARTESIAN_POINT('Origin',(-13.0690547881033,0.,1.02544104980417));
#7175=CARTESIAN_POINT('Origin',(-13.0690547881033,0.,1.02544104980417));
#7176=CARTESIAN_POINT('Origin',(-13.0690547881033,2.,1.02544104980417));
#7177=CARTESIAN_POINT('Origin',(-2.90775106947656,0.,-4.3412618672243));
#7178=CARTESIAN_POINT('',(-2.90775106947656,0.,-4.3412618672243));
#7179=CARTESIAN_POINT('',(-2.90775106947656,0.,-14.7878080585936));
#7180=CARTESIAN_POINT('',(-2.90775106947656,0.,-0.857910396789135));
#7181=CARTESIAN_POINT('',(-2.90775106947656,2.,-4.3412618672243));
#7182=CARTESIAN_POINT('',(-2.90775106947656,0.,-4.3412618672243));
#7183=CARTESIAN_POINT('',(-2.90775106947656,2.,-14.7878080585936));
#7184=CARTESIAN_POINT('',(-2.90775106947656,2.,-0.857910396789135));
#7185=CARTESIAN_POINT('',(-2.90775106947656,0.,-14.7878080585936));
#7186=CARTESIAN_POINT('Origin',(-3.4239732218587,0.,-14.7878080585936));
#7187=CARTESIAN_POINT('',(-3.94019537424084,0.,-14.7878080585936));
#7188=CARTESIAN_POINT('Origin',(-3.4239732218587,0.,-14.7878080585936));
#7189=CARTESIAN_POINT('Origin',(-3.4239732218587,2.,-14.7878080585936));
#7190=CARTESIAN_POINT('',(-3.94019537424084,2.,-14.7878080585936));
#7191=CARTESIAN_POINT('Origin',(-3.4239732218587,2.,-14.7878080585936));
#7192=CARTESIAN_POINT('',(-3.94019537424084,0.,-14.7878080585936));
#7193=CARTESIAN_POINT('Origin',(-3.4239732218587,2.,-9.56453496290894));
#7194=CARTESIAN_POINT('',(-3.94019537424084,2.,-14.7878080585936));
#7195=CARTESIAN_POINT('Origin',(-3.94019537424084,0.,-14.7878080585936));
#7196=CARTESIAN_POINT('',(-3.94019537424084,0.,-4.3412618672243));
#7197=CARTESIAN_POINT('',(-3.94019537424084,0.,-6.08118349247377));
#7198=CARTESIAN_POINT('',(-3.94019537424084,2.,-4.3412618672243));
#7199=CARTESIAN_POINT('',(-3.94019537424084,2.,-6.08118349247377));
#7200=CARTESIAN_POINT('',(-3.94019537424084,0.,-4.3412618672243));
#7201=CARTESIAN_POINT('Origin',(-3.4239732218587,0.,-4.3412618672243));
#7202=CARTESIAN_POINT('Origin',(-3.4239732218587,0.,-4.3412618672243));
#7203=CARTESIAN_POINT('Origin',(-3.4239732218587,2.,-4.3412618672243));
#7204=CARTESIAN_POINT('Origin',(-16.269054835787,0.,1.02544104980417));
#7205=CARTESIAN_POINT('',(-16.269054835787,0.,1.02544104980417));
#7206=CARTESIAN_POINT('',(-16.269054835787,0.,-2.17455899787954));
#7207=CARTESIAN_POINT('',(-16.269054835787,0.,1.8254410617251));
#7208=CARTESIAN_POINT('',(-16.269054835787,2.,1.02544104980417));
#7209=CARTESIAN_POINT('',(-16.269054835787,0.,1.02544104980417));
#7210=CARTESIAN_POINT('',(-16.269054835787,2.,-2.17455899787954));
#7211=CARTESIAN_POINT('',(-16.269054835787,2.,1.8254410617251));
#7212=CARTESIAN_POINT('',(-16.269054835787,0.,-2.17455899787954));
#7213=CARTESIAN_POINT('Origin',(-16.6690548417475,0.,-2.17455899787954));
#7214=CARTESIAN_POINT('',(-17.0690548477079,0.,-2.17455899787954));
#7215=CARTESIAN_POINT('Origin',(-16.6690548417475,0.,-2.17455899787954));
#7216=CARTESIAN_POINT('Origin',(-16.6690548417475,2.,-2.17455899787954));
#7217=CARTESIAN_POINT('',(-17.0690548477079,2.,-2.17455899787954));
#7218=CARTESIAN_POINT('Origin',(-16.6690548417475,2.,-2.17455899787954));
#7219=CARTESIAN_POINT('',(-17.0690548477079,0.,-2.17455899787954));
#7220=CARTESIAN_POINT('Origin',(-16.6690548417475,2.,-0.574558974037686));
#7221=CARTESIAN_POINT('',(-17.0690548477079,2.,1.02544104980417));
#7222=CARTESIAN_POINT('Origin',(-16.6690548417475,2.,1.02544104980417));
#7223=CARTESIAN_POINT('',(-17.0690548477079,2.,-2.17455899787954));
#7224=CARTESIAN_POINT('Origin',(-17.0690548477079,0.,-2.17455899787954));
#7225=CARTESIAN_POINT('',(-17.0690548477079,0.,1.02544104980417));
#7226=CARTESIAN_POINT('',(-17.0690548477079,0.,0.225441037883244));
#7227=CARTESIAN_POINT('',(-17.0690548477079,0.,1.02544104980417));
#7228=CARTESIAN_POINT('Origin',(-16.6690548417475,0.,1.02544104980417));
#7229=CARTESIAN_POINT('Origin',(-16.6690548417475,0.,1.02544104980417));
#7230=CARTESIAN_POINT('Origin',(-16.6690548417475,2.,1.02544104980417));
#7231=CARTESIAN_POINT('Origin',(-2.92926054329021,0.,10.234659068176));
#7232=CARTESIAN_POINT('',(-2.92926054329021,0.,10.234659068176));
#7233=CARTESIAN_POINT('',(-2.92926054329021,0.,5.29631050481394));
#7234=CARTESIAN_POINT('',(-2.92926054329021,0.,6.43005007091103));
#7235=CARTESIAN_POINT('',(-2.92926054329021,2.,10.234659068176));
#7236=CARTESIAN_POINT('',(-2.92926054329021,0.,10.234659068176));
#7237=CARTESIAN_POINT('',(-2.92926054329021,2.,5.29631050481394));
#7238=CARTESIAN_POINT('',(-2.92926054329021,2.,6.43005007091103));
#7239=CARTESIAN_POINT('',(-2.92926054329021,0.,5.29631050481394));
#7240=CARTESIAN_POINT('Origin',(-3.60012997445812,0.,5.29631050481394));
#7241=CARTESIAN_POINT('',(-4.27099940562603,0.,5.29631050481394));
#7242=CARTESIAN_POINT('Origin',(-3.60012997445812,0.,5.29631050481394));
#7243=CARTESIAN_POINT('',(-4.27099940562603,2.,5.29631050481394));
#7244=CARTESIAN_POINT('Origin',(-3.60012997445812,2.,5.29631050481394));
#7245=CARTESIAN_POINT('',(-4.27099940562603,0.,5.29631050481394));
#7246=CARTESIAN_POINT('Origin',(-4.27099940562603,0.,5.29631050481394));
#7247=CARTESIAN_POINT('',(-4.27099940562603,0.,10.234659068176));
#7248=CARTESIAN_POINT('',(-4.27099940562603,0.,3.96087578922999));
#7249=CARTESIAN_POINT('',(-4.27099940562603,2.,10.234659068176));
#7250=CARTESIAN_POINT('',(-4.27099940562603,2.,3.96087578922999));
#7251=CARTESIAN_POINT('',(-4.27099940562603,0.,10.234659068176));
#7252=CARTESIAN_POINT('Origin',(-3.60012997445812,0.,10.234659068176));
#7253=CARTESIAN_POINT('Origin',(-3.60012997445812,0.,10.234659068176));
#7254=CARTESIAN_POINT('Origin',(-3.60012997445812,2.,10.234659068176));
#7255=CARTESIAN_POINT('Origin',(10.3092295650899,0.,13.0970353078258));
#7256=CARTESIAN_POINT('',(10.3092295650899,0.,13.0970353078258));
#7257=CARTESIAN_POINT('',(10.3092295650899,0.,5.67274693623423));
#7258=CARTESIAN_POINT('',(10.3092295650899,0.,7.86123819073591));
#7259=CARTESIAN_POINT('',(10.3092295650899,2.,13.0970353078258));
#7260=CARTESIAN_POINT('',(10.3092295650899,0.,13.0970353078258));
#7261=CARTESIAN_POINT('',(10.3092295650899,2.,5.67274693623423));
#7262=CARTESIAN_POINT('',(10.3092295650899,2.,7.86123819073591));
#7263=CARTESIAN_POINT('',(10.3092295650899,0.,5.67274693623423));
#7264=CARTESIAN_POINT('Origin',(9.86198327764465,0.,5.67274693623423));
#7265=CARTESIAN_POINT('',(9.41473699019938,0.,5.67274693623423));
#7266=CARTESIAN_POINT('Origin',(9.86198327764465,0.,5.67274693623423));
#7267=CARTESIAN_POINT('',(9.41473699019938,2.,5.67274693623423));
#7268=CARTESIAN_POINT('Origin',(9.86198327764465,2.,5.67274693623423));
#7269=CARTESIAN_POINT('',(9.41473699019938,0.,5.67274693623423));
#7270=CARTESIAN_POINT('Origin',(9.41473699019938,0.,5.67274693623423));
#7271=CARTESIAN_POINT('',(9.41473699019938,0.,13.0970353078258));
#7272=CARTESIAN_POINT('',(9.41473699019938,0.,4.14909400494013));
#7273=CARTESIAN_POINT('',(9.41473699019938,2.,13.0970353078258));
#7274=CARTESIAN_POINT('',(9.41473699019938,2.,4.14909400494013));
#7275=CARTESIAN_POINT('',(9.41473699019938,0.,13.0970353078258));
#7276=CARTESIAN_POINT('Origin',(9.86198327764465,0.,13.0970353078258));
#7277=CARTESIAN_POINT('Origin',(9.86198327764465,0.,13.0970353078258));
#7278=CARTESIAN_POINT('Origin',(9.86198327764465,2.,13.0970353078258));
#7279=CARTESIAN_POINT('Origin',(1.55157570085493,0.,11.710569396692));
#7280=CARTESIAN_POINT('',(1.55157570085493,0.,11.710569396692));
#7281=CARTESIAN_POINT('',(1.55157570085493,0.,4.37573512274338));
#7282=CARTESIAN_POINT('',(1.55157570085493,0.,7.16800523516904));
#7283=CARTESIAN_POINT('',(1.55157570085493,2.,11.710569396692));
#7284=CARTESIAN_POINT('',(1.55157570085493,0.,11.710569396692));
#7285=CARTESIAN_POINT('',(1.55157570085493,2.,4.37573512274338));
#7286=CARTESIAN_POINT('',(1.55157570085493,2.,7.16800523516904));
#7287=CARTESIAN_POINT('',(1.55157570085493,0.,4.37573512274338));
#7288=CARTESIAN_POINT('Origin',(1.09595604371727,0.,4.37573512274339));
#7289=CARTESIAN_POINT('',(0.640336386579609,0.,4.37573512274338));
#7290=CARTESIAN_POINT('Origin',(1.09595604371727,0.,4.37573512274339));
#7291=CARTESIAN_POINT('',(0.640336386579609,2.,4.37573512274338));
#7292=CARTESIAN_POINT('Origin',(1.09595604371727,2.,4.37573512274339));
#7293=CARTESIAN_POINT('',(0.640336386579609,0.,4.37573512274338));
#7294=CARTESIAN_POINT('Origin',(0.640336386579609,0.,4.37573512274338));
#7295=CARTESIAN_POINT('',(0.640336386579609,0.,11.710569396692));
#7296=CARTESIAN_POINT('',(0.640336386579609,0.,3.50058809819471));
#7297=CARTESIAN_POINT('',(0.640336386579609,2.,11.710569396692));
#7298=CARTESIAN_POINT('',(0.640336386579609,2.,3.50058809819471));
#7299=CARTESIAN_POINT('',(0.640336386579609,0.,11.710569396692));
#7300=CARTESIAN_POINT('Origin',(1.09595604371727,0.,11.710569396692));
#7301=CARTESIAN_POINT('Origin',(1.09595604371727,0.,11.710569396692));
#7302=CARTESIAN_POINT('Origin',(1.09595604371727,2.,11.710569396692));
#7303=CARTESIAN_POINT('Origin',(9.99582186847886,0.,0.574661116666406));
#7304=CARTESIAN_POINT('',(9.99582186847886,0.,0.574661116666406));
#7305=CARTESIAN_POINT('',(9.99582186847886,0.,-7.80603304794909));
#7306=CARTESIAN_POINT('',(9.99582186847886,0.,1.60005109515622));
#7307=CARTESIAN_POINT('',(9.99582186847886,2.,0.574661116666406));
#7308=CARTESIAN_POINT('',(9.99582186847886,0.,0.574661116666406));
#7309=CARTESIAN_POINT('',(9.99582186847886,2.,-7.80603304794909));
#7310=CARTESIAN_POINT('',(9.99582186847886,2.,1.60005109515622));
#7311=CARTESIAN_POINT('',(9.99582186847886,0.,-7.80603304794909));
#7312=CARTESIAN_POINT('Origin',(9.48461554440904,0.,-7.80603304794909));
#7313=CARTESIAN_POINT('',(8.97340922033923,0.,-7.80603304794909));
#7314=CARTESIAN_POINT('Origin',(9.48461554440904,0.,-7.80603304794909));
#7315=CARTESIAN_POINT('',(8.97340922033923,2.,-7.80603304794909));
#7316=CARTESIAN_POINT('Origin',(9.48461554440904,2.,-7.80603304794909));
#7317=CARTESIAN_POINT('',(8.97340922033923,0.,-7.80603304794909));
#7318=CARTESIAN_POINT('Origin',(8.97340922033923,0.,-7.80603304794909));
#7319=CARTESIAN_POINT('',(8.97340922033923,0.,0.574661116666406));
#7320=CARTESIAN_POINT('',(8.97340922033923,0.,-2.59029598715153));
#7321=CARTESIAN_POINT('',(8.97340922033923,2.,0.574661116666406));
#7322=CARTESIAN_POINT('',(8.97340922033923,2.,-2.59029598715153));
#7323=CARTESIAN_POINT('',(8.97340922033923,0.,0.574661116666406));
#7324=CARTESIAN_POINT('Origin',(9.48461554440904,0.,0.574661116666406));
#7325=CARTESIAN_POINT('Origin',(9.48461554440904,0.,0.574661116666406));
#7326=CARTESIAN_POINT('Origin',(9.48461554440904,2.,0.574661116666406));
#7327=CARTESIAN_POINT('Origin',(-3.86905465101262,0.,1.42544105576464));
#7328=CARTESIAN_POINT('',(-3.86905465101262,0.,1.42544105576464));
#7329=CARTESIAN_POINT('',(2.53094544435481,0.,1.42544105576464));
#7330=CARTESIAN_POINT('',(-1.46905461524983,0.,1.42544105576464));
#7331=CARTESIAN_POINT('',(-3.86905465101262,2.,1.42544105576464));
#7332=CARTESIAN_POINT('',(-3.86905465101262,0.,1.42544105576464));
#7333=CARTESIAN_POINT('',(2.53094544435481,2.,1.42544105576464));
#7334=CARTESIAN_POINT('',(-1.46905461524983,2.,1.42544105576464));
#7335=CARTESIAN_POINT('',(2.53094544435481,0.,1.42544105576464));
#7336=CARTESIAN_POINT('Origin',(2.53094544435481,0.,1.02544104980417));
#7337=CARTESIAN_POINT('',(2.53094544435481,0.,0.625441043843708));
#7338=CARTESIAN_POINT('Origin',(2.53094544435481,0.,1.02544104980417));
#7339=CARTESIAN_POINT('',(2.53094544435481,2.,0.625441043843708));
#7340=CARTESIAN_POINT('Origin',(2.53094544435481,2.,1.02544104980417));
#7341=CARTESIAN_POINT('',(2.53094544435481,0.,0.625441043843708));
#7342=CARTESIAN_POINT('Origin',(2.53094544435481,0.,0.625441043843708));
#7343=CARTESIAN_POINT('',(-3.86905465101262,0.,0.625441043843708));
#7344=CARTESIAN_POINT('',(1.73094543243388,0.,0.625441043843708));
#7345=CARTESIAN_POINT('',(-3.86905465101262,2.,0.625441043843708));
#7346=CARTESIAN_POINT('',(1.73094543243388,2.,0.625441043843708));
#7347=CARTESIAN_POINT('',(-3.86905465101262,0.,0.625441043843708));
#7348=CARTESIAN_POINT('Origin',(-3.86905465101262,0.,1.02544104980417));
#7349=CARTESIAN_POINT('Origin',(-3.86905465101262,0.,1.02544104980417));
#7350=CARTESIAN_POINT('Origin',(-3.86905465101262,2.,1.02544104980417));
#7351=CARTESIAN_POINT('Origin',(7.73094552184085,0.,-11.7745591409307));
#7352=CARTESIAN_POINT('',(7.73094551762617,0.,-11.7745591451454));
#7353=CARTESIAN_POINT('',(12.5309455933664,0.,-6.97455906940512));
#7354=CARTESIAN_POINT('',(9.63094555015306,0.,-9.87455911261849));
#7355=CARTESIAN_POINT('',(7.73094551762617,2.,-11.7745591451454));
#7356=CARTESIAN_POINT('',(7.73094551762617,0.,-11.7745591451454));
#7357=CARTESIAN_POINT('',(12.5309455933664,2.,-6.97455906940512));
#7358=CARTESIAN_POINT('',(9.63094555015306,2.,-9.87455911261849));
#7359=CARTESIAN_POINT('',(12.5309455933664,0.,-6.97455906940512));
#7360=CARTESIAN_POINT('Origin',(12.7309455963467,0.,-7.17455907238535));
#7361=CARTESIAN_POINT('',(12.9309455993269,0.,-7.37455907536558));
#7362=CARTESIAN_POINT('Origin',(12.7309455963467,0.,-7.17455907238535));
#7363=CARTESIAN_POINT('',(12.9309455993269,2.,-7.37455907536558));
#7364=CARTESIAN_POINT('Origin',(12.7309455963467,2.,-7.17455907238535));
#7365=CARTESIAN_POINT('',(12.9309455993269,0.,-7.37455907536558));
#7366=CARTESIAN_POINT('Origin',(12.9309455993269,0.,-7.37455907536558));
#7367=CARTESIAN_POINT('',(8.13094552780132,0.,-12.1745591468912));
#7368=CARTESIAN_POINT('',(12.4309455918763,0.,-7.87455908281616));
#7369=CARTESIAN_POINT('',(8.13094552780132,2.,-12.1745591468912));
#7370=CARTESIAN_POINT('',(12.4309455918763,2.,-7.87455908281616));
#7371=CARTESIAN_POINT('',(8.13094552780132,0.,-12.1745591468912));
#7372=CARTESIAN_POINT('Origin',(7.93094552482108,0.,-11.9745591439109));
#7373=CARTESIAN_POINT('Origin',(7.93094552482108,0.,-11.9745591439109));
#7374=CARTESIAN_POINT('Origin',(7.93094552482108,2.,-11.9745591439109));
#7375=CARTESIAN_POINT('Origin',(0.930945420512955,2.,2.62544107364603));
#7376=CARTESIAN_POINT('Origin',(0.930945420512955,2.,2.62544107364603));
#7377=CARTESIAN_POINT('Origin',(0.930945420512955,2.,2.62544107364603));
#7378=CARTESIAN_POINT('Origin',(10.2182413128952,48.,-32.7714222687266));
#7379=CARTESIAN_POINT('',(10.2182413128952,48.,-32.7714222687266));
#7380=CARTESIAN_POINT('',(7.36658452856474,48.,-33.2742462995244));
#7381=CARTESIAN_POINT('Origin',(7.36658452856474,48.,-33.2742462995244));
#7382=CARTESIAN_POINT('',(7.97922180518954,48.,-36.7486849484666));
#7383=CARTESIAN_POINT('Origin',(11.2541355898219,48.,-38.6462706485074));
#7384=CARTESIAN_POINT('',(10.8113442973127,48.,-36.1350764414148));
#7385=CARTESIAN_POINT('Origin',(36.2291762354849,48.,-7.02995642227441));
#7386=CARTESIAN_POINT('Origin',(-25.0799895020768,48.,-23.1160247728061));
#7387=CARTESIAN_POINT('Origin',(-8.35635047186924,48.,38.0223044160186));
#7388=CARTESIAN_POINT('Origin',(26.9418803431027,48.,28.3669069200982));
#7389=CARTESIAN_POINT('Origin',(-34.367285394459,48.,12.2808385695665));
#7390=CARTESIAN_POINT('Origin',(0.930945420512955,48.,2.62544107364603));
#7391=CARTESIAN_POINT('Origin',(0.930945420512955,48.,2.62544107364603));
#7392=CARTESIAN_POINT('Origin',(0.930945420512955,48.,2.62544107364603));
#7393=CARTESIAN_POINT('Origin',(0.930945420512955,48.,2.62544107364603));
#7394=CARTESIAN_POINT('Origin',(0.930945420512955,48.,2.62544107364603));
#7395=CARTESIAN_POINT('Origin',(19.163284384344,31.302665432424,14.6593596492126));
#7396=CARTESIAN_POINT('',(17.5617588680095,13.3677448151115,13.7347184612428));
#7397=CARTESIAN_POINT('',(19.163284384344,13.3677448151115,14.6593596492126));
#7398=CARTESIAN_POINT('',(17.5617588680095,31.302665432424,13.7347184612428));
#7399=CARTESIAN_POINT('',(17.5617588680095,0.,13.7347184612428));
#7400=CARTESIAN_POINT('',(19.163284384344,31.302665432424,14.6593596492126));
#7401=CARTESIAN_POINT('Origin',(18.350714892479,31.302665432424,16.0667712938032));
#7402=CARTESIAN_POINT('',(15.5182109033115,31.302665432424,16.3079732126309));
#7403=CARTESIAN_POINT('Ctrl Pts',(15.5182109033115,31.302665432424,16.3079732126309));
#7404=CARTESIAN_POINT('Ctrl Pts',(15.5182109033115,31.5077312440441,16.3079732126309));
#7405=CARTESIAN_POINT('Ctrl Pts',(15.5472784273131,31.7259623195772,16.2771837892195));
#7406=CARTESIAN_POINT('Ctrl Pts',(15.6631433119509,32.1262583325762,16.1520672222109));
#7407=CARTESIAN_POINT('Ctrl Pts',(15.7497433665255,32.308357589795,16.0576672550753));
#7408=CARTESIAN_POINT('Ctrl Pts',(15.9456899676781,32.596321782097,15.8382846701125));
#7409=CARTESIAN_POINT('Ctrl Pts',(16.0684120517723,32.7212128297172,15.6982538458095));
#7410=CARTESIAN_POINT('Ctrl Pts',(16.3310235138782,32.8869602554897,15.3878438452234));
#7411=CARTESIAN_POINT('Ctrl Pts',(16.4707828788972,32.9278044161541,15.2173481769992));
#7412=CARTESIAN_POINT('Ctrl Pts',(16.7267482488078,32.9278044161541,14.8947014712681));
#7413=CARTESIAN_POINT('Ctrl Pts',(16.8602094326797,32.8873956682681,14.7208623738681));
#7414=CARTESIAN_POINT('Ctrl Pts',(17.1008670665359,32.7218436796446,14.3971997509804));
#7415=CARTESIAN_POINT('Ctrl Pts',(17.2082017170987,32.5966739917969,14.247492537124));
#7416=CARTESIAN_POINT('Ctrl Pts',(17.3750643942103,32.307708853356,14.0101625477416));
#7417=CARTESIAN_POINT('Ctrl Pts',(17.4458667320584,32.1250598489287,13.9065887929406));
#7418=CARTESIAN_POINT('Ctrl Pts',(17.5391362007041,31.7246357222153,13.7688211165643));
#7419=CARTESIAN_POINT('Ctrl Pts',(17.5617588680095,31.5068654482982,13.7347184612428));
#7420=CARTESIAN_POINT('Ctrl Pts',(17.5617588680095,31.302665432424,13.7347184612428));
#7421=CARTESIAN_POINT('',(17.538145400614,31.302665432424,17.4741829383939));
#7422=CARTESIAN_POINT('Origin',(17.538145400614,13.3677448151115,17.4741829383939));
#7423=CARTESIAN_POINT('',(15.5182109033115,13.3677448151115,16.3079732126309));
#7424=CARTESIAN_POINT('',(15.5182109033115,0.,16.3079732126309));
#7425=CARTESIAN_POINT('',(17.538145400614,13.3677448151115,17.4741829383939));
#7426=CARTESIAN_POINT('Origin',(18.350714892479,13.3677448151115,16.0667712938032));
#7427=CARTESIAN_POINT('Ctrl Pts',(17.5617588680095,13.3677448151115,13.7347184612428));
#7428=CARTESIAN_POINT('Ctrl Pts',(17.5617588680095,13.1638022877539,13.7347184612428));
#7429=CARTESIAN_POINT('Ctrl Pts',(17.5391925361665,12.9462889355504,13.768735716787));
#7430=CARTESIAN_POINT('Ctrl Pts',(17.4461410958812,12.5462567117009,13.9061857113731));
#7431=CARTESIAN_POINT('Ctrl Pts',(17.3755011783277,12.3637426483664,14.0095275825121));
#7432=CARTESIAN_POINT('Ctrl Pts',(17.2088089082081,12.0745028387391,14.2466426522442));
#7433=CARTESIAN_POINT('Ctrl Pts',(17.1014034665363,11.9490506361253,14.3964662781392));
#7434=CARTESIAN_POINT('Ctrl Pts',(16.8605225907739,11.7831153398579,14.7204532258929));
#7435=CARTESIAN_POINT('Ctrl Pts',(16.7269082853945,11.7426058313814,14.8944997436769));
#7436=CARTESIAN_POINT('Ctrl Pts',(16.4702130909647,11.7426058313814,15.2180663999348));
#7437=CARTESIAN_POINT('Ctrl Pts',(16.3298592293523,11.7838098565809,15.3892598801595));
#7438=CARTESIAN_POINT('Ctrl Pts',(16.0662972750762,11.9509118283015,15.7007132030915));
#7439=CARTESIAN_POINT('Ctrl Pts',(15.943221294942,12.0767974842038,15.8410914125538));
#7440=CARTESIAN_POINT('Ctrl Pts',(15.7478695784462,12.365734942337,16.059721899695));
#7441=CARTESIAN_POINT('Ctrl Pts',(15.6619469716414,12.5473611635878,16.1533657069437));
#7442=CARTESIAN_POINT('Ctrl Pts',(15.5470203819302,12.9462751084328,16.277455736947));
#7443=CARTESIAN_POINT('Ctrl Pts',(15.5182109033115,13.1635966762256,16.3079732126309));
#7444=CARTESIAN_POINT('Ctrl Pts',(15.5182109033115,13.3677448151115,16.3079732126309));
#7445=CARTESIAN_POINT('Origin',(3.83092414144506,31.302665432424,26.4511797548316));
#7446=CARTESIAN_POINT('',(4.96624053018727,13.3677448151115,22.2141213093801));
#7447=CARTESIAN_POINT('',(3.83092414144506,13.3677448151115,26.4511797548316));
#7448=CARTESIAN_POINT('',(4.96624053018727,31.302665432424,22.2141213093801));
#7449=CARTESIAN_POINT('',(4.96624053018727,0.,22.2141213093801));
#7450=CARTESIAN_POINT('',(3.83092414144506,31.302665432424,26.4511797548316));
#7451=CARTESIAN_POINT('Origin',(2.26116042575102,31.302665432424,26.0305628349037));
#7452=CARTESIAN_POINT('',(1.49321054098719,31.302665432424,22.6175359597328));
#7453=CARTESIAN_POINT('Ctrl Pts',(1.49321054098719,31.302665432424,22.6175359597328));
#7454=CARTESIAN_POINT('Ctrl Pts',(1.49321054098719,31.5088389000018,22.6175359597328));
#7455=CARTESIAN_POINT('Ctrl Pts',(1.53666496195949,31.7279214491958,22.6164571979231));
#7456=CARTESIAN_POINT('Ctrl Pts',(1.71116703263625,32.1283750356714,22.6104073277777));
#7457=CARTESIAN_POINT('Ctrl Pts',(1.84221189003821,32.3097441292595,22.6052287996335));
#7458=CARTESIAN_POINT('Ctrl Pts',(2.14659484930924,32.5995724132413,22.5890666294239));
#7459=CARTESIAN_POINT('Ctrl Pts',(2.34199937923948,32.7247864756948,22.5767382630938));
#7460=CARTESIAN_POINT('Ctrl Pts',(2.76642464790972,32.8888365443453,22.5421764701111));
#7461=CARTESIAN_POINT('Ctrl Pts',(2.99537982214321,32.9278044161541,22.5197641970571));
#7462=CARTESIAN_POINT('Ctrl Pts',(3.42540198630032,32.9278044161541,22.4704753796851));
#7463=CARTESIAN_POINT('Ctrl Pts',(3.65745063169962,32.8875654051047,22.4399212195334));
#7464=CARTESIAN_POINT('Ctrl Pts',(4.0883905648085,32.7228560527314,22.3758333301085));
#7465=CARTESIAN_POINT('Ctrl Pts',(4.28731103496103,32.5983978469442,22.3424647507884));
#7466=CARTESIAN_POINT('Ctrl Pts',(4.59915510630907,32.3115920431651,22.2867793644779));
#7467=CARTESIAN_POINT('Ctrl Pts',(4.73563372515262,32.1319135963072,22.2604382147149));
#7468=CARTESIAN_POINT('Ctrl Pts',(4.91929824797922,31.7319798873848,22.2239565195646));
#7469=CARTESIAN_POINT('Ctrl Pts',(4.96624053018727,31.511585000171,22.2141213093801));
#7470=CARTESIAN_POINT('Ctrl Pts',(4.96624053018727,31.302665432424,22.2141213093801));
#7471=CARTESIAN_POINT('',(0.691396710056978,31.302665432424,25.6099459149758));
#7472=CARTESIAN_POINT('Origin',(0.69139671005698,13.3677448151115,25.6099459149758));
#7473=CARTESIAN_POINT('',(1.49321054098719,13.3677448151115,22.6175359597328));
#7474=CARTESIAN_POINT('',(1.4932105409872,0.,22.6175359597328));
#7475=CARTESIAN_POINT('',(0.691396710056978,13.3677448151115,25.6099459149758));
#7476=CARTESIAN_POINT('Origin',(2.26116042575102,13.3677448151115,26.0305628349037));
#7477=CARTESIAN_POINT('Ctrl Pts',(4.96624053018727,13.3677448151115,22.2141213093801));
#7478=CARTESIAN_POINT('Ctrl Pts',(4.96624053018727,13.1638982622431,22.2141213093801));
#7479=CARTESIAN_POINT('Ctrl Pts',(4.9215231096674,12.9484000997497,22.2234848158803));
#7480=CARTESIAN_POINT('Ctrl Pts',(4.74576147744903,12.5557692882807,22.2584542693595));
#7481=CARTESIAN_POINT('Ctrl Pts',(4.61495506646937,12.3785051010027,22.2837774495502));
#7482=CARTESIAN_POINT('Ctrl Pts',(4.30813816973132,12.0862616309073,22.3389172708444));
#7483=CARTESIAN_POINT('Ctrl Pts',(4.10636088453355,11.9565415717564,22.3729968167424));
#7484=CARTESIAN_POINT('Ctrl Pts',(3.66751709218462,11.7847043552775,22.4385780457614));
#7485=CARTESIAN_POINT('Ctrl Pts',(3.43041654099268,11.7426058313814,22.4699006151938));
#7486=CARTESIAN_POINT('Ctrl Pts',(2.99235897829004,11.7426058313814,22.52011044391));
#7487=CARTESIAN_POINT('Ctrl Pts',(2.76032371883237,11.7826823695838,22.5427633353635));
#7488=CARTESIAN_POINT('Ctrl Pts',(2.33114374185786,11.9511195085163,22.5775285750253));
#7489=CARTESIAN_POINT('Ctrl Pts',(2.13406558225924,12.079610612624,22.589829888364));
#7490=CARTESIAN_POINT('Ctrl Pts',(1.83287621031377,12.3727706272794,22.6056246851322));
#7491=CARTESIAN_POINT('Ctrl Pts',(1.70523832670703,12.5526169437711,22.6106278423274));
#7492=CARTESIAN_POINT('Ctrl Pts',(1.5354024079977,12.9485397343365,22.6164853520592));
#7493=CARTESIAN_POINT('Ctrl Pts',(1.49321054098719,13.1646159264326,22.6175359597328));
#7494=CARTESIAN_POINT('Ctrl Pts',(1.49321054098719,13.3677448151115,22.6175359597328));
#7495=CARTESIAN_POINT('Origin',(-13.4942012878011,31.302665432424,18.4582822215768));
#7496=CARTESIAN_POINT('',(-12.3008954000359,13.3677448151115,17.6227204435736));
#7497=CARTESIAN_POINT('',(-13.4942012878011,13.3677448151115,18.4582822215768));
#7498=CARTESIAN_POINT('',(-12.3008954000359,31.302665432424,17.6227204435736));
#7499=CARTESIAN_POINT('',(-12.3008954000359,0.,17.6227204435736));
#7500=CARTESIAN_POINT('',(-13.4942012878011,31.302665432424,18.4582822215768));
#7501=CARTESIAN_POINT('Origin',(-14.4263427146641,31.302665432424,17.1270463008006));
#7502=CARTESIAN_POINT('',(-14.580270185629,31.302665432424,15.2508991017644));
#7503=CARTESIAN_POINT('Ctrl Pts',(-14.580270185629,31.302665432424,15.2508991017644));
#7504=CARTESIAN_POINT('Ctrl Pts',(-14.580270185629,31.5068909176469,15.2508991017644));
#7505=CARTESIAN_POINT('Ctrl Pts',(-14.5545189497409,31.7246795392452,15.2827441650402));
#7506=CARTESIAN_POINT('Ctrl Pts',(-14.4486293416597,32.1251057247341,15.4111991061375));
#7507=CARTESIAN_POINT('Ctrl Pts',(-14.3683439531309,32.3077381034736,15.5077038933882));
#7508=CARTESIAN_POINT('Ctrl Pts',(-14.179739780031,32.5967274422186,15.7284326708087));
#7509=CARTESIAN_POINT('Ctrl Pts',(-14.0586685468938,32.7219013047428,15.8675033295373));
#7510=CARTESIAN_POINT('Ctrl Pts',(-13.788363957992,32.8874254471915,16.167326876746));
#7511=CARTESIAN_POINT('Ctrl Pts',(-13.6390044827762,32.9278044161541,16.3279501964365));
#7512=CARTESIAN_POINT('Ctrl Pts',(-13.3535407945684,32.9278044161541,16.6253058230763));
#7513=CARTESIAN_POINT('Ctrl Pts',(-13.1981712596248,32.8869680336923,16.7820472149898));
#7514=CARTESIAN_POINT('Ctrl Pts',(-12.9071060147361,32.7212380105698,17.066693376698));
#7515=CARTESIAN_POINT('Ctrl Pts',(-12.7715286725591,32.5963565266069,17.1947262347538));
#7516=CARTESIAN_POINT('Ctrl Pts',(-12.5554662706501,32.3084193659578,17.3949440810941));
#7517=CARTESIAN_POINT('Ctrl Pts',(-12.4601973252958,32.1263650593808,17.4808977333987));
#7518=CARTESIAN_POINT('Ctrl Pts',(-12.3328152282117,31.7260743101409,17.5947413287132));
#7519=CARTESIAN_POINT('Ctrl Pts',(-12.3008954000359,31.5078017370955,17.6227204435736));
#7520=CARTESIAN_POINT('Ctrl Pts',(-12.3008954000359,31.302665432424,17.6227204435736));
#7521=CARTESIAN_POINT('',(-15.3584841415272,31.302665432424,15.7958103800244));
#7522=CARTESIAN_POINT('Origin',(-15.3584841415272,13.3677448151115,15.7958103800244));
#7523=CARTESIAN_POINT('',(-14.580270185629,13.3677448151115,15.2508991017644));
#7524=CARTESIAN_POINT('',(-14.580270185629,0.,15.2508991017644));
#7525=CARTESIAN_POINT('',(-15.3584841415272,13.3677448151115,15.7958103800244));
#7526=CARTESIAN_POINT('Origin',(-14.4263427146641,13.3677448151115,17.1270463008006));
#7527=CARTESIAN_POINT('Ctrl Pts',(-12.3008954000359,13.3677448151115,17.6227204435736));
#7528=CARTESIAN_POINT('Ctrl Pts',(-12.3008954000359,13.163601615234,17.6227204435736));
#7529=CARTESIAN_POINT('Ctrl Pts',(-12.3325088852386,12.946312848052,17.5950084834715));
#7530=CARTESIAN_POINT('Ctrl Pts',(-12.45877428617,12.547516525249,17.4821760672847));
#7531=CARTESIAN_POINT('Ctrl Pts',(-12.5532357672845,12.3659733752372,17.3969684101364));
#7532=CARTESIAN_POINT('Ctrl Pts',(-12.7685813220044,12.0769827450257,17.1974995756218));
#7533=CARTESIAN_POINT('Ctrl Pts',(-12.9045760153866,11.9510257886745,17.0691280571768));
#7534=CARTESIAN_POINT('Ctrl Pts',(-13.1967724446185,11.7838312090705,16.7834541758317));
#7535=CARTESIAN_POINT('Ctrl Pts',(-13.35285374767,11.7426058313814,16.6260214911961));
#7536=CARTESIAN_POINT('Ctrl Pts',(-13.6392115495509,11.7426058313814,16.3277345036073));
#7537=CARTESIAN_POINT('Ctrl Pts',(-13.7887707734492,11.7831016539278,16.1668880848166));
#7538=CARTESIAN_POINT('Ctrl Pts',(-14.0593689905321,11.9490706743974,15.8667138916776));
#7539=CARTESIAN_POINT('Ctrl Pts',(-14.1805348250348,12.0745725222614,15.7275163300666));
#7540=CARTESIAN_POINT('Ctrl Pts',(-14.3689184898583,12.3638809668374,15.5070173742455));
#7541=CARTESIAN_POINT('Ctrl Pts',(-14.4489907049427,12.546356755258,15.4107629665694));
#7542=CARTESIAN_POINT('Ctrl Pts',(-14.5545934467904,12.9463279997801,15.2826515521548));
#7543=CARTESIAN_POINT('Ctrl Pts',(-14.580270185629,13.1638183214662,15.2508991017644));
#7544=CARTESIAN_POINT('Ctrl Pts',(-14.580270185629,13.3677448151115,15.2508991017644));
#7545=CARTESIAN_POINT('Origin',(-19.2780257097905,30.8413288532296,-10.2408338340347));
#7546=CARTESIAN_POINT('',(-16.2151369446147,30.8413288532296,-7.67076500083874));
#7547=CARTESIAN_POINT('',(-16.2151369446147,12.906408235917,-7.67076500083874));
#7548=CARTESIAN_POINT('',(-16.2151369446147,0.,-7.67076500083875));
#7549=CARTESIAN_POINT('',(-19.2780257097905,30.8413288532296,-10.2408338340347));
#7550=CARTESIAN_POINT('',(-19.2780257097905,12.906408235917,-10.2408338340347));
#7551=CARTESIAN_POINT('Origin',(-18.2334065070302,12.906408235917,-11.4857625218172));
#7552=CARTESIAN_POINT('',(-14.3149022431936,12.906408235917,-10.3192153148045));
#7553=CARTESIAN_POINT('Ctrl Pts',(-16.2151369446147,12.906408235917,-7.67076500083875));
#7554=CARTESIAN_POINT('Ctrl Pts',(-16.2151369446147,12.7022333086686,-7.67076500083875));
#7555=CARTESIAN_POINT('Ctrl Pts',(-16.1939554889166,12.4846564873249,-7.70629545041792));
#7556=CARTESIAN_POINT('Ctrl Pts',(-16.1068489251464,12.0848008702264,-7.84931785221929));
#7557=CARTESIAN_POINT('Ctrl Pts',(-16.0407898047891,11.9025031364379,-7.95667517560539));
#7558=CARTESIAN_POINT('Ctrl Pts',(-15.8853254684216,11.6139422296305,-8.20203499966349));
#7559=CARTESIAN_POINT('Ctrl Pts',(-15.7853178195361,11.4886149787909,-8.35668764600547));
#7560=CARTESIAN_POINT('Ctrl Pts',(-15.5606412074855,11.3222729574903,-8.6912801129469));
#7561=CARTESIAN_POINT('Ctrl Pts',(-15.4358227446939,11.2812692521869,-8.87112502304417));
#7562=CARTESIAN_POINT('Ctrl Pts',(-15.1969932486339,11.2812692521869,-9.20381604590198));
#7563=CARTESIAN_POINT('Ctrl Pts',(-15.0671123728516,11.321922318819,-9.37882162945456));
#7564=CARTESIAN_POINT('Ctrl Pts',(-14.823309680296,11.4876754145242,-9.69704335209304));
#7565=CARTESIAN_POINT('Ctrl Pts',(-14.7095318404554,11.6127830649378,-9.8403658028425));
#7566=CARTESIAN_POINT('Ctrl Pts',(-14.5279135035306,11.9014958791496,-10.0648902446002));
#7567=CARTESIAN_POINT('Ctrl Pts',(-14.4479757068369,12.0842418275511,-10.1611012027662));
#7568=CARTESIAN_POINT('Ctrl Pts',(-14.3414017916883,12.4846612206699,-10.2882063219428));
#7569=CARTESIAN_POINT('Ctrl Pts',(-14.3149022431936,12.7023345433147,-10.3192153148045));
#7570=CARTESIAN_POINT('Ctrl Pts',(-14.3149022431936,12.906408235917,-10.3192153148045));
#7571=CARTESIAN_POINT('',(-17.1887873042699,12.906408235917,-12.7306912095996));
#7572=CARTESIAN_POINT('Origin',(-17.1887873042699,12.906408235917,-12.7306912095996));
#7573=CARTESIAN_POINT('',(-14.3149022431936,30.8413288532296,-10.3192153148045));
#7574=CARTESIAN_POINT('',(-14.3149022431936,0.,-10.3192153148045));
#7575=CARTESIAN_POINT('',(-17.1887873042699,30.8413288532296,-12.7306912095996));
#7576=CARTESIAN_POINT('Origin',(-18.2334065070302,30.8413288532296,-11.4857625218172));
#7577=CARTESIAN_POINT('Ctrl Pts',(-14.3149022431936,30.8413288532296,-10.3192153148045));
#7578=CARTESIAN_POINT('Ctrl Pts',(-14.3149022431936,31.0454025458319,-10.3192153148045));
#7579=CARTESIAN_POINT('Ctrl Pts',(-14.3414017916883,31.2630758684767,-10.2882063219428));
#7580=CARTESIAN_POINT('Ctrl Pts',(-14.4479757068369,31.6634952615955,-10.1611012027662));
#7581=CARTESIAN_POINT('Ctrl Pts',(-14.5279135035306,31.846241209997,-10.0648902446002));
#7582=CARTESIAN_POINT('Ctrl Pts',(-14.7095318404554,32.1349540242088,-9.84036580284249));
#7583=CARTESIAN_POINT('Ctrl Pts',(-14.823309680296,32.2600616746224,-9.69704335209303));
#7584=CARTESIAN_POINT('Ctrl Pts',(-15.0671123728516,32.4258147703276,-9.37882162945455));
#7585=CARTESIAN_POINT('Ctrl Pts',(-15.1969932486339,32.4664678369597,-9.20381604590198));
#7586=CARTESIAN_POINT('Ctrl Pts',(-15.4358227446939,32.4664678369597,-8.87112502304417));
#7587=CARTESIAN_POINT('Ctrl Pts',(-15.5606412074855,32.4254641316564,-8.6912801129469));
#7588=CARTESIAN_POINT('Ctrl Pts',(-15.7853178195361,32.2591221103557,-8.35668764600547));
#7589=CARTESIAN_POINT('Ctrl Pts',(-15.8853254684216,32.1337948595162,-8.20203499966348));
#7590=CARTESIAN_POINT('Ctrl Pts',(-16.0407898047891,31.8452339527087,-7.95667517560538));
#7591=CARTESIAN_POINT('Ctrl Pts',(-16.1068489251464,31.6629362189202,-7.84931785221928));
#7592=CARTESIAN_POINT('Ctrl Pts',(-16.1939554889166,31.2630806018217,-7.70629545041792));
#7593=CARTESIAN_POINT('Ctrl Pts',(-16.2151369446147,31.045503780478,-7.67076500083875));
#7594=CARTESIAN_POINT('Ctrl Pts',(-16.2151369446147,30.8413288532296,-7.67076500083875));
#7595=CARTESIAN_POINT('Origin',(-6.96050897454091,31.302665432424,-17.2530739262121));
#7596=CARTESIAN_POINT('',(-6.14090051512484,13.3677448151115,-16.0825517385881));
#7597=CARTESIAN_POINT('',(-6.96050897454091,13.3677448151115,-17.2530739262121));
#7598=CARTESIAN_POINT('',(-6.14090051512484,31.302665432424,-16.0825517385881));
#7599=CARTESIAN_POINT('',(-6.14090051512483,0.,-16.0825517385881));
#7600=CARTESIAN_POINT('',(-6.96050897454091,31.302665432424,-17.2530739262121));
#7601=CARTESIAN_POINT('Origin',(-5.62927305376469,31.302665432424,-18.1852153530752));
#7602=CARTESIAN_POINT('',(-2.82813284468114,31.302665432424,-17.0181159004904));
#7603=CARTESIAN_POINT('Ctrl Pts',(-2.82813284468114,31.302665432424,-17.0181159004904));
#7604=CARTESIAN_POINT('Ctrl Pts',(-2.82813284468114,31.5106060912326,-17.0181159004904));
#7605=CARTESIAN_POINT('Ctrl Pts',(-2.87386827244537,31.7304748429053,-17.0095219536686));
#7606=CARTESIAN_POINT('Ctrl Pts',(-3.05345091911434,32.1305182526721,-16.973869271542));
#7607=CARTESIAN_POINT('Ctrl Pts',(-3.18701400548607,32.3108038353269,-16.9466248907981));
#7608=CARTESIAN_POINT('Ctrl Pts',(-3.49098668696486,32.5978807146336,-16.8802396046318));
#7609=CARTESIAN_POINT('Ctrl Pts',(-3.68379444253331,32.7224411161378,-16.836060560345));
#7610=CARTESIAN_POINT('Ctrl Pts',(-4.09950019046798,32.8874078532296,-16.7327738958057));
#7611=CARTESIAN_POINT('Ctrl Pts',(-4.32236100928738,32.9278044161541,-16.6735011212888));
#7612=CARTESIAN_POINT('Ctrl Pts',(-4.73355084141296,32.9278044161541,-16.5568016895423));
#7613=CARTESIAN_POINT('Ctrl Pts',(-4.95108703121526,32.8885015920821,-16.4911951928972));
#7614=CARTESIAN_POINT('Ctrl Pts',(-5.35114058612377,32.7240833054706,-16.3634894726909));
#7615=CARTESIAN_POINT('Ctrl Pts',(-5.53367325492988,32.5988595937328,-16.3015776504073));
#7616=CARTESIAN_POINT('Ctrl Pts',(-5.81766026169521,32.3092029324339,-16.202152150088));
#7617=CARTESIAN_POINT('Ctrl Pts',(-5.93938220497328,32.1274808114216,-16.1576902451412));
#7618=CARTESIAN_POINT('Ctrl Pts',(-6.1009622050629,31.727023297447,-16.0977984667172));
#7619=CARTESIAN_POINT('Ctrl Pts',(-6.14090051512484,31.5082929198022,-16.0825517385881));
#7620=CARTESIAN_POINT('Ctrl Pts',(-6.14090051512484,31.302665432424,-16.0825517385881));
#7621=CARTESIAN_POINT('',(-4.29803713298847,31.302665432424,-19.1173567799382));
#7622=CARTESIAN_POINT('Origin',(-4.29803713298847,13.3677448151115,-19.1173567799382));
#7623=CARTESIAN_POINT('',(-2.82813284468114,13.3677448151115,-17.0181159004904));
#7624=CARTESIAN_POINT('',(-2.82813284468115,0.,-17.0181159004904));
#7625=CARTESIAN_POINT('',(-4.29803713298847,13.3677448151115,-19.1173567799382));
#7626=CARTESIAN_POINT('Origin',(-5.62927305376469,13.3677448151115,-18.1852153530752));
#7627=CARTESIAN_POINT('Ctrl Pts',(-6.14090051512484,13.3677448151115,-16.0825517385881));
#7628=CARTESIAN_POINT('Ctrl Pts',(-6.14090051512484,13.1644218127678,-16.0825517385881));
#7629=CARTESIAN_POINT('Ctrl Pts',(-6.10184377066063,12.9479738901168,-16.0974593552088));
#7630=CARTESIAN_POINT('Ctrl Pts',(-5.9435642074003,12.5509672285384,-16.1561520890226));
#7631=CARTESIAN_POINT('Ctrl Pts',(-5.82426629465747,12.3704123693187,-16.1997607829787));
#7632=CARTESIAN_POINT('Ctrl Pts',(-5.54262765106523,12.0782489541655,-16.2985201719975));
#7633=CARTESIAN_POINT('Ctrl Pts',(-5.35894264641879,11.9505309275988,-16.3609264253581));
#7634=CARTESIAN_POINT('Ctrl Pts',(-4.95552041172,11.7827630940488,-16.4898502589846));
#7635=CARTESIAN_POINT('Ctrl Pts',(-4.73576566599843,11.7426058313814,-16.5561731020862));
#7636=CARTESIAN_POINT('Ctrl Pts',(-4.31850312688752,11.7426058313814,-16.6745960235666));
#7637=CARTESIAN_POINT('Ctrl Pts',(-4.09171047618192,11.7845036090785,-16.7348317641536));
#7638=CARTESIAN_POINT('Ctrl Pts',(-3.66979814126277,11.9551975432524,-16.8394091773832));
#7639=CARTESIAN_POINT('Ctrl Pts',(-3.47471695511079,12.0839804217096,-16.8839277624658));
#7640=CARTESIAN_POINT('Ctrl Pts',(-3.17464464523314,12.3753632244391,-16.9491856418739));
#7641=CARTESIAN_POINT('Ctrl Pts',(-3.04552516165536,12.5536942373231,-16.9754643498354));
#7642=CARTESIAN_POINT('Ctrl Pts',(-2.8721321747165,12.947875070824,-17.0098438143127));
#7643=CARTESIAN_POINT('Ctrl Pts',(-2.82813284468115,13.1638304789986,-17.0181159004904));
#7644=CARTESIAN_POINT('Ctrl Pts',(-2.82813284468115,13.3677448151115,-17.0181159004904));
#7645=CARTESIAN_POINT('Origin',(15.6725138234449,31.302665432424,-15.0005081437925));
#7646=CARTESIAN_POINT('',(13.5571624152802,13.3677448151115,-12.8851567356278));
#7647=CARTESIAN_POINT('',(15.6725138234449,13.3677448151115,-15.0005081437925));
#7648=CARTESIAN_POINT('',(13.5571624152802,31.302665432424,-12.8851567356278));
#7649=CARTESIAN_POINT('',(13.5571624152802,0.,-12.8851567356278));
#7650=CARTESIAN_POINT('',(15.6725138234449,31.302665432424,-15.0005081437925));
#7651=CARTESIAN_POINT('Origin',(16.8216606192111,31.302665432424,-13.8513613480264));
#7652=CARTESIAN_POINT('',(15.9032480698699,31.302665432424,-10.6346552071529));
#7653=CARTESIAN_POINT('Ctrl Pts',(15.9032480698699,31.302665432424,-10.6346552071529));
#7654=CARTESIAN_POINT('Ctrl Pts',(15.9032480698699,31.5067688754108,-10.6346552071529));
#7655=CARTESIAN_POINT('Ctrl Pts',(15.8762414078299,31.7244419422205,-10.6653461736779));
#7656=CARTESIAN_POINT('Ctrl Pts',(15.7653439430177,32.1248239133399,-10.7890107699219));
#7657=CARTESIAN_POINT('Ctrl Pts',(15.6813280659506,32.3075380329329,-10.8818552874025));
#7658=CARTESIAN_POINT('Ctrl Pts',(15.484796357282,32.5960829962006,-11.0933877791415));
#7659=CARTESIAN_POINT('Ctrl Pts',(15.359148361198,32.7211580543138,-11.2261669958423));
#7660=CARTESIAN_POINT('Ctrl Pts',(15.0789540499687,32.8870198728846,-11.512236883818));
#7661=CARTESIAN_POINT('Ctrl Pts',(14.9242799855531,32.9278044161541,-11.6654036874983));
#7662=CARTESIAN_POINT('Ctrl Pts',(14.6295938936386,32.9278044161541,-11.9481226200082));
#7663=CARTESIAN_POINT('Ctrl Pts',(14.4700188363282,32.8869599286685,-12.0964360783392));
#7664=CARTESIAN_POINT('Ctrl Pts',(14.172245028958,32.7210719453286,-12.3648277870935));
#7665=CARTESIAN_POINT('Ctrl Pts',(14.0341626603422,32.5960356857916,-12.4850396031353));
#7666=CARTESIAN_POINT('Ctrl Pts',(13.8142350638176,32.3076276672976,-12.6729825378622));
#7667=CARTESIAN_POINT('Ctrl Pts',(13.7177031195404,32.124988520529,-12.7533031074786));
#7668=CARTESIAN_POINT('Ctrl Pts',(13.5890994959092,31.7246230997529,-12.8593282327083));
#7669=CARTESIAN_POINT('Ctrl Pts',(13.5571624152802,31.5068864353421,-12.8851567356278));
#7670=CARTESIAN_POINT('Ctrl Pts',(13.5571624152802,31.302665432424,-12.8851567356278));
#7671=CARTESIAN_POINT('',(17.9708074149772,31.302665432424,-12.7022145522602));
#7672=CARTESIAN_POINT('Origin',(17.9708074149772,13.3677448151115,-12.7022145522602));
#7673=CARTESIAN_POINT('',(15.9032480698699,13.3677448151115,-10.6346552071529));
#7674=CARTESIAN_POINT('',(15.9032480698699,0.,-10.6346552071529));
#7675=CARTESIAN_POINT('',(17.9708074149772,13.3677448151115,-12.7022145522602));
#7676=CARTESIAN_POINT('Origin',(16.8216606192111,13.3677448151115,-13.8513613480264));
#7677=CARTESIAN_POINT('Ctrl Pts',(13.5571624152802,13.3677448151115,-12.8851567356278));
#7678=CARTESIAN_POINT('Ctrl Pts',(13.5571624152802,13.163580450842,-12.8851567356278));
#7679=CARTESIAN_POINT('Ctrl Pts',(13.5890818909028,12.9459002448561,-12.8593423958366));
#7680=CARTESIAN_POINT('Ctrl Pts',(13.7176204050699,12.5456209873411,-12.7533716508052));
#7681=CARTESIAN_POINT('Ctrl Pts',(13.8141049761085,12.3630115564652,-12.6730914261461));
#7682=CARTESIAN_POINT('Ctrl Pts',(14.0339893300054,12.0745435295938,-12.4851900040965));
#7683=CARTESIAN_POINT('Ctrl Pts',(14.1720957609987,11.9494452453289,-12.3649602159085));
#7684=CARTESIAN_POINT('Ctrl Pts',(14.4699358581061,11.783472777224,-12.0965129777394));
#7685=CARTESIAN_POINT('Ctrl Pts',(14.6295530259073,11.7426058313814,-11.9481618281069));
#7686=CARTESIAN_POINT('Ctrl Pts',(14.9242557932224,11.7426058313814,-11.6654268973819));
#7687=CARTESIAN_POINT('Ctrl Pts',(15.0789065269801,11.783377085623,-11.5122840795066));
#7688=CARTESIAN_POINT('Ctrl Pts',(15.359066399651,11.9491888403695,-11.2262519993231));
#7689=CARTESIAN_POINT('Ctrl Pts',(15.4847032109955,12.0742271251903,-11.0934865315667));
#7690=CARTESIAN_POINT('Ctrl Pts',(15.6812605916481,12.3627365430025,-10.8819294143961));
#7691=CARTESIAN_POINT('Ctrl Pts',(15.7653014684083,12.5454682909409,-10.7890578955838));
#7692=CARTESIAN_POINT('Ctrl Pts',(15.8762326328015,12.9459013342252,-10.6653561976864));
#7693=CARTESIAN_POINT('Ctrl Pts',(15.9032480698699,13.1636078483608,-10.6346552071529));
#7694=CARTESIAN_POINT('Ctrl Pts',(15.9032480698699,13.3677448151115,-10.6346552071529));
#7695=CARTESIAN_POINT('Origin',(23.730945420513,31.302665432424,1.00030208991596));
#7696=CARTESIAN_POINT('',(-19.0029183114272,31.302665432424,1.00030208991596));
#7697=CARTESIAN_POINT('',(23.730945420513,31.302665432424,1.00030208991596));
#7698=CARTESIAN_POINT('',(-19.0029183114272,13.3677448151115,1.00030208991596));
#7699=CARTESIAN_POINT('',(-19.0029183114272,0.,1.00030208991596));
#7700=CARTESIAN_POINT('',(23.730945420513,13.3677448151115,1.00030208991596));
#7701=CARTESIAN_POINT('Origin',(23.730945420513,31.302665432424,1.00030208991596));
#7702=CARTESIAN_POINT('',(20.8648091524532,13.3677448151115,1.00030208991596));
#7703=CARTESIAN_POINT('',(23.730945420513,13.3677448151115,1.00030208991596));
#7704=CARTESIAN_POINT('',(20.8648091524532,31.302665432424,1.00030208991596));
#7705=CARTESIAN_POINT('',(20.8648091524532,0.,1.00030208991596));
#7706=CARTESIAN_POINT('',(23.730945420513,31.302665432424,1.00030208991596));
#7707=CARTESIAN_POINT('Origin',(23.730945420513,13.3677448151115,2.62544107364603));
#7708=CARTESIAN_POINT('',(-19.069054579487,11.7426058313814,2.62544107364603));
#7709=CARTESIAN_POINT('Ctrl Pts',(-19.069054579487,11.7426058313814,2.62544107364603));
#7710=CARTESIAN_POINT('Ctrl Pts',(-19.069054579487,11.7426058313814,2.42128855910727));
#7711=CARTESIAN_POINT('Ctrl Pts',(-19.0656081567479,11.7834241775076,2.20358953818922));
#7712=CARTESIAN_POINT('Ctrl Pts',(-19.0531497168313,11.949303639582,1.80321529665603));
#7713=CARTESIAN_POINT('Ctrl Pts',(-19.0443150876624,12.0743597818965,1.62053251532869));
#7714=CARTESIAN_POINT('Ctrl Pts',(-19.0277125565596,12.3628364701462,1.33205582707895));
#7715=CARTESIAN_POINT('Ctrl Pts',(-19.0188651665377,12.545519157124,1.20699985009516));
#7716=CARTESIAN_POINT('Ctrl Pts',(-19.0063775279294,12.9458930864359,1.04112051481213));
#7717=CARTESIAN_POINT('Ctrl Pts',(-19.0029183114272,13.1635919985975,1.00030208991596));
#7718=CARTESIAN_POINT('Ctrl Pts',(-19.0029183114272,13.3677448151115,1.00030208991596));
#7719=CARTESIAN_POINT('',(-19.0029183114272,13.3677448151115,4.2505800573761));
#7720=CARTESIAN_POINT('Ctrl Pts',(-19.0029183114272,13.3677448151115,4.2505800573761));
#7721=CARTESIAN_POINT('Ctrl Pts',(-19.0029183114272,13.1635919985975,4.2505800573761));
#7722=CARTESIAN_POINT('Ctrl Pts',(-19.0063775279294,12.9458930864359,4.20976163247993));
#7723=CARTESIAN_POINT('Ctrl Pts',(-19.0188651665377,12.545519157124,4.0438822971969));
#7724=CARTESIAN_POINT('Ctrl Pts',(-19.0277125565596,12.3628364701462,3.91882632021311));
#7725=CARTESIAN_POINT('Ctrl Pts',(-19.0443150876624,12.0743597818965,3.63034963196337));
#7726=CARTESIAN_POINT('Ctrl Pts',(-19.0531497168313,11.949303639582,3.44766685063603));
#7727=CARTESIAN_POINT('Ctrl Pts',(-19.0656081567479,11.7834241775076,3.04729260910284));
#7728=CARTESIAN_POINT('Ctrl Pts',(-19.069054579487,11.7426058313814,2.82959358818479));
#7729=CARTESIAN_POINT('Ctrl Pts',(-19.069054579487,11.7426058313814,2.62544107364603));
#7730=CARTESIAN_POINT('',(23.730945420513,13.3677448151115,4.2505800573761));
#7731=CARTESIAN_POINT('Origin',(23.730945420513,31.302665432424,2.62544107364603));
#7732=CARTESIAN_POINT('',(-19.0029183114272,31.302665432424,4.2505800573761));
#7733=CARTESIAN_POINT('',(23.730945420513,31.302665432424,4.2505800573761));
#7734=CARTESIAN_POINT('',(-19.069054579487,32.9278044161541,2.62544107364603));
#7735=CARTESIAN_POINT('Ctrl Pts',(-19.069054579487,32.9278044161541,2.62544107364603));
#7736=CARTESIAN_POINT('Ctrl Pts',(-19.069054579487,32.9278044161541,2.82959358818479));
#7737=CARTESIAN_POINT('Ctrl Pts',(-19.0656081567479,32.8869860700279,3.04729260910284));
#7738=CARTESIAN_POINT('Ctrl Pts',(-19.0531497168313,32.7211066079535,3.44766685063603));
#7739=CARTESIAN_POINT('Ctrl Pts',(-19.0443150876624,32.596050465639,3.63034963196337));
#7740=CARTESIAN_POINT('Ctrl Pts',(-19.0277125565596,32.3075737773893,3.91882632021311));
#7741=CARTESIAN_POINT('Ctrl Pts',(-19.0188651665377,32.1248910904115,4.04388229719691));
#7742=CARTESIAN_POINT('Ctrl Pts',(-19.0063775279294,31.7245171610996,4.20976163247994));
#7743=CARTESIAN_POINT('Ctrl Pts',(-19.0029183114272,31.506818248938,4.2505800573761));
#7744=CARTESIAN_POINT('Ctrl Pts',(-19.0029183114272,31.302665432424,4.2505800573761));
#7745=CARTESIAN_POINT('Ctrl Pts',(-19.0029183114272,31.302665432424,1.00030208991596));
#7746=CARTESIAN_POINT('Ctrl Pts',(-19.0029183114272,31.506818248938,1.00030208991596));
#7747=CARTESIAN_POINT('Ctrl Pts',(-19.0063775279294,31.7245171610996,1.04112051481213));
#7748=CARTESIAN_POINT('Ctrl Pts',(-19.0188651665377,32.1248910904115,1.20699985009516));
#7749=CARTESIAN_POINT('Ctrl Pts',(-19.0277125565596,32.3075737773893,1.33205582707895));
#7750=CARTESIAN_POINT('Ctrl Pts',(-19.0443150876624,32.596050465639,1.62053251532869));
#7751=CARTESIAN_POINT('Ctrl Pts',(-19.0531497168313,32.7211066079535,1.80321529665603));
#7752=CARTESIAN_POINT('Ctrl Pts',(-19.0656081567479,32.8869860700279,2.20358953818922));
#7753=CARTESIAN_POINT('Ctrl Pts',(-19.069054579487,32.9278044161541,2.42128855910727));
#7754=CARTESIAN_POINT('Ctrl Pts',(-19.069054579487,32.9278044161541,2.62544107364603));
#7755=CARTESIAN_POINT('Origin',(23.730945420513,31.302665432424,2.62544107364603));
#7756=CARTESIAN_POINT('',(20.8648091524532,31.302665432424,4.2505800573761));
#7757=CARTESIAN_POINT('Ctrl Pts',(20.8648091524532,31.302665432424,4.2505800573761));
#7758=CARTESIAN_POINT('Ctrl Pts',(20.8648091524532,31.506818248938,4.2505800573761));
#7759=CARTESIAN_POINT('Ctrl Pts',(20.8682683689553,31.7245171610996,4.20976163247994));
#7760=CARTESIAN_POINT('Ctrl Pts',(20.8807560075636,32.1248910904115,4.04388229719691));
#7761=CARTESIAN_POINT('Ctrl Pts',(20.8896033975856,32.3075737773893,3.91882632021311));
#7762=CARTESIAN_POINT('Ctrl Pts',(20.9062059286883,32.596050465639,3.63034963196337));
#7763=CARTESIAN_POINT('Ctrl Pts',(20.9150405578572,32.7211066079535,3.44766685063603));
#7764=CARTESIAN_POINT('Ctrl Pts',(20.9274989977738,32.8869860700279,3.04729260910284));
#7765=CARTESIAN_POINT('Ctrl Pts',(20.930945420513,32.9278044161541,2.82959358818479));
#7766=CARTESIAN_POINT('Ctrl Pts',(20.930945420513,32.9278044161541,2.42128855910727));
#7767=CARTESIAN_POINT('Ctrl Pts',(20.9274989977738,32.8869860700279,2.20358953818922));
#7768=CARTESIAN_POINT('Ctrl Pts',(20.9150405578572,32.7211066079535,1.80321529665603));
#7769=CARTESIAN_POINT('Ctrl Pts',(20.9062059286883,32.596050465639,1.62053251532869));
#7770=CARTESIAN_POINT('Ctrl Pts',(20.8896033975856,32.3075737773893,1.33205582707895));
#7771=CARTESIAN_POINT('Ctrl Pts',(20.8807560075636,32.1248910904115,1.20699985009516));
#7772=CARTESIAN_POINT('Ctrl Pts',(20.8682683689553,31.7245171610996,1.04112051481213));
#7773=CARTESIAN_POINT('Ctrl Pts',(20.8648091524532,31.506818248938,1.00030208991596));
#7774=CARTESIAN_POINT('Ctrl Pts',(20.8648091524532,31.302665432424,1.00030208991596));
#7775=CARTESIAN_POINT('',(23.730945420513,31.302665432424,4.2505800573761));
#7776=CARTESIAN_POINT('Origin',(23.730945420513,13.3677448151115,4.2505800573761));
#7777=CARTESIAN_POINT('',(-19.0029183114272,0.,4.2505800573761));
#7778=CARTESIAN_POINT('Origin',(23.730945420513,13.3677448151115,4.2505800573761));
#7779=CARTESIAN_POINT('',(20.8648091524532,13.3677448151115,4.2505800573761));
#7780=CARTESIAN_POINT('',(20.8648091524532,0.,4.2505800573761));
#7781=CARTESIAN_POINT('',(23.730945420513,13.3677448151115,4.2505800573761));
#7782=CARTESIAN_POINT('Origin',(23.730945420513,13.3677448151115,2.62544107364603));
#7783=CARTESIAN_POINT('Ctrl Pts',(20.8648091524532,13.3677448151115,1.00030208991596));
#7784=CARTESIAN_POINT('Ctrl Pts',(20.8648091524532,13.1635919985975,1.00030208991596));
#7785=CARTESIAN_POINT('Ctrl Pts',(20.8682683689553,12.9458930864359,1.04112051481213));
#7786=CARTESIAN_POINT('Ctrl Pts',(20.8807560075636,12.545519157124,1.20699985009516));
#7787=CARTESIAN_POINT('Ctrl Pts',(20.8896033975856,12.3628364701462,1.33205582707895));
#7788=CARTESIAN_POINT('Ctrl Pts',(20.9062059286883,12.0743597818965,1.62053251532869));
#7789=CARTESIAN_POINT('Ctrl Pts',(20.9150405578572,11.949303639582,1.80321529665603));
#7790=CARTESIAN_POINT('Ctrl Pts',(20.9274989977738,11.7834241775076,2.20358953818922));
#7791=CARTESIAN_POINT('Ctrl Pts',(20.930945420513,11.7426058313814,2.42128855910727));
#7792=CARTESIAN_POINT('Ctrl Pts',(20.930945420513,11.7426058313814,2.82959358818479));
#7793=CARTESIAN_POINT('Ctrl Pts',(20.9274989977738,11.7834241775076,3.04729260910284));
#7794=CARTESIAN_POINT('Ctrl Pts',(20.9150405578572,11.949303639582,3.44766685063603));
#7795=CARTESIAN_POINT('Ctrl Pts',(20.9062059286883,12.0743597818965,3.63034963196337));
#7796=CARTESIAN_POINT('Ctrl Pts',(20.8896033975856,12.3628364701462,3.91882632021311));
#7797=CARTESIAN_POINT('Ctrl Pts',(20.8807560075636,12.545519157124,4.0438822971969));
#7798=CARTESIAN_POINT('Ctrl Pts',(20.8682683689553,12.9458930864359,4.20976163247993));
#7799=CARTESIAN_POINT('Ctrl Pts',(20.8648091524532,13.1635919985975,4.2505800573761));
#7800=CARTESIAN_POINT('Ctrl Pts',(20.8648091524532,13.3677448151115,4.2505800573761));
#7801=CARTESIAN_POINT('Origin',(0.930945420512955,48.,2.62544107364603));
#7802=CARTESIAN_POINT('Origin',(0.930945420512955,0.,2.62544107364603));
#7803=CARTESIAN_POINT('',(-19.069054579487,0.,2.62544107364603));
#7804=CARTESIAN_POINT('Origin',(0.930945420512955,0.,2.62544107364603));
#7805=CARTESIAN_POINT('Origin',(0.930945420512955,0.,2.62544107364603));
#7806=CARTESIAN_POINT('',(-19.069054579487,0.,2.62544107364603));
#7807=CARTESIAN_POINT('',(-19.069054579487,0.,2.62544107364603));
#7808=UNCERTAINTY_MEASURE_WITH_UNIT(LENGTH_MEASURE(0.01),#7812,
'DISTANCE_ACCURACY_VALUE',
'Maximum model space distance between geometric entities at asserted c
onnectivities');
#7809=UNCERTAINTY_MEASURE_WITH_UNIT(LENGTH_MEASURE(0.01),#7812,
'DISTANCE_ACCURACY_VALUE',
'Maximum model space distance between geometric entities at asserted c
onnectivities');
#7810=(
GEOMETRIC_REPRESENTATION_CONTEXT(3)
GLOBAL_UNCERTAINTY_ASSIGNED_CONTEXT((#7808))
GLOBAL_UNIT_ASSIGNED_CONTEXT((#7812,#7814,#7815))
REPRESENTATION_CONTEXT('','3D')
);
#7811=(
GEOMETRIC_REPRESENTATION_CONTEXT(3)
GLOBAL_UNCERTAINTY_ASSIGNED_CONTEXT((#7809))
GLOBAL_UNIT_ASSIGNED_CONTEXT((#7812,#7814,#7815))
REPRESENTATION_CONTEXT('','3D')
);
#7812=(
LENGTH_UNIT()
NAMED_UNIT(*)
SI_UNIT(.MILLI.,.METRE.)
);
#7813=(
LENGTH_UNIT()
NAMED_UNIT(*)
SI_UNIT($,.METRE.)
);
#7814=(
NAMED_UNIT(*)
PLANE_ANGLE_UNIT()
SI_UNIT($,.RADIAN.)
);
#7815=(
NAMED_UNIT(*)
SI_UNIT($,.STERADIAN.)
SOLID_ANGLE_UNIT()
);
#7816=SHAPE_DEFINITION_REPRESENTATION(#7817,#7818);
#7817=PRODUCT_DEFINITION_SHAPE('',$,#7820);
#7818=SHAPE_REPRESENTATION('',(#4268),#7810);
#7819=PRODUCT_DEFINITION_CONTEXT('part definition',#7824,'design');
#7820=PRODUCT_DEFINITION('2026-07-13-09-16-08-513','Drainer',#7821,#7819);
#7821=PRODUCT_DEFINITION_FORMATION('',$,#7826);
#7822=PRODUCT_RELATED_PRODUCT_CATEGORY('Drainer','Drainer',(#7826));
#7823=APPLICATION_PROTOCOL_DEFINITION('international standard',
'automotive_design',2009,#7824);
#7824=APPLICATION_CONTEXT(
'Core Data for Automotive Mechanical Design Process');
#7825=PRODUCT_CONTEXT('part definition',#7824,'mechanical');
#7826=PRODUCT('2026-07-13-09-16-08-513','Drainer',$,(#7825));
#7827=PRESENTATION_STYLE_ASSIGNMENT((#7830));
#7828=PRESENTATION_STYLE_ASSIGNMENT((#7831));
#7829=PRESENTATION_STYLE_ASSIGNMENT((#7832));
#7830=SURFACE_STYLE_USAGE(.BOTH.,#7833);
#7831=SURFACE_STYLE_USAGE(.BOTH.,#7834);
#7832=SURFACE_STYLE_USAGE(.BOTH.,#7835);
#7833=SURFACE_SIDE_STYLE('',(#7836));
#7834=SURFACE_SIDE_STYLE('',(#7837));
#7835=SURFACE_SIDE_STYLE('',(#7838));
#7836=SURFACE_STYLE_FILL_AREA(#7839);
#7837=SURFACE_STYLE_FILL_AREA(#7840);
#7838=SURFACE_STYLE_FILL_AREA(#7841);
#7839=FILL_AREA_STYLE('Steel - Satin',(#7842));
#7840=FILL_AREA_STYLE('Paek (Beige)',(#7843));
#7841=FILL_AREA_STYLE(
'PA 12 - Nylon - PA 603-CF (with EOS P 3D Printers)',(#7844));
#7842=FILL_AREA_STYLE_COLOUR('Steel - Satin',#7845);
#7843=FILL_AREA_STYLE_COLOUR('Paek (Beige)',#7846);
#7844=FILL_AREA_STYLE_COLOUR(
'PA 12 - Nylon - PA 603-CF (with EOS P 3D Printers)',#7847);
#7845=COLOUR_RGB('Steel - Satin',0.627450980392157,0.627450980392157,0.627450980392157);
#7846=COLOUR_RGB('Paek (Beige)',0.898039215686275,0.792156862745098,0.619607843137255);
#7847=COLOUR_RGB('PA 12 - Nylon - PA 603-CF (with EOS P 3D Printers)',0.247058823529412,
0.247058823529412,0.247058823529412);
ENDSEC;
END-ISO-10303-21;
